image,tp_base,fp_base,fn_base,tp_dino,fp_dino,fn_dino,gain
/Users/shravach/Documents/IISc/4th sem/Intelligent ui/datasets/VOC/images/test2007/000001.jpg,2,0,0,2,0,0,0
/Users/shravach/Documents/IISc/4th sem/Intelligent ui/datasets/VOC/images/test2007/000002.jpg,1,0,0,1,0,0,0
/Users/shravach/Documents/IISc/4th sem/Intelligent ui/datasets/VOC/images/test2007/000003.jpg,0,0,2,0,0,2,0
/Users/shravach/Documents/IISc/4th sem/Intelligent ui/datasets/VOC/images/test2007/000004.jpg,7,0,0,7,2,0,-2
/Users/shravach/Documents/IISc/4th sem/Intelligent ui/datasets/VOC/images/test2007/000006.jpg,3,1,1,3,3,1,-2
/Users/shravach/Documents/IISc/4th sem/Intelligent ui/datasets/VOC/images/test2007/000008.jpg,1,0,0,1,0,0,0
/Users/shravach/Documents/IISc/4th sem/Intelligent ui/datasets/VOC/images/test2007/000010.jpg,2,1,0,2,0,0,1
/Users/shravach/Documents/IISc/4th sem/Intelligent ui/datasets/VOC/images/test2007/000011.jpg,1,2,0,1,0,0,2
/Users/shravach/Documents/IISc/4th sem/Intelligent ui/datasets/VOC/images/test2007/000013.jpg,1,0,0,1,0,0,0
/Users/shravach/Documents/IISc/4th sem/Intelligent ui/datasets/VOC/images/test2007/000014.jpg,3,2,3,4,1,2,2
/Users/shravach/Documents/IISc/4th sem/Intelligent ui/datasets/VOC/images/test2007/000015.jpg,1,0,0,1,0,0,0
/Users/shravach/Documents/IISc/4th sem/Intelligent ui/datasets/VOC/images/test2007/000018.jpg,1,0,0,1,0,0,0
/Users/shravach/Documents/IISc/4th sem/Intelligent ui/datasets/VOC/images/test2007/000022.jpg,2,0,0,2,0,0,0
/Users/shravach/Documents/IISc/4th sem/Intelligent ui/datasets/VOC/images/test2007/000025.jpg,6,4,4,7,3,3,2
/Users/shravach/Documents/IISc/4th sem/Intelligent ui/datasets/VOC/images/test2007/000027.jpg,1,0,0,1,0,0,0
/Users/shravach/Documents/IISc/4th sem/Intelligent ui/datasets/VOC/images/test2007/000028.jpg,1,0,0,1,0,0,0
/Users/shravach/Documents/IISc/4th sem/Intelligent ui/datasets/VOC/images/test2007/000029.jpg,1,0,0,1,0,0,0
/Users/shravach/Documents/IISc/4th sem/Intelligent ui/datasets/VOC/images/test2007/000031.jpg,1,0,0,1,0,0,0
/Users/shravach/Documents/IISc/4th sem/Intelligent ui/datasets/VOC/images/test2007/000037.jpg,1,0,0,1,0,0,0
/Users/shravach/Documents/IISc/4th sem/Intelligent ui/datasets/VOC/images/test2007/000038.jpg,3,0,0,3,0,0,0
/Users/shravach/Documents/IISc/4th sem/Intelligent ui/datasets/VOC/images/test2007/000040.jpg,1,0,0,1,0,0,0
/Users/shravach/Documents/IISc/4th sem/Intelligent ui/datasets/VOC/images/test2007/000043.jpg,2,1,1,2,2,1,-1
/Users/shravach/Documents/IISc/4th sem/Intelligent ui/datasets/VOC/images/test2007/000045.jpg,1,1,0,1,1,0,0
/Users/shravach/Documents/IISc/4th sem/Intelligent ui/datasets/VOC/images/test2007/000049.jpg,1,0,0,1,0,0,0
/Users/shravach/Documents/IISc/4th sem/Intelligent ui/datasets/VOC/images/test2007/000053.jpg,1,0,0,1,0,0,0
/Users/shravach/Documents/IISc/4th sem/Intelligent ui/datasets/VOC/images/test2007/000054.jpg,1,0,0,1,0,0,0
/Users/shravach/Documents/IISc/4th sem/Intelligent ui/datasets/VOC/images/test2007/000055.jpg,1,0,2,0,3,3,-4
/Users/shravach/Documents/IISc/4th sem/Intelligent ui/datasets/VOC/images/test2007/000056.jpg,1,0,0,1,0,0,0
/Users/shravach/Documents/IISc/4th sem/Intelligent ui/datasets/VOC/images/test2007/000057.jpg,1,0,0,1,0,0,0
/Users/shravach/Documents/IISc/4th sem/Intelligent ui/datasets/VOC/images/test2007/000058.jpg,4,2,0,4,2,0,0
/Users/shravach/Documents/IISc/4th sem/Intelligent ui/datasets/VOC/images/test2007/000059.jpg,5,1,0,5,3,0,-2
/Users/shravach/Documents/IISc/4th sem/Intelligent ui/datasets/VOC/images/test2007/000062.jpg,1,0,0,1,0,0,0
/Users/shravach/Documents/IISc/4th sem/Intelligent ui/datasets/VOC/images/test2007/000067.jpg,1,0,0,1,0,0,0
/Users/shravach/Documents/IISc/4th sem/Intelligent ui/datasets/VOC/images/test2007/000068.jpg,0,1,1,1,0,0,2
/Users/shravach/Documents/IISc/4th sem/Intelligent ui/datasets/VOC/images/test2007/000069.jpg,2,0,0,2,0,0,0
/Users/shravach/Documents/IISc/4th sem/Intelligent ui/datasets/VOC/images/test2007/000070.jpg,0,2,1,0,2,1,0
/Users/shravach/Documents/IISc/4th sem/Intelligent ui/datasets/VOC/images/test2007/000071.jpg,1,0,0,1,0,0,0
/Users/shravach/Documents/IISc/4th sem/Intelligent ui/datasets/VOC/images/test2007/000074.jpg,1,2,0,1,0,0,2
/Users/shravach/Documents/IISc/4th sem/Intelligent ui/datasets/VOC/images/test2007/000075.jpg,1,0,0,1,0,0,0
/Users/shravach/Documents/IISc/4th sem/Intelligent ui/datasets/VOC/images/test2007/000076.jpg,9,1,2,9,0,2,1
/Users/shravach/Documents/IISc/4th sem/Intelligent ui/datasets/VOC/images/test2007/000079.jpg,1,0,0,1,0,0,0
/Users/shravach/Documents/IISc/4th sem/Intelligent ui/datasets/VOC/images/test2007/000080.jpg,2,4,0,2,4,0,0
/Users/shravach/Documents/IISc/4th sem/Intelligent ui/datasets/VOC/images/test2007/000082.jpg,2,0,0,2,0,0,0
/Users/shravach/Documents/IISc/4th sem/Intelligent ui/datasets/VOC/images/test2007/000084.jpg,5,1,0,5,1,0,0
/Users/shravach/Documents/IISc/4th sem/Intelligent ui/datasets/VOC/images/test2007/000085.jpg,2,2,0,2,2,0,0
/Users/shravach/Documents/IISc/4th sem/Intelligent ui/datasets/VOC/images/test2007/000086.jpg,1,2,0,1,2,0,0
/Users/shravach/Documents/IISc/4th sem/Intelligent ui/datasets/VOC/images/test2007/000087.jpg,1,0,0,1,0,0,0
/Users/shravach/Documents/IISc/4th sem/Intelligent ui/datasets/VOC/images/test2007/000088.jpg,1,0,0,1,0,0,0
/Users/shravach/Documents/IISc/4th sem/Intelligent ui/datasets/VOC/images/test2007/000090.jpg,2,1,0,1,1,1,-1
/Users/shravach/Documents/IISc/4th sem/Intelligent ui/datasets/VOC/images/test2007/000092.jpg,1,0,0,1,0,0,0
/Users/shravach/Documents/IISc/4th sem/Intelligent ui/datasets/VOC/images/test2007/000094.jpg,1,0,0,1,0,0,0
/Users/shravach/Documents/IISc/4th sem/Intelligent ui/datasets/VOC/images/test2007/000096.jpg,2,0,0,2,0,0,0
/Users/shravach/Documents/IISc/4th sem/Intelligent ui/datasets/VOC/images/test2007/000097.jpg,2,2,1,2,2,1,0
/Users/shravach/Documents/IISc/4th sem/Intelligent ui/datasets/VOC/images/test2007/000098.jpg,1,0,0,1,0,0,0
/Users/shravach/Documents/IISc/4th sem/Intelligent ui/datasets/VOC/images/test2007/000100.jpg,1,0,0,1,0,0,0
/Users/shravach/Documents/IISc/4th sem/Intelligent ui/datasets/VOC/images/test2007/000103.jpg,3,1,0,3,1,0,0
/Users/shravach/Documents/IISc/4th sem/Intelligent ui/datasets/VOC/images/test2007/000105.jpg,2,2,1,3,0,0,3
/Users/shravach/Documents/IISc/4th sem/Intelligent ui/datasets/VOC/images/test2007/000106.jpg,1,1,0,1,2,0,-1
/Users/shravach/Documents/IISc/4th sem/Intelligent ui/datasets/VOC/images/test2007/000108.jpg,3,0,0,3,0,0,0
/Users/shravach/Documents/IISc/4th sem/Intelligent ui/datasets/VOC/images/test2007/000111.jpg,2,6,2,2,5,2,1
/Users/shravach/Documents/IISc/4th sem/Intelligent ui/datasets/VOC/images/test2007/000114.jpg,1,0,0,1,0,0,0
/Users/shravach/Documents/IISc/4th sem/Intelligent ui/datasets/VOC/images/test2007/000115.jpg,1,0,0,1,0,0,0
/Users/shravach/Documents/IISc/4th sem/Intelligent ui/datasets/VOC/images/test2007/000116.jpg,3,1,0,3,3,0,-2
/Users/shravach/Documents/IISc/4th sem/Intelligent ui/datasets/VOC/images/test2007/000119.jpg,1,0,0,1,0,0,0
/Users/shravach/Documents/IISc/4th sem/Intelligent ui/datasets/VOC/images/test2007/000124.jpg,4,2,0,4,1,0,1
/Users/shravach/Documents/IISc/4th sem/Intelligent ui/datasets/VOC/images/test2007/000126.jpg,0,12,1,0,14,1,-2
/Users/shravach/Documents/IISc/4th sem/Intelligent ui/datasets/VOC/images/test2007/000127.jpg,1,1,2,2,2,1,0
/Users/shravach/Documents/IISc/4th sem/Intelligent ui/datasets/VOC/images/test2007/000128.jpg,0,3,1,1,3,0,1
/Users/shravach/Documents/IISc/4th sem/Intelligent ui/datasets/VOC/images/test2007/000135.jpg,1,0,0,1,0,0,0
/Users/shravach/Documents/IISc/4th sem/Intelligent ui/datasets/VOC/images/test2007/000136.jpg,1,0,0,1,0,0,0
/Users/shravach/Documents/IISc/4th sem/Intelligent ui/datasets/VOC/images/test2007/000137.jpg,1,2,0,1,0,0,2
/Users/shravach/Documents/IISc/4th sem/Intelligent ui/datasets/VOC/images/test2007/000139.jpg,3,0,0,3,0,0,0
/Users/shravach/Documents/IISc/4th sem/Intelligent ui/datasets/VOC/images/test2007/000144.jpg,6,2,1,7,0,0,3
/Users/shravach/Documents/IISc/4th sem/Intelligent ui/datasets/VOC/images/test2007/000145.jpg,1,1,0,1,1,0,0
/Users/shravach/Documents/IISc/4th sem/Intelligent ui/datasets/VOC/images/test2007/000148.jpg,1,0,0,1,0,0,0
/Users/shravach/Documents/IISc/4th sem/Intelligent ui/datasets/VOC/images/test2007/000149.jpg,1,0,0,1,0,0,0
/Users/shravach/Documents/IISc/4th sem/Intelligent ui/datasets/VOC/images/test2007/000151.jpg,1,2,1,2,0,0,3
/Users/shravach/Documents/IISc/4th sem/Intelligent ui/datasets/VOC/images/test2007/000152.jpg,4,0,0,4,0,0,0
/Users/shravach/Documents/IISc/4th sem/Intelligent ui/datasets/VOC/images/test2007/000155.jpg,0,0,5,2,0,3,2
/Users/shravach/Documents/IISc/4th sem/Intelligent ui/datasets/VOC/images/test2007/000157.jpg,0,3,2,2,1,0,4
/Users/shravach/Documents/IISc/4th sem/Intelligent ui/datasets/VOC/images/test2007/000160.jpg,1,1,0,1,1,0,0
/Users/shravach/Documents/IISc/4th sem/Intelligent ui/datasets/VOC/images/test2007/000166.jpg,5,2,1,6,3,0,0
/Users/shravach/Documents/IISc/4th sem/Intelligent ui/datasets/VOC/images/test2007/000167.jpg,1,0,0,1,0,0,0
/Users/shravach/Documents/IISc/4th sem/Intelligent ui/datasets/VOC/images/test2007/000168.jpg,2,0,0,2,0,0,0
/Users/shravach/Documents/IISc/4th sem/Intelligent ui/datasets/VOC/images/test2007/000172.jpg,1,0,0,1,0,0,0
/Users/shravach/Documents/IISc/4th sem/Intelligent ui/datasets/VOC/images/test2007/000175.jpg,1,1,0,1,1,0,0
/Users/shravach/Documents/IISc/4th sem/Intelligent ui/datasets/VOC/images/test2007/000176.jpg,3,0,1,4,1,0,0
/Users/shravach/Documents/IISc/4th sem/Intelligent ui/datasets/VOC/images/test2007/000178.jpg,5,7,1,5,5,1,2
/Users/shravach/Documents/IISc/4th sem/Intelligent ui/datasets/VOC/images/test2007/000179.jpg,3,1,1,2,3,2,-3
/Users/shravach/Documents/IISc/4th sem/Intelligent ui/datasets/VOC/images/test2007/000181.jpg,2,3,1,2,6,1,-3
/Users/shravach/Documents/IISc/4th sem/Intelligent ui/datasets/VOC/images/test2007/000182.jpg,1,1,0,1,1,0,0
/Users/shravach/Documents/IISc/4th sem/Intelligent ui/datasets/VOC/images/test2007/000183.jpg,1,0,0,1,0,0,0
/Users/shravach/Documents/IISc/4th sem/Intelligent ui/datasets/VOC/images/test2007/000185.jpg,2,0,1,2,1,1,-1
/Users/shravach/Documents/IISc/4th sem/Intelligent ui/datasets/VOC/images/test2007/000186.jpg,1,0,0,1,0,0,0
/Users/shravach/Documents/IISc/4th sem/Intelligent ui/datasets/VOC/images/test2007/000188.jpg,4,3,0,4,4,0,-1
/Users/shravach/Documents/IISc/4th sem/Intelligent ui/datasets/VOC/images/test2007/000191.jpg,6,0,0,6,0,0,0
/Users/shravach/Documents/IISc/4th sem/Intelligent ui/datasets/VOC/images/test2007/000195.jpg,1,0,0,1,0,0,0
/Users/shravach/Documents/IISc/4th sem/Intelligent ui/datasets/VOC/images/test2007/000196.jpg,3,1,1,3,1,1,0
/Users/shravach/Documents/IISc/4th sem/Intelligent ui/datasets/VOC/images/test2007/000197.jpg,1,0,0,1,0,0,0
/Users/shravach/Documents/IISc/4th sem/Intelligent ui/datasets/VOC/images/test2007/000199.jpg,1,0,0,1,0,0,0
/Users/shravach/Documents/IISc/4th sem/Intelligent ui/datasets/VOC/images/test2007/000201.jpg,2,4,3,4,2,1,4
/Users/shravach/Documents/IISc/4th sem/Intelligent ui/datasets/VOC/images/test2007/000202.jpg,2,1,0,2,1,0,0
/Users/shravach/Documents/IISc/4th sem/Intelligent ui/datasets/VOC/images/test2007/000204.jpg,1,0,0,1,0,0,0
/Users/shravach/Documents/IISc/4th sem/Intelligent ui/datasets/VOC/images/test2007/000205.jpg,2,1,1,3,3,0,-1
/Users/shravach/Documents/IISc/4th sem/Intelligent ui/datasets/VOC/images/test2007/000206.jpg,1,1,0,1,1,0,0
/Users/shravach/Documents/IISc/4th sem/Intelligent ui/datasets/VOC/images/test2007/000212.jpg,8,10,2,8,6,2,4
/Users/shravach/Documents/IISc/4th sem/Intelligent ui/datasets/VOC/images/test2007/000213.jpg,1,0,0,1,0,0,0
/Users/shravach/Documents/IISc/4th sem/Intelligent ui/datasets/VOC/images/test2007/000216.jpg,1,0,0,1,0,0,0
/Users/shravach/Documents/IISc/4th sem/Intelligent ui/datasets/VOC/images/test2007/000217.jpg,2,0,4,4,1,2,1
/Users/shravach/Documents/IISc/4th sem/Intelligent ui/datasets/VOC/images/test2007/000223.jpg,1,1,0,1,1,0,0
/Users/shravach/Documents/IISc/4th sem/Intelligent ui/datasets/VOC/images/test2007/000226.jpg,5,2,1,6,5,0,-2
/Users/shravach/Documents/IISc/4th sem/Intelligent ui/datasets/VOC/images/test2007/000227.jpg,2,0,0,2,0,0,0
/Users/shravach/Documents/IISc/4th sem/Intelligent ui/datasets/VOC/images/test2007/000230.jpg,2,0,0,2,0,0,0
/Users/shravach/Documents/IISc/4th sem/Intelligent ui/datasets/VOC/images/test2007/000231.jpg,2,0,0,2,0,0,0
/Users/shravach/Documents/IISc/4th sem/Intelligent ui/datasets/VOC/images/test2007/000234.jpg,3,5,1,4,1,0,5
/Users/shravach/Documents/IISc/4th sem/Intelligent ui/datasets/VOC/images/test2007/000237.jpg,2,1,0,2,0,0,1
/Users/shravach/Documents/IISc/4th sem/Intelligent ui/datasets/VOC/images/test2007/000238.jpg,2,0,0,2,0,0,0
/Users/shravach/Documents/IISc/4th sem/Intelligent ui/datasets/VOC/images/test2007/000239.jpg,3,4,0,3,2,0,2
/Users/shravach/Documents/IISc/4th sem/Intelligent ui/datasets/VOC/images/test2007/000240.jpg,6,1,1,5,1,2,-1
/Users/shravach/Documents/IISc/4th sem/Intelligent ui/datasets/VOC/images/test2007/000243.jpg,1,0,0,1,0,0,0
/Users/shravach/Documents/IISc/4th sem/Intelligent ui/datasets/VOC/images/test2007/000247.jpg,3,0,0,3,0,0,0
/Users/shravach/Documents/IISc/4th sem/Intelligent ui/datasets/VOC/images/test2007/000248.jpg,2,0,0,2,0,0,0
/Users/shravach/Documents/IISc/4th sem/Intelligent ui/datasets/VOC/images/test2007/000252.jpg,2,0,1,2,0,1,0
/Users/shravach/Documents/IISc/4th sem/Intelligent ui/datasets/VOC/images/test2007/000253.jpg,1,0,0,1,0,0,0
/Users/shravach/Documents/IISc/4th sem/Intelligent ui/datasets/VOC/images/test2007/000254.jpg,3,0,0,3,0,0,0
/Users/shravach/Documents/IISc/4th sem/Intelligent ui/datasets/VOC/images/test2007/000255.jpg,1,0,0,1,0,0,0
/Users/shravach/Documents/IISc/4th sem/Intelligent ui/datasets/VOC/images/test2007/000258.jpg,2,1,0,2,1,0,0
/Users/shravach/Documents/IISc/4th sem/Intelligent ui/datasets/VOC/images/test2007/000260.jpg,2,1,0,2,1,0,0
/Users/shravach/Documents/IISc/4th sem/Intelligent ui/datasets/VOC/images/test2007/000261.jpg,1,0,1,1,0,1,0
/Users/shravach/Documents/IISc/4th sem/Intelligent ui/datasets/VOC/images/test2007/000264.jpg,2,0,0,2,0,0,0
/Users/shravach/Documents/IISc/4th sem/Intelligent ui/datasets/VOC/images/test2007/000265.jpg,5,2,1,5,0,1,2
/Users/shravach/Documents/IISc/4th sem/Intelligent ui/datasets/VOC/images/test2007/000267.jpg,1,0,0,1,0,0,0
/Users/shravach/Documents/IISc/4th sem/Intelligent ui/datasets/VOC/images/test2007/000271.jpg,2,2,1,3,1,0,2
/Users/shravach/Documents/IISc/4th sem/Intelligent ui/datasets/VOC/images/test2007/000272.jpg,1,1,0,1,1,0,0
/Users/shravach/Documents/IISc/4th sem/Intelligent ui/datasets/VOC/images/test2007/000273.jpg,1,0,0,1,0,0,0
/Users/shravach/Documents/IISc/4th sem/Intelligent ui/datasets/VOC/images/test2007/000274.jpg,1,0,0,1,0,0,0
/Users/shravach/Documents/IISc/4th sem/Intelligent ui/datasets/VOC/images/test2007/000277.jpg,1,1,0,1,0,0,1
/Users/shravach/Documents/IISc/4th sem/Intelligent ui/datasets/VOC/images/test2007/000279.jpg,3,1,0,3,1,0,0
/Users/shravach/Documents/IISc/4th sem/Intelligent ui/datasets/VOC/images/test2007/000280.jpg,4,2,1,4,4,1,-2
/Users/shravach/Documents/IISc/4th sem/Intelligent ui/datasets/VOC/images/test2007/000281.jpg,1,0,0,1,0,0,0
/Users/shravach/Documents/IISc/4th sem/Intelligent ui/datasets/VOC/images/test2007/000283.jpg,4,1,0,4,0,0,1
/Users/shravach/Documents/IISc/4th sem/Intelligent ui/datasets/VOC/images/test2007/000284.jpg,1,1,0,1,1,0,0
/Users/shravach/Documents/IISc/4th sem/Intelligent ui/datasets/VOC/images/test2007/000286.jpg,2,0,0,2,0,0,0
/Users/shravach/Documents/IISc/4th sem/Intelligent ui/datasets/VOC/images/test2007/000287.jpg,1,1,1,1,1,1,0
/Users/shravach/Documents/IISc/4th sem/Intelligent ui/datasets/VOC/images/test2007/000290.jpg,1,1,0,1,0,0,1
/Users/shravach/Documents/IISc/4th sem/Intelligent ui/datasets/VOC/images/test2007/000291.jpg,2,0,2,2,0,2,0
/Users/shravach/Documents/IISc/4th sem/Intelligent ui/datasets/VOC/images/test2007/000292.jpg,1,0,0,1,0,0,0
/Users/shravach/Documents/IISc/4th sem/Intelligent ui/datasets/VOC/images/test2007/000293.jpg,5,2,1,5,2,1,0
/Users/shravach/Documents/IISc/4th sem/Intelligent ui/datasets/VOC/images/test2007/000295.jpg,1,0,0,1,1,0,-1
/Users/shravach/Documents/IISc/4th sem/Intelligent ui/datasets/VOC/images/test2007/000297.jpg,2,0,1,2,0,1,0
/Users/shravach/Documents/IISc/4th sem/Intelligent ui/datasets/VOC/images/test2007/000299.jpg,1,3,2,1,1,2,2
/Users/shravach/Documents/IISc/4th sem/Intelligent ui/datasets/VOC/images/test2007/000300.jpg,1,0,0,1,0,0,0
/Users/shravach/Documents/IISc/4th sem/Intelligent ui/datasets/VOC/images/test2007/000301.jpg,2,0,0,2,0,0,0
/Users/shravach/Documents/IISc/4th sem/Intelligent ui/datasets/VOC/images/test2007/000309.jpg,1,0,0,1,0,0,0
/Users/shravach/Documents/IISc/4th sem/Intelligent ui/datasets/VOC/images/test2007/000310.jpg,3,2,1,3,1,1,1
/Users/shravach/Documents/IISc/4th sem/Intelligent ui/datasets/VOC/images/test2007/000313.jpg,7,0,0,7,0,0,0
/Users/shravach/Documents/IISc/4th sem/Intelligent ui/datasets/VOC/images/test2007/000314.jpg,5,5,0,5,5,0,0
/Users/shravach/Documents/IISc/4th sem/Intelligent ui/datasets/VOC/images/test2007/000315.jpg,3,2,0,3,1,0,1
/Users/shravach/Documents/IISc/4th sem/Intelligent ui/datasets/VOC/images/test2007/000316.jpg,1,0,0,1,0,0,0
/Users/shravach/Documents/IISc/4th sem/Intelligent ui/datasets/VOC/images/test2007/000319.jpg,3,1,0,3,1,0,0
/Users/shravach/Documents/IISc/4th sem/Intelligent ui/datasets/VOC/images/test2007/000324.jpg,1,0,0,1,0,0,0
/Users/shravach/Documents/IISc/4th sem/Intelligent ui/datasets/VOC/images/test2007/000326.jpg,0,2,1,1,0,0,3
/Users/shravach/Documents/IISc/4th sem/Intelligent ui/datasets/VOC/images/test2007/000327.jpg,2,1,0,2,1,0,0
/Users/shravach/Documents/IISc/4th sem/Intelligent ui/datasets/VOC/images/test2007/000330.jpg,2,0,0,2,0,0,0
/Users/shravach/Documents/IISc/4th sem/Intelligent ui/datasets/VOC/images/test2007/000333.jpg,0,2,1,0,2,1,0
/Users/shravach/Documents/IISc/4th sem/Intelligent ui/datasets/VOC/images/test2007/000335.jpg,1,0,0,1,0,0,0
/Users/shravach/Documents/IISc/4th sem/Intelligent ui/datasets/VOC/images/test2007/000339.jpg,4,2,1,4,2,1,0
/Users/shravach/Documents/IISc/4th sem/Intelligent ui/datasets/VOC/images/test2007/000341.jpg,6,1,0,6,2,0,-1
/Users/shravach/Documents/IISc/4th sem/Intelligent ui/datasets/VOC/images/test2007/000342.jpg,1,2,0,1,1,0,1
/Users/shravach/Documents/IISc/4th sem/Intelligent ui/datasets/VOC/images/test2007/000345.jpg,1,2,0,1,2,0,0
/Users/shravach/Documents/IISc/4th sem/Intelligent ui/datasets/VOC/images/test2007/000346.jpg,2,0,2,2,1,2,-1
/Users/shravach/Documents/IISc/4th sem/Intelligent ui/datasets/VOC/images/test2007/000348.jpg,4,1,0,4,2,0,-1
/Users/shravach/Documents/IISc/4th sem/Intelligent ui/datasets/VOC/images/test2007/000350.jpg,1,0,0,1,0,0,0
/Users/shravach/Documents/IISc/4th sem/Intelligent ui/datasets/VOC/images/test2007/000351.jpg,1,0,0,1,0,0,0
/Users/shravach/Documents/IISc/4th sem/Intelligent ui/datasets/VOC/images/test2007/000353.jpg,1,2,0,1,4,0,-2
/Users/shravach/Documents/IISc/4th sem/Intelligent ui/datasets/VOC/images/test2007/000356.jpg,2,0,0,2,0,0,0
/Users/shravach/Documents/IISc/4th sem/Intelligent ui/datasets/VOC/images/test2007/000357.jpg,0,1,1,1,0,0,2
/Users/shravach/Documents/IISc/4th sem/Intelligent ui/datasets/VOC/images/test2007/000358.jpg,2,0,0,2,0,0,0
/Users/shravach/Documents/IISc/4th sem/Intelligent ui/datasets/VOC/images/test2007/000360.jpg,1,0,0,1,1,0,-1
/Users/shravach/Documents/IISc/4th sem/Intelligent ui/datasets/VOC/images/test2007/000361.jpg,2,0,0,2,0,0,0
/Users/shravach/Documents/IISc/4th sem/Intelligent ui/datasets/VOC/images/test2007/000362.jpg,1,0,0,1,0,0,0
/Users/shravach/Documents/IISc/4th sem/Intelligent ui/datasets/VOC/images/test2007/000364.jpg,3,2,0,3,2,0,0
/Users/shravach/Documents/IISc/4th sem/Intelligent ui/datasets/VOC/images/test2007/000365.jpg,1,0,0,1,0,0,0
/Users/shravach/Documents/IISc/4th sem/Intelligent ui/datasets/VOC/images/test2007/000366.jpg,3,1,0,3,2,0,-1
/Users/shravach/Documents/IISc/4th sem/Intelligent ui/datasets/VOC/images/test2007/000368.jpg,1,0,0,1,0,0,0
/Users/shravach/Documents/IISc/4th sem/Intelligent ui/datasets/VOC/images/test2007/000369.jpg,4,2,0,4,2,0,0
/Users/shravach/Documents/IISc/4th sem/Intelligent ui/datasets/VOC/images/test2007/000371.jpg,0,1,1,1,0,0,2
/Users/shravach/Documents/IISc/4th sem/Intelligent ui/datasets/VOC/images/test2007/000375.jpg,1,1,0,1,2,0,-1
/Users/shravach/Documents/IISc/4th sem/Intelligent ui/datasets/VOC/images/test2007/000376.jpg,1,0,0,1,0,0,0
/Users/shravach/Documents/IISc/4th sem/Intelligent ui/datasets/VOC/images/test2007/000377.jpg,10,0,1,11,1,0,0
/Users/shravach/Documents/IISc/4th sem/Intelligent ui/datasets/VOC/images/test2007/000378.jpg,2,0,0,2,0,0,0
/Users/shravach/Documents/IISc/4th sem/Intelligent ui/datasets/VOC/images/test2007/000383.jpg,2,0,0,2,0,0,0
/Users/shravach/Documents/IISc/4th sem/Intelligent ui/datasets/VOC/images/test2007/000384.jpg,1,1,0,1,0,0,1
/Users/shravach/Documents/IISc/4th sem/Intelligent ui/datasets/VOC/images/test2007/000385.jpg,2,1,0,2,0,0,1
/Users/shravach/Documents/IISc/4th sem/Intelligent ui/datasets/VOC/images/test2007/000386.jpg,3,1,0,3,0,0,1
/Users/shravach/Documents/IISc/4th sem/Intelligent ui/datasets/VOC/images/test2007/000388.jpg,2,1,0,2,0,0,1
/Users/shravach/Documents/IISc/4th sem/Intelligent ui/datasets/VOC/images/test2007/000389.jpg,1,0,0,1,1,0,-1
/Users/shravach/Documents/IISc/4th sem/Intelligent ui/datasets/VOC/images/test2007/000390.jpg,1,1,0,1,0,0,1
/Users/shravach/Documents/IISc/4th sem/Intelligent ui/datasets/VOC/images/test2007/000392.jpg,2,1,0,2,2,0,-1
/Users/shravach/Documents/IISc/4th sem/Intelligent ui/datasets/VOC/images/test2007/000393.jpg,2,0,0,2,0,0,0
/Users/shravach/Documents/IISc/4th sem/Intelligent ui/datasets/VOC/images/test2007/000397.jpg,4,3,0,3,2,1,0
/Users/shravach/Documents/IISc/4th sem/Intelligent ui/datasets/VOC/images/test2007/000398.jpg,1,0,0,1,0,0,0
/Users/shravach/Documents/IISc/4th sem/Intelligent ui/datasets/VOC/images/test2007/000399.jpg,1,0,0,1,0,0,0
/Users/shravach/Documents/IISc/4th sem/Intelligent ui/datasets/VOC/images/test2007/000401.jpg,2,0,0,2,0,0,0
/Users/shravach/Documents/IISc/4th sem/Intelligent ui/datasets/VOC/images/test2007/000402.jpg,1,2,0,1,1,0,1
/Users/shravach/Documents/IISc/4th sem/Intelligent ui/datasets/VOC/images/test2007/000405.jpg,1,0,0,1,0,0,0
/Users/shravach/Documents/IISc/4th sem/Intelligent ui/datasets/VOC/images/test2007/000409.jpg,0,1,1,1,1,0,1
/Users/shravach/Documents/IISc/4th sem/Intelligent ui/datasets/VOC/images/test2007/000410.jpg,3,1,0,3,1,0,0
/Users/shravach/Documents/IISc/4th sem/Intelligent ui/datasets/VOC/images/test2007/000412.jpg,1,0,1,1,0,1,0
/Users/shravach/Documents/IISc/4th sem/Intelligent ui/datasets/VOC/images/test2007/000413.jpg,2,4,2,3,3,1,2
/Users/shravach/Documents/IISc/4th sem/Intelligent ui/datasets/VOC/images/test2007/000414.jpg,2,2,1,1,1,2,0
/Users/shravach/Documents/IISc/4th sem/Intelligent ui/datasets/VOC/images/test2007/000415.jpg,1,0,0,1,0,0,0
/Users/shravach/Documents/IISc/4th sem/Intelligent ui/datasets/VOC/images/test2007/000418.jpg,1,0,0,1,0,0,0
/Users/shravach/Documents/IISc/4th sem/Intelligent ui/datasets/VOC/images/test2007/000421.jpg,2,0,0,2,0,0,0
/Users/shravach/Documents/IISc/4th sem/Intelligent ui/datasets/VOC/images/test2007/000422.jpg,1,1,0,1,1,0,0
/Users/shravach/Documents/IISc/4th sem/Intelligent ui/datasets/VOC/images/test2007/000423.jpg,2,3,0,2,1,0,2
/Users/shravach/Documents/IISc/4th sem/Intelligent ui/datasets/VOC/images/test2007/000425.jpg,1,0,0,1,0,0,0
/Users/shravach/Documents/IISc/4th sem/Intelligent ui/datasets/VOC/images/test2007/000426.jpg,1,0,0,1,0,0,0
/Users/shravach/Documents/IISc/4th sem/Intelligent ui/datasets/VOC/images/test2007/000429.jpg,2,3,0,1,1,1,1
/Users/shravach/Documents/IISc/4th sem/Intelligent ui/datasets/VOC/images/test2007/000432.jpg,2,0,0,1,2,1,-3
/Users/shravach/Documents/IISc/4th sem/Intelligent ui/datasets/VOC/images/test2007/000434.jpg,2,0,0,2,0,0,0
/Users/shravach/Documents/IISc/4th sem/Intelligent ui/datasets/VOC/images/test2007/000436.jpg,1,1,0,1,0,0,1
/Users/shravach/Documents/IISc/4th sem/Intelligent ui/datasets/VOC/images/test2007/000437.jpg,2,0,0,2,0,0,0
/Users/shravach/Documents/IISc/4th sem/Intelligent ui/datasets/VOC/images/test2007/000440.jpg,1,0,0,1,0,0,0
/Users/shravach/Documents/IISc/4th sem/Intelligent ui/datasets/VOC/images/test2007/000441.jpg,1,0,0,1,0,0,0
/Users/shravach/Documents/IISc/4th sem/Intelligent ui/datasets/VOC/images/test2007/000442.jpg,1,0,0,1,0,0,0
/Users/shravach/Documents/IISc/4th sem/Intelligent ui/datasets/VOC/images/test2007/000444.jpg,1,0,0,1,1,0,-1
/Users/shravach/Documents/IISc/4th sem/Intelligent ui/datasets/VOC/images/test2007/000445.jpg,7,1,0,7,3,0,-2
/Users/shravach/Documents/IISc/4th sem/Intelligent ui/datasets/VOC/images/test2007/000447.jpg,2,2,0,2,1,0,1
/Users/shravach/Documents/IISc/4th sem/Intelligent ui/datasets/VOC/images/test2007/000449.jpg,4,2,0,4,2,0,0
/Users/shravach/Documents/IISc/4th sem/Intelligent ui/datasets/VOC/images/test2007/000451.jpg,1,0,0,1,0,0,0
/Users/shravach/Documents/IISc/4th sem/Intelligent ui/datasets/VOC/images/test2007/000452.jpg,1,1,0,1,1,0,0
/Users/shravach/Documents/IISc/4th sem/Intelligent ui/datasets/VOC/images/test2007/000453.jpg,1,0,1,1,0,1,0
/Users/shravach/Documents/IISc/4th sem/Intelligent ui/datasets/VOC/images/test2007/000455.jpg,2,0,0,2,0,0,0
/Users/shravach/Documents/IISc/4th sem/Intelligent ui/datasets/VOC/images/test2007/000456.jpg,1,0,1,2,0,0,1
/Users/shravach/Documents/IISc/4th sem/Intelligent ui/datasets/VOC/images/test2007/000457.jpg,1,0,0,1,0,0,0
/Users/shravach/Documents/IISc/4th sem/Intelligent ui/datasets/VOC/images/test2007/000458.jpg,3,3,0,3,3,0,0
/Users/shravach/Documents/IISc/4th sem/Intelligent ui/datasets/VOC/images/test2007/000465.jpg,1,0,0,1,0,0,0
/Users/shravach/Documents/IISc/4th sem/Intelligent ui/datasets/VOC/images/test2007/000466.jpg,1,1,0,1,0,0,1
/Users/shravach/Documents/IISc/4th sem/Intelligent ui/datasets/VOC/images/test2007/000467.jpg,8,1,1,8,3,1,-2
/Users/shravach/Documents/IISc/4th sem/Intelligent ui/datasets/VOC/images/test2007/000471.jpg,1,0,0,1,0,0,0
/Users/shravach/Documents/IISc/4th sem/Intelligent ui/datasets/VOC/images/test2007/000472.jpg,1,0,0,1,0,0,0
/Users/shravach/Documents/IISc/4th sem/Intelligent ui/datasets/VOC/images/test2007/000473.jpg,1,0,0,1,0,0,0
/Users/shravach/Documents/IISc/4th sem/Intelligent ui/datasets/VOC/images/test2007/000475.jpg,1,3,1,1,3,1,0
/Users/shravach/Documents/IISc/4th sem/Intelligent ui/datasets/VOC/images/test2007/000478.jpg,1,0,0,1,0,0,0
/Users/shravach/Documents/IISc/4th sem/Intelligent ui/datasets/VOC/images/test2007/000479.jpg,1,1,0,1,1,0,0
/Users/shravach/Documents/IISc/4th sem/Intelligent ui/datasets/VOC/images/test2007/000481.jpg,2,1,1,3,0,0,2
/Users/shravach/Documents/IISc/4th sem/Intelligent ui/datasets/VOC/images/test2007/000485.jpg,1,2,0,1,2,0,0
/Users/shravach/Documents/IISc/4th sem/Intelligent ui/datasets/VOC/images/test2007/000487.jpg,4,3,0,4,3,0,0
/Users/shravach/Documents/IISc/4th sem/Intelligent ui/datasets/VOC/images/test2007/000488.jpg,1,0,0,1,0,0,0
/Users/shravach/Documents/IISc/4th sem/Intelligent ui/datasets/VOC/images/test2007/000490.jpg,3,2,1,4,3,0,0
/Users/shravach/Documents/IISc/4th sem/Intelligent ui/datasets/VOC/images/test2007/000493.jpg,5,1,0,5,1,0,0
/Users/shravach/Documents/IISc/4th sem/Intelligent ui/datasets/VOC/images/test2007/000495.jpg,1,0,0,1,0,0,0
/Users/shravach/Documents/IISc/4th sem/Intelligent ui/datasets/VOC/images/test2007/000497.jpg,4,1,1,4,0,1,1
/Users/shravach/Documents/IISc/4th sem/Intelligent ui/datasets/VOC/images/test2007/000502.jpg,1,0,0,1,0,0,0
/Users/shravach/Documents/IISc/4th sem/Intelligent ui/datasets/VOC/images/test2007/000504.jpg,3,1,1,2,1,2,-1
/Users/shravach/Documents/IISc/4th sem/Intelligent ui/datasets/VOC/images/test2007/000505.jpg,3,1,0,2,1,1,-1
/Users/shravach/Documents/IISc/4th sem/Intelligent ui/datasets/VOC/images/test2007/000506.jpg,2,1,0,2,1,0,0
/Users/shravach/Documents/IISc/4th sem/Intelligent ui/datasets/VOC/images/test2007/000507.jpg,13,8,2,13,3,2,5
/Users/shravach/Documents/IISc/4th sem/Intelligent ui/datasets/VOC/images/test2007/000510.jpg,4,2,1,4,6,1,-4
/Users/shravach/Documents/IISc/4th sem/Intelligent ui/datasets/VOC/images/test2007/000511.jpg,1,0,0,1,0,0,0
/Users/shravach/Documents/IISc/4th sem/Intelligent ui/datasets/VOC/images/test2007/000512.jpg,1,0,0,1,0,0,0
/Users/shravach/Documents/IISc/4th sem/Intelligent ui/datasets/VOC/images/test2007/000517.jpg,2,3,2,3,4,1,0
/Users/shravach/Documents/IISc/4th sem/Intelligent ui/datasets/VOC/images/test2007/000521.jpg,1,2,0,1,0,0,2
/Users/shravach/Documents/IISc/4th sem/Intelligent ui/datasets/VOC/images/test2007/000527.jpg,8,2,0,7,3,1,-2
/Users/shravach/Documents/IISc/4th sem/Intelligent ui/datasets/VOC/images/test2007/000529.jpg,0,1,1,1,1,0,1
/Users/shravach/Documents/IISc/4th sem/Intelligent ui/datasets/VOC/images/test2007/000532.jpg,3,1,1,4,1,0,1
/Users/shravach/Documents/IISc/4th sem/Intelligent ui/datasets/VOC/images/test2007/000533.jpg,1,3,1,1,0,1,3
/Users/shravach/Documents/IISc/4th sem/Intelligent ui/datasets/VOC/images/test2007/000534.jpg,1,0,0,1,0,0,0
/Users/shravach/Documents/IISc/4th sem/Intelligent ui/datasets/VOC/images/test2007/000536.jpg,1,1,1,1,2,1,-1
/Users/shravach/Documents/IISc/4th sem/Intelligent ui/datasets/VOC/images/test2007/000538.jpg,1,5,0,1,5,0,0
/Users/shravach/Documents/IISc/4th sem/Intelligent ui/datasets/VOC/images/test2007/000539.jpg,1,2,0,1,2,0,0
/Users/shravach/Documents/IISc/4th sem/Intelligent ui/datasets/VOC/images/test2007/000542.jpg,1,0,0,1,0,0,0
/Users/shravach/Documents/IISc/4th sem/Intelligent ui/datasets/VOC/images/test2007/000546.jpg,1,1,1,2,0,0,2
/Users/shravach/Documents/IISc/4th sem/Intelligent ui/datasets/VOC/images/test2007/000547.jpg,8,5,14,15,11,7,1
/Users/shravach/Documents/IISc/4th sem/Intelligent ui/datasets/VOC/images/test2007/000548.jpg,1,0,0,1,0,0,0
/Users/shravach/Documents/IISc/4th sem/Intelligent ui/datasets/VOC/images/test2007/000551.jpg,0,1,3,2,1,1,2
/Users/shravach/Documents/IISc/4th sem/Intelligent ui/datasets/VOC/images/test2007/000553.jpg,1,0,0,1,0,0,0
/Users/shravach/Documents/IISc/4th sem/Intelligent ui/datasets/VOC/images/test2007/000556.jpg,1,0,0,1,0,0,0
/Users/shravach/Documents/IISc/4th sem/Intelligent ui/datasets/VOC/images/test2007/000557.jpg,1,1,0,1,0,0,1
/Users/shravach/Documents/IISc/4th sem/Intelligent ui/datasets/VOC/images/test2007/000558.jpg,2,1,0,2,1,0,0
/Users/shravach/Documents/IISc/4th sem/Intelligent ui/datasets/VOC/images/test2007/000560.jpg,1,1,0,1,0,0,1
/Users/shravach/Documents/IISc/4th sem/Intelligent ui/datasets/VOC/images/test2007/000561.jpg,2,1,0,2,1,0,0
/Users/shravach/Documents/IISc/4th sem/Intelligent ui/datasets/VOC/images/test2007/000562.jpg,2,0,0,2,0,0,0
/Users/shravach/Documents/IISc/4th sem/Intelligent ui/datasets/VOC/images/test2007/000566.jpg,1,1,0,1,1,0,0
/Users/shravach/Documents/IISc/4th sem/Intelligent ui/datasets/VOC/images/test2007/000567.jpg,2,0,0,2,0,0,0
/Users/shravach/Documents/IISc/4th sem/Intelligent ui/datasets/VOC/images/test2007/000568.jpg,1,0,0,1,0,0,0
/Users/shravach/Documents/IISc/4th sem/Intelligent ui/datasets/VOC/images/test2007/000569.jpg,1,0,0,1,0,0,0
/Users/shravach/Documents/IISc/4th sem/Intelligent ui/datasets/VOC/images/test2007/000570.jpg,2,0,0,2,0,0,0
/Users/shravach/Documents/IISc/4th sem/Intelligent ui/datasets/VOC/images/test2007/000571.jpg,1,0,4,3,3,2,-1
/Users/shravach/Documents/IISc/4th sem/Intelligent ui/datasets/VOC/images/test2007/000572.jpg,0,1,2,1,1,1,1
/Users/shravach/Documents/IISc/4th sem/Intelligent ui/datasets/VOC/images/test2007/000573.jpg,1,1,0,1,1,0,0
/Users/shravach/Documents/IISc/4th sem/Intelligent ui/datasets/VOC/images/test2007/000574.jpg,1,0,1,1,0,1,0
/Users/shravach/Documents/IISc/4th sem/Intelligent ui/datasets/VOC/images/test2007/000575.jpg,3,0,0,3,0,0,0
/Users/shravach/Documents/IISc/4th sem/Intelligent ui/datasets/VOC/images/test2007/000576.jpg,1,0,0,1,0,0,0
/Users/shravach/Documents/IISc/4th sem/Intelligent ui/datasets/VOC/images/test2007/000578.jpg,1,1,1,2,3,0,-1
/Users/shravach/Documents/IISc/4th sem/Intelligent ui/datasets/VOC/images/test2007/000580.jpg,1,0,0,1,0,0,0
/Users/shravach/Documents/IISc/4th sem/Intelligent ui/datasets/VOC/images/test2007/000584.jpg,1,1,0,1,1,0,0
/Users/shravach/Documents/IISc/4th sem/Intelligent ui/datasets/VOC/images/test2007/000585.jpg,1,3,0,1,2,0,1
/Users/shravach/Documents/IISc/4th sem/Intelligent ui/datasets/VOC/images/test2007/000586.jpg,2,1,0,2,1,0,0
/Users/shravach/Documents/IISc/4th sem/Intelligent ui/datasets/VOC/images/test2007/000587.jpg,4,1,1,5,1,0,1
/Users/shravach/Documents/IISc/4th sem/Intelligent ui/datasets/VOC/images/test2007/000593.jpg,2,3,0,2,2,0,1
/Users/shravach/Documents/IISc/4th sem/Intelligent ui/datasets/VOC/images/test2007/000594.jpg,2,1,0,2,0,0,1
/Users/shravach/Documents/IISc/4th sem/Intelligent ui/datasets/VOC/images/test2007/000595.jpg,4,4,0,4,3,0,1
/Users/shravach/Documents/IISc/4th sem/Intelligent ui/datasets/VOC/images/test2007/000596.jpg,1,5,0,1,5,0,0
/Users/shravach/Documents/IISc/4th sem/Intelligent ui/datasets/VOC/images/test2007/000600.jpg,0,2,1,1,2,0,1
/Users/shravach/Documents/IISc/4th sem/Intelligent ui/datasets/VOC/images/test2007/000602.jpg,2,1,0,2,1,0,0
/Users/shravach/Documents/IISc/4th sem/Intelligent ui/datasets/VOC/images/test2007/000603.jpg,1,1,0,1,1,0,0
/Users/shravach/Documents/IISc/4th sem/Intelligent ui/datasets/VOC/images/test2007/000604.jpg,2,0,0,2,0,0,0
/Users/shravach/Documents/IISc/4th sem/Intelligent ui/datasets/VOC/images/test2007/000606.jpg,6,0,0,6,1,0,-1
/Users/shravach/Documents/IISc/4th sem/Intelligent ui/datasets/VOC/images/test2007/000607.jpg,6,1,1,5,0,2,0
/Users/shravach/Documents/IISc/4th sem/Intelligent ui/datasets/VOC/images/test2007/000611.jpg,2,0,0,2,0,0,0
/Users/shravach/Documents/IISc/4th sem/Intelligent ui/datasets/VOC/images/test2007/000614.jpg,1,0,0,1,0,0,0
/Users/shravach/Documents/IISc/4th sem/Intelligent ui/datasets/VOC/images/test2007/000615.jpg,2,5,0,2,4,0,1
/Users/shravach/Documents/IISc/4th sem/Intelligent ui/datasets/VOC/images/test2007/000616.jpg,2,0,0,2,0,0,0
/Users/shravach/Documents/IISc/4th sem/Intelligent ui/datasets/VOC/images/test2007/000617.jpg,2,2,0,2,2,0,0
/Users/shravach/Documents/IISc/4th sem/Intelligent ui/datasets/VOC/images/test2007/000618.jpg,2,1,0,2,1,0,0
/Users/shravach/Documents/IISc/4th sem/Intelligent ui/datasets/VOC/images/test2007/000621.jpg,3,3,0,3,2,0,1
/Users/shravach/Documents/IISc/4th sem/Intelligent ui/datasets/VOC/images/test2007/000623.jpg,2,0,0,2,0,0,0
/Users/shravach/Documents/IISc/4th sem/Intelligent ui/datasets/VOC/images/test2007/000624.jpg,8,3,1,8,4,1,-1
/Users/shravach/Documents/IISc/4th sem/Intelligent ui/datasets/VOC/images/test2007/000627.jpg,1,0,0,1,0,0,0
/Users/shravach/Documents/IISc/4th sem/Intelligent ui/datasets/VOC/images/test2007/000629.jpg,1,0,1,1,0,1,0
/Users/shravach/Documents/IISc/4th sem/Intelligent ui/datasets/VOC/images/test2007/000630.jpg,2,0,0,2,0,0,0
/Users/shravach/Documents/IISc/4th sem/Intelligent ui/datasets/VOC/images/test2007/000631.jpg,2,1,0,2,2,0,-1
/Users/shravach/Documents/IISc/4th sem/Intelligent ui/datasets/VOC/images/test2007/000634.jpg,3,0,0,3,0,0,0
/Users/shravach/Documents/IISc/4th sem/Intelligent ui/datasets/VOC/images/test2007/000636.jpg,1,2,0,1,2,0,0
/Users/shravach/Documents/IISc/4th sem/Intelligent ui/datasets/VOC/images/test2007/000638.jpg,1,1,0,1,0,0,1
/Users/shravach/Documents/IISc/4th sem/Intelligent ui/datasets/VOC/images/test2007/000639.jpg,1,0,0,1,0,0,0
/Users/shravach/Documents/IISc/4th sem/Intelligent ui/datasets/VOC/images/test2007/000640.jpg,1,0,0,1,0,0,0
/Users/shravach/Documents/IISc/4th sem/Intelligent ui/datasets/VOC/images/test2007/000641.jpg,2,2,0,2,1,0,1
/Users/shravach/Documents/IISc/4th sem/Intelligent ui/datasets/VOC/images/test2007/000642.jpg,1,0,1,1,0,1,0
/Users/shravach/Documents/IISc/4th sem/Intelligent ui/datasets/VOC/images/test2007/000643.jpg,2,1,0,2,1,0,0
/Users/shravach/Documents/IISc/4th sem/Intelligent ui/datasets/VOC/images/test2007/000644.jpg,0,1,1,1,1,0,1
/Users/shravach/Documents/IISc/4th sem/Intelligent ui/datasets/VOC/images/test2007/000646.jpg,4,0,0,4,1,0,-1
/Users/shravach/Documents/IISc/4th sem/Intelligent ui/datasets/VOC/images/test2007/000649.jpg,2,0,0,2,0,0,0
/Users/shravach/Documents/IISc/4th sem/Intelligent ui/datasets/VOC/images/test2007/000650.jpg,2,2,0,2,3,0,-1
/Users/shravach/Documents/IISc/4th sem/Intelligent ui/datasets/VOC/images/test2007/000651.jpg,1,2,0,0,1,1,0
/Users/shravach/Documents/IISc/4th sem/Intelligent ui/datasets/VOC/images/test2007/000652.jpg,2,2,1,2,1,1,1
/Users/shravach/Documents/IISc/4th sem/Intelligent ui/datasets/VOC/images/test2007/000655.jpg,2,0,0,2,0,0,0
/Users/shravach/Documents/IISc/4th sem/Intelligent ui/datasets/VOC/images/test2007/000658.jpg,1,2,0,1,2,0,0
/Users/shravach/Documents/IISc/4th sem/Intelligent ui/datasets/VOC/images/test2007/000659.jpg,1,0,1,1,0,1,0
/Users/shravach/Documents/IISc/4th sem/Intelligent ui/datasets/VOC/images/test2007/000662.jpg,2,0,0,2,0,0,0
/Users/shravach/Documents/IISc/4th sem/Intelligent ui/datasets/VOC/images/test2007/000664.jpg,1,0,0,1,0,0,0
/Users/shravach/Documents/IISc/4th sem/Intelligent ui/datasets/VOC/images/test2007/000665.jpg,1,0,0,1,0,0,0
/Users/shravach/Documents/IISc/4th sem/Intelligent ui/datasets/VOC/images/test2007/000666.jpg,3,2,0,3,2,0,0
/Users/shravach/Documents/IISc/4th sem/Intelligent ui/datasets/VOC/images/test2007/000668.jpg,1,0,0,1,0,0,0
/Users/shravach/Documents/IISc/4th sem/Intelligent ui/datasets/VOC/images/test2007/000669.jpg,2,0,0,2,0,0,0
/Users/shravach/Documents/IISc/4th sem/Intelligent ui/datasets/VOC/images/test2007/000670.jpg,2,0,0,2,0,0,0
/Users/shravach/Documents/IISc/4th sem/Intelligent ui/datasets/VOC/images/test2007/000673.jpg,1,0,0,1,0,0,0
/Users/shravach/Documents/IISc/4th sem/Intelligent ui/datasets/VOC/images/test2007/000674.jpg,1,0,0,1,0,0,0
/Users/shravach/Documents/IISc/4th sem/Intelligent ui/datasets/VOC/images/test2007/000678.jpg,1,0,0,1,0,0,0
/Users/shravach/Documents/IISc/4th sem/Intelligent ui/datasets/VOC/images/test2007/000679.jpg,1,0,0,1,0,0,0
/Users/shravach/Documents/IISc/4th sem/Intelligent ui/datasets/VOC/images/test2007/000681.jpg,1,0,0,1,0,0,0
/Users/shravach/Documents/IISc/4th sem/Intelligent ui/datasets/VOC/images/test2007/000683.jpg,2,1,0,2,1,0,0
/Users/shravach/Documents/IISc/4th sem/Intelligent ui/datasets/VOC/images/test2007/000687.jpg,6,4,0,6,5,0,-1
/Users/shravach/Documents/IISc/4th sem/Intelligent ui/datasets/VOC/images/test2007/000691.jpg,2,0,0,2,0,0,0
/Users/shravach/Documents/IISc/4th sem/Intelligent ui/datasets/VOC/images/test2007/000692.jpg,1,3,3,2,3,2,1
/Users/shravach/Documents/IISc/4th sem/Intelligent ui/datasets/VOC/images/test2007/000693.jpg,10,4,1,10,2,1,2
/Users/shravach/Documents/IISc/4th sem/Intelligent ui/datasets/VOC/images/test2007/000696.jpg,3,0,0,2,0,1,-1
/Users/shravach/Documents/IISc/4th sem/Intelligent ui/datasets/VOC/images/test2007/000697.jpg,2,0,0,2,0,0,0
/Users/shravach/Documents/IISc/4th sem/Intelligent ui/datasets/VOC/images/test2007/000698.jpg,2,2,1,3,1,0,2
/Users/shravach/Documents/IISc/4th sem/Intelligent ui/datasets/VOC/images/test2007/000701.jpg,1,1,0,1,0,0,1
/Users/shravach/Documents/IISc/4th sem/Intelligent ui/datasets/VOC/images/test2007/000703.jpg,1,0,0,1,0,0,0
/Users/shravach/Documents/IISc/4th sem/Intelligent ui/datasets/VOC/images/test2007/000704.jpg,4,1,0,4,1,0,0
/Users/shravach/Documents/IISc/4th sem/Intelligent ui/datasets/VOC/images/test2007/000706.jpg,5,1,0,5,0,0,1
/Users/shravach/Documents/IISc/4th sem/Intelligent ui/datasets/VOC/images/test2007/000708.jpg,1,1,0,1,1,0,0
/Users/shravach/Documents/IISc/4th sem/Intelligent ui/datasets/VOC/images/test2007/000715.jpg,2,0,0,2,1,0,-1
/Users/shravach/Documents/IISc/4th sem/Intelligent ui/datasets/VOC/images/test2007/000716.jpg,1,0,0,1,0,0,0
/Users/shravach/Documents/IISc/4th sem/Intelligent ui/datasets/VOC/images/test2007/000718.jpg,2,1,0,2,1,0,0
/Users/shravach/Documents/IISc/4th sem/Intelligent ui/datasets/VOC/images/test2007/000719.jpg,8,3,0,8,7,0,-4
/Users/shravach/Documents/IISc/4th sem/Intelligent ui/datasets/VOC/images/test2007/000721.jpg,1,0,0,1,0,0,0
/Users/shravach/Documents/IISc/4th sem/Intelligent ui/datasets/VOC/images/test2007/000722.jpg,0,1,1,0,1,1,0
/Users/shravach/Documents/IISc/4th sem/Intelligent ui/datasets/VOC/images/test2007/000723.jpg,5,1,0,5,1,0,0
/Users/shravach/Documents/IISc/4th sem/Intelligent ui/datasets/VOC/images/test2007/000724.jpg,1,0,0,1,0,0,0
/Users/shravach/Documents/IISc/4th sem/Intelligent ui/datasets/VOC/images/test2007/000725.jpg,4,1,0,4,1,0,0
/Users/shravach/Documents/IISc/4th sem/Intelligent ui/datasets/VOC/images/test2007/000727.jpg,5,3,2,5,0,2,3
/Users/shravach/Documents/IISc/4th sem/Intelligent ui/datasets/VOC/images/test2007/000732.jpg,1,1,0,1,1,0,0
/Users/shravach/Documents/IISc/4th sem/Intelligent ui/datasets/VOC/images/test2007/000734.jpg,2,0,0,2,0,0,0
/Users/shravach/Documents/IISc/4th sem/Intelligent ui/datasets/VOC/images/test2007/000735.jpg,3,0,0,3,0,0,0
/Users/shravach/Documents/IISc/4th sem/Intelligent ui/datasets/VOC/images/test2007/000736.jpg,1,0,0,1,0,0,0
/Users/shravach/Documents/IISc/4th sem/Intelligent ui/datasets/VOC/images/test2007/000737.jpg,0,2,3,0,2,3,0
/Users/shravach/Documents/IISc/4th sem/Intelligent ui/datasets/VOC/images/test2007/000741.jpg,1,0,1,2,1,0,0
/Users/shravach/Documents/IISc/4th sem/Intelligent ui/datasets/VOC/images/test2007/000743.jpg,2,0,0,1,0,1,-1
/Users/shravach/Documents/IISc/4th sem/Intelligent ui/datasets/VOC/images/test2007/000744.jpg,10,6,2,11,5,1,2
/Users/shravach/Documents/IISc/4th sem/Intelligent ui/datasets/VOC/images/test2007/000745.jpg,1,0,0,1,0,0,0
/Users/shravach/Documents/IISc/4th sem/Intelligent ui/datasets/VOC/images/test2007/000747.jpg,1,1,0,1,0,0,1
/Users/shravach/Documents/IISc/4th sem/Intelligent ui/datasets/VOC/images/test2007/000749.jpg,4,1,0,4,2,0,-1
/Users/shravach/Documents/IISc/4th sem/Intelligent ui/datasets/VOC/images/test2007/000751.jpg,1,0,0,1,0,0,0
/Users/shravach/Documents/IISc/4th sem/Intelligent ui/datasets/VOC/images/test2007/000757.jpg,1,4,0,1,4,0,0
/Users/shravach/Documents/IISc/4th sem/Intelligent ui/datasets/VOC/images/test2007/000758.jpg,1,0,2,2,0,1,1
/Users/shravach/Documents/IISc/4th sem/Intelligent ui/datasets/VOC/images/test2007/000759.jpg,1,1,0,1,0,0,1
/Users/shravach/Documents/IISc/4th sem/Intelligent ui/datasets/VOC/images/test2007/000762.jpg,3,5,2,3,5,2,0
/Users/shravach/Documents/IISc/4th sem/Intelligent ui/datasets/VOC/images/test2007/000765.jpg,1,0,0,1,0,0,0
/Users/shravach/Documents/IISc/4th sem/Intelligent ui/datasets/VOC/images/test2007/000766.jpg,1,2,0,1,0,0,2
/Users/shravach/Documents/IISc/4th sem/Intelligent ui/datasets/VOC/images/test2007/000769.jpg,2,2,0,2,0,0,2
/Users/shravach/Documents/IISc/4th sem/Intelligent ui/datasets/VOC/images/test2007/000773.jpg,0,1,1,1,0,0,2
/Users/shravach/Documents/IISc/4th sem/Intelligent ui/datasets/VOC/images/test2007/000775.jpg,1,0,0,1,1,0,-1
/Users/shravach/Documents/IISc/4th sem/Intelligent ui/datasets/VOC/images/test2007/000778.jpg,1,0,0,1,0,0,0
/Users/shravach/Documents/IISc/4th sem/Intelligent ui/datasets/VOC/images/test2007/000779.jpg,1,0,0,1,0,0,0
/Users/shravach/Documents/IISc/4th sem/Intelligent ui/datasets/VOC/images/test2007/000781.jpg,1,0,0,1,0,0,0
/Users/shravach/Documents/IISc/4th sem/Intelligent ui/datasets/VOC/images/test2007/000783.jpg,2,0,0,2,0,0,0
/Users/shravach/Documents/IISc/4th sem/Intelligent ui/datasets/VOC/images/test2007/000784.jpg,15,5,1,15,2,1,3
/Users/shravach/Documents/IISc/4th sem/Intelligent ui/datasets/VOC/images/test2007/000785.jpg,0,1,1,1,0,0,2
/Users/shravach/Documents/IISc/4th sem/Intelligent ui/datasets/VOC/images/test2007/000788.jpg,3,1,0,3,1,0,0
/Users/shravach/Documents/IISc/4th sem/Intelligent ui/datasets/VOC/images/test2007/000789.jpg,4,7,0,4,6,0,1
/Users/shravach/Documents/IISc/4th sem/Intelligent ui/datasets/VOC/images/test2007/000790.jpg,1,2,0,1,2,0,0
/Users/shravach/Documents/IISc/4th sem/Intelligent ui/datasets/VOC/images/test2007/000792.jpg,1,1,0,1,1,0,0
/Users/shravach/Documents/IISc/4th sem/Intelligent ui/datasets/VOC/images/test2007/000795.jpg,0,0,1,1,0,0,1
/Users/shravach/Documents/IISc/4th sem/Intelligent ui/datasets/VOC/images/test2007/000798.jpg,2,2,0,2,1,0,1
/Users/shravach/Documents/IISc/4th sem/Intelligent ui/datasets/VOC/images/test2007/000801.jpg,1,0,0,1,0,0,0
/Users/shravach/Documents/IISc/4th sem/Intelligent ui/datasets/VOC/images/test2007/000803.jpg,1,0,0,1,1,0,-1
/Users/shravach/Documents/IISc/4th sem/Intelligent ui/datasets/VOC/images/test2007/000807.jpg,1,0,0,1,0,0,0
/Users/shravach/Documents/IISc/4th sem/Intelligent ui/datasets/VOC/images/test2007/000809.jpg,3,0,1,4,0,0,1
/Users/shravach/Documents/IISc/4th sem/Intelligent ui/datasets/VOC/images/test2007/000811.jpg,1,0,0,1,0,0,0
/Users/shravach/Documents/IISc/4th sem/Intelligent ui/datasets/VOC/images/test2007/000813.jpg,1,0,0,1,0,0,0
/Users/shravach/Documents/IISc/4th sem/Intelligent ui/datasets/VOC/images/test2007/000817.jpg,1,0,0,1,0,0,0
/Users/shravach/Documents/IISc/4th sem/Intelligent ui/datasets/VOC/images/test2007/000819.jpg,2,0,0,2,0,0,0
/Users/shravach/Documents/IISc/4th sem/Intelligent ui/datasets/VOC/images/test2007/000821.jpg,1,0,0,1,0,0,0
/Users/shravach/Documents/IISc/4th sem/Intelligent ui/datasets/VOC/images/test2007/000824.jpg,1,0,0,1,0,0,0
/Users/shravach/Documents/IISc/4th sem/Intelligent ui/datasets/VOC/images/test2007/000825.jpg,1,0,1,2,1,0,0
/Users/shravach/Documents/IISc/4th sem/Intelligent ui/datasets/VOC/images/test2007/000833.jpg,1,0,0,1,0,0,0
/Users/shravach/Documents/IISc/4th sem/Intelligent ui/datasets/VOC/images/test2007/000835.jpg,2,0,0,2,0,0,0
/Users/shravach/Documents/IISc/4th sem/Intelligent ui/datasets/VOC/images/test2007/000836.jpg,2,0,0,2,0,0,0
/Users/shravach/Documents/IISc/4th sem/Intelligent ui/datasets/VOC/images/test2007/000837.jpg,1,1,0,1,0,0,1
/Users/shravach/Documents/IISc/4th sem/Intelligent ui/datasets/VOC/images/test2007/000838.jpg,1,0,0,1,0,0,0
/Users/shravach/Documents/IISc/4th sem/Intelligent ui/datasets/VOC/images/test2007/000839.jpg,5,3,3,6,7,2,-3
/Users/shravach/Documents/IISc/4th sem/Intelligent ui/datasets/VOC/images/test2007/000840.jpg,2,1,0,2,1,0,0
/Users/shravach/Documents/IISc/4th sem/Intelligent ui/datasets/VOC/images/test2007/000841.jpg,1,0,0,1,0,0,0
/Users/shravach/Documents/IISc/4th sem/Intelligent ui/datasets/VOC/images/test2007/000844.jpg,1,0,0,1,0,0,0
/Users/shravach/Documents/IISc/4th sem/Intelligent ui/datasets/VOC/images/test2007/000846.jpg,9,1,0,9,1,0,0
/Users/shravach/Documents/IISc/4th sem/Intelligent ui/datasets/VOC/images/test2007/000852.jpg,0,2,5,4,0,1,6
/Users/shravach/Documents/IISc/4th sem/Intelligent ui/datasets/VOC/images/test2007/000853.jpg,1,0,0,1,0,0,0
/Users/shravach/Documents/IISc/4th sem/Intelligent ui/datasets/VOC/images/test2007/000856.jpg,2,3,0,2,2,0,1
/Users/shravach/Documents/IISc/4th sem/Intelligent ui/datasets/VOC/images/test2007/000858.jpg,4,2,0,4,3,0,-1
/Users/shravach/Documents/IISc/4th sem/Intelligent ui/datasets/VOC/images/test2007/000861.jpg,1,0,0,1,0,0,0
/Users/shravach/Documents/IISc/4th sem/Intelligent ui/datasets/VOC/images/test2007/000864.jpg,1,0,0,1,0,0,0
/Users/shravach/Documents/IISc/4th sem/Intelligent ui/datasets/VOC/images/test2007/000866.jpg,2,0,0,2,1,0,-1
/Users/shravach/Documents/IISc/4th sem/Intelligent ui/datasets/VOC/images/test2007/000869.jpg,1,0,0,1,0,0,0
/Users/shravach/Documents/IISc/4th sem/Intelligent ui/datasets/VOC/images/test2007/000870.jpg,3,1,0,3,1,0,0
/Users/shravach/Documents/IISc/4th sem/Intelligent ui/datasets/VOC/images/test2007/000873.jpg,1,0,0,1,0,0,0
/Users/shravach/Documents/IISc/4th sem/Intelligent ui/datasets/VOC/images/test2007/000875.jpg,1,1,0,1,1,0,0
/Users/shravach/Documents/IISc/4th sem/Intelligent ui/datasets/VOC/images/test2007/000877.jpg,1,0,0,1,0,0,0
/Users/shravach/Documents/IISc/4th sem/Intelligent ui/datasets/VOC/images/test2007/000881.jpg,1,0,0,1,0,0,0
/Users/shravach/Documents/IISc/4th sem/Intelligent ui/datasets/VOC/images/test2007/000883.jpg,1,2,2,1,2,2,0
/Users/shravach/Documents/IISc/4th sem/Intelligent ui/datasets/VOC/images/test2007/000884.jpg,1,0,0,1,2,0,-2
/Users/shravach/Documents/IISc/4th sem/Intelligent ui/datasets/VOC/images/test2007/000886.jpg,2,2,1,2,1,1,1
/Users/shravach/Documents/IISc/4th sem/Intelligent ui/datasets/VOC/images/test2007/000890.jpg,1,1,2,2,2,1,0
/Users/shravach/Documents/IISc/4th sem/Intelligent ui/datasets/VOC/images/test2007/000891.jpg,2,0,0,2,0,0,0
/Users/shravach/Documents/IISc/4th sem/Intelligent ui/datasets/VOC/images/test2007/000893.jpg,0,1,6,1,0,5,2
/Users/shravach/Documents/IISc/4th sem/Intelligent ui/datasets/VOC/images/test2007/000894.jpg,1,0,1,2,1,0,0
/Users/shravach/Documents/IISc/4th sem/Intelligent ui/datasets/VOC/images/test2007/000897.jpg,2,0,0,2,1,0,-1
/Users/shravach/Documents/IISc/4th sem/Intelligent ui/datasets/VOC/images/test2007/000901.jpg,2,0,0,2,0,0,0
/Users/shravach/Documents/IISc/4th sem/Intelligent ui/datasets/VOC/images/test2007/000905.jpg,1,0,0,1,1,0,-1
/Users/shravach/Documents/IISc/4th sem/Intelligent ui/datasets/VOC/images/test2007/000907.jpg,2,4,0,2,1,0,3
/Users/shravach/Documents/IISc/4th sem/Intelligent ui/datasets/VOC/images/test2007/000909.jpg,1,0,0,1,0,0,0
/Users/shravach/Documents/IISc/4th sem/Intelligent ui/datasets/VOC/images/test2007/000910.jpg,3,1,1,3,3,1,-2
/Users/shravach/Documents/IISc/4th sem/Intelligent ui/datasets/VOC/images/test2007/000913.jpg,1,1,1,1,1,1,0
/Users/shravach/Documents/IISc/4th sem/Intelligent ui/datasets/VOC/images/test2007/000914.jpg,1,1,0,1,0,0,1
/Users/shravach/Documents/IISc/4th sem/Intelligent ui/datasets/VOC/images/test2007/000916.jpg,3,2,0,3,2,0,0
/Users/shravach/Documents/IISc/4th sem/Intelligent ui/datasets/VOC/images/test2007/000922.jpg,2,1,0,2,1,0,0
/Users/shravach/Documents/IISc/4th sem/Intelligent ui/datasets/VOC/images/test2007/000924.jpg,3,2,0,3,2,0,0
/Users/shravach/Documents/IISc/4th sem/Intelligent ui/datasets/VOC/images/test2007/000925.jpg,2,0,0,2,0,0,0
/Users/shravach/Documents/IISc/4th sem/Intelligent ui/datasets/VOC/images/test2007/000927.jpg,2,2,0,2,0,0,2
/Users/shravach/Documents/IISc/4th sem/Intelligent ui/datasets/VOC/images/test2007/000928.jpg,2,0,0,2,0,0,0
/Users/shravach/Documents/IISc/4th sem/Intelligent ui/datasets/VOC/images/test2007/000930.jpg,2,0,0,2,0,0,0
/Users/shravach/Documents/IISc/4th sem/Intelligent ui/datasets/VOC/images/test2007/000932.jpg,1,0,0,1,0,0,0
/Users/shravach/Documents/IISc/4th sem/Intelligent ui/datasets/VOC/images/test2007/000933.jpg,0,1,1,1,1,0,1
/Users/shravach/Documents/IISc/4th sem/Intelligent ui/datasets/VOC/images/test2007/000938.jpg,2,3,0,2,2,0,1
/Users/shravach/Documents/IISc/4th sem/Intelligent ui/datasets/VOC/images/test2007/000939.jpg,1,2,0,1,3,0,-1
/Users/shravach/Documents/IISc/4th sem/Intelligent ui/datasets/VOC/images/test2007/000940.jpg,3,3,1,4,4,0,0
/Users/shravach/Documents/IISc/4th sem/Intelligent ui/datasets/VOC/images/test2007/000941.jpg,1,0,0,1,0,0,0
/Users/shravach/Documents/IISc/4th sem/Intelligent ui/datasets/VOC/images/test2007/000942.jpg,1,1,3,2,0,2,2
/Users/shravach/Documents/IISc/4th sem/Intelligent ui/datasets/VOC/images/test2007/000944.jpg,1,0,0,1,0,0,0
/Users/shravach/Documents/IISc/4th sem/Intelligent ui/datasets/VOC/images/test2007/000945.jpg,1,0,0,1,0,0,0
/Users/shravach/Documents/IISc/4th sem/Intelligent ui/datasets/VOC/images/test2007/000952.jpg,2,0,1,2,0,1,0
/Users/shravach/Documents/IISc/4th sem/Intelligent ui/datasets/VOC/images/test2007/000953.jpg,2,3,0,2,1,0,2
/Users/shravach/Documents/IISc/4th sem/Intelligent ui/datasets/VOC/images/test2007/000955.jpg,1,0,0,1,0,0,0
/Users/shravach/Documents/IISc/4th sem/Intelligent ui/datasets/VOC/images/test2007/000956.jpg,1,0,1,2,0,0,1
/Users/shravach/Documents/IISc/4th sem/Intelligent ui/datasets/VOC/images/test2007/000957.jpg,0,0,1,1,0,0,1
/Users/shravach/Documents/IISc/4th sem/Intelligent ui/datasets/VOC/images/test2007/000959.jpg,6,0,0,6,0,0,0
/Users/shravach/Documents/IISc/4th sem/Intelligent ui/datasets/VOC/images/test2007/000960.jpg,3,3,4,7,2,0,5
/Users/shravach/Documents/IISc/4th sem/Intelligent ui/datasets/VOC/images/test2007/000961.jpg,3,1,0,3,4,0,-3
/Users/shravach/Documents/IISc/4th sem/Intelligent ui/datasets/VOC/images/test2007/000963.jpg,0,2,1,1,0,0,3
/Users/shravach/Documents/IISc/4th sem/Intelligent ui/datasets/VOC/images/test2007/000968.jpg,1,0,0,1,0,0,0
/Users/shravach/Documents/IISc/4th sem/Intelligent ui/datasets/VOC/images/test2007/000969.jpg,2,0,0,2,0,0,0
/Users/shravach/Documents/IISc/4th sem/Intelligent ui/datasets/VOC/images/test2007/000970.jpg,1,0,1,1,0,1,0
/Users/shravach/Documents/IISc/4th sem/Intelligent ui/datasets/VOC/images/test2007/000974.jpg,1,3,0,1,3,0,0
/Users/shravach/Documents/IISc/4th sem/Intelligent ui/datasets/VOC/images/test2007/000975.jpg,1,0,0,1,0,0,0
/Users/shravach/Documents/IISc/4th sem/Intelligent ui/datasets/VOC/images/test2007/000976.jpg,1,0,0,1,0,0,0
/Users/shravach/Documents/IISc/4th sem/Intelligent ui/datasets/VOC/images/test2007/000978.jpg,2,1,0,2,3,0,-2
/Users/shravach/Documents/IISc/4th sem/Intelligent ui/datasets/VOC/images/test2007/000979.jpg,3,0,0,3,1,0,-1
/Users/shravach/Documents/IISc/4th sem/Intelligent ui/datasets/VOC/images/test2007/000981.jpg,1,0,0,1,1,0,-1
/Users/shravach/Documents/IISc/4th sem/Intelligent ui/datasets/VOC/images/test2007/000983.jpg,1,1,0,1,1,0,0
/Users/shravach/Documents/IISc/4th sem/Intelligent ui/datasets/VOC/images/test2007/000984.jpg,4,1,2,5,1,1,1
/Users/shravach/Documents/IISc/4th sem/Intelligent ui/datasets/VOC/images/test2007/000985.jpg,1,0,0,1,0,0,0
/Users/shravach/Documents/IISc/4th sem/Intelligent ui/datasets/VOC/images/test2007/000986.jpg,5,4,2,5,5,2,-1
/Users/shravach/Documents/IISc/4th sem/Intelligent ui/datasets/VOC/images/test2007/000988.jpg,1,0,0,1,0,0,0
/Users/shravach/Documents/IISc/4th sem/Intelligent ui/datasets/VOC/images/test2007/000990.jpg,3,4,1,3,2,1,2
/Users/shravach/Documents/IISc/4th sem/Intelligent ui/datasets/VOC/images/test2007/000992.jpg,3,1,0,3,3,0,-2
/Users/shravach/Documents/IISc/4th sem/Intelligent ui/datasets/VOC/images/test2007/000994.jpg,3,1,0,2,1,1,-1
/Users/shravach/Documents/IISc/4th sem/Intelligent ui/datasets/VOC/images/test2007/000995.jpg,2,1,0,2,1,0,0
/Users/shravach/Documents/IISc/4th sem/Intelligent ui/datasets/VOC/images/test2007/000998.jpg,1,0,0,1,0,0,0
/Users/shravach/Documents/IISc/4th sem/Intelligent ui/datasets/VOC/images/test2007/001000.jpg,1,1,0,1,1,0,0
/Users/shravach/Documents/IISc/4th sem/Intelligent ui/datasets/VOC/images/test2007/001003.jpg,1,0,0,1,0,0,0
/Users/shravach/Documents/IISc/4th sem/Intelligent ui/datasets/VOC/images/test2007/001005.jpg,1,0,0,1,0,0,0
/Users/shravach/Documents/IISc/4th sem/Intelligent ui/datasets/VOC/images/test2007/001006.jpg,1,1,1,2,0,0,2
/Users/shravach/Documents/IISc/4th sem/Intelligent ui/datasets/VOC/images/test2007/001007.jpg,1,0,0,1,0,0,0
/Users/shravach/Documents/IISc/4th sem/Intelligent ui/datasets/VOC/images/test2007/001013.jpg,1,1,0,1,2,0,-1
/Users/shravach/Documents/IISc/4th sem/Intelligent ui/datasets/VOC/images/test2007/001016.jpg,1,0,0,1,0,0,0
/Users/shravach/Documents/IISc/4th sem/Intelligent ui/datasets/VOC/images/test2007/001019.jpg,1,0,0,1,0,0,0
/Users/shravach/Documents/IISc/4th sem/Intelligent ui/datasets/VOC/images/test2007/001020.jpg,1,0,0,1,0,0,0
/Users/shravach/Documents/IISc/4th sem/Intelligent ui/datasets/VOC/images/test2007/001021.jpg,3,1,1,3,0,1,1
/Users/shravach/Documents/IISc/4th sem/Intelligent ui/datasets/VOC/images/test2007/001022.jpg,1,0,0,1,0,0,0
/Users/shravach/Documents/IISc/4th sem/Intelligent ui/datasets/VOC/images/test2007/001023.jpg,2,0,0,1,2,1,-3
/Users/shravach/Documents/IISc/4th sem/Intelligent ui/datasets/VOC/images/test2007/001025.jpg,1,2,0,0,2,1,-1
/Users/shravach/Documents/IISc/4th sem/Intelligent ui/datasets/VOC/images/test2007/001026.jpg,3,4,1,3,2,1,2
/Users/shravach/Documents/IISc/4th sem/Intelligent ui/datasets/VOC/images/test2007/001029.jpg,1,0,0,1,1,0,-1
/Users/shravach/Documents/IISc/4th sem/Intelligent ui/datasets/VOC/images/test2007/001030.jpg,1,1,0,1,3,0,-2
/Users/shravach/Documents/IISc/4th sem/Intelligent ui/datasets/VOC/images/test2007/001031.jpg,2,0,0,2,0,0,0
/Users/shravach/Documents/IISc/4th sem/Intelligent ui/datasets/VOC/images/test2007/001032.jpg,1,0,0,1,0,0,0
/Users/shravach/Documents/IISc/4th sem/Intelligent ui/datasets/VOC/images/test2007/001033.jpg,2,0,0,2,0,0,0
/Users/shravach/Documents/IISc/4th sem/Intelligent ui/datasets/VOC/images/test2007/001034.jpg,1,0,0,1,0,0,0
/Users/shravach/Documents/IISc/4th sem/Intelligent ui/datasets/VOC/images/test2007/001035.jpg,3,1,1,4,1,0,1
/Users/shravach/Documents/IISc/4th sem/Intelligent ui/datasets/VOC/images/test2007/001037.jpg,3,2,2,5,0,0,4
/Users/shravach/Documents/IISc/4th sem/Intelligent ui/datasets/VOC/images/test2007/001038.jpg,1,0,0,1,0,0,0
/Users/shravach/Documents/IISc/4th sem/Intelligent ui/datasets/VOC/images/test2007/001039.jpg,5,1,1,4,0,2,0
/Users/shravach/Documents/IISc/4th sem/Intelligent ui/datasets/VOC/images/test2007/001040.jpg,3,1,0,3,1,0,0
/Users/shravach/Documents/IISc/4th sem/Intelligent ui/datasets/VOC/images/test2007/001044.jpg,1,1,1,2,0,0,2
/Users/shravach/Documents/IISc/4th sem/Intelligent ui/datasets/VOC/images/test2007/001046.jpg,1,0,0,1,0,0,0
/Users/shravach/Documents/IISc/4th sem/Intelligent ui/datasets/VOC/images/test2007/001047.jpg,4,4,0,4,3,0,1
/Users/shravach/Documents/IISc/4th sem/Intelligent ui/datasets/VOC/images/test2007/001048.jpg,1,1,0,1,0,0,1
/Users/shravach/Documents/IISc/4th sem/Intelligent ui/datasets/VOC/images/test2007/001049.jpg,1,0,0,1,0,0,0
/Users/shravach/Documents/IISc/4th sem/Intelligent ui/datasets/VOC/images/test2007/001051.jpg,1,0,0,1,0,0,0
/Users/shravach/Documents/IISc/4th sem/Intelligent ui/datasets/VOC/images/test2007/001054.jpg,1,0,0,1,0,0,0
/Users/shravach/Documents/IISc/4th sem/Intelligent ui/datasets/VOC/images/test2007/001055.jpg,1,0,1,2,0,0,1
/Users/shravach/Documents/IISc/4th sem/Intelligent ui/datasets/VOC/images/test2007/001058.jpg,1,0,0,1,0,0,0
/Users/shravach/Documents/IISc/4th sem/Intelligent ui/datasets/VOC/images/test2007/001059.jpg,1,1,0,1,1,0,0
/Users/shravach/Documents/IISc/4th sem/Intelligent ui/datasets/VOC/images/test2007/001063.jpg,2,0,0,2,0,0,0
/Users/shravach/Documents/IISc/4th sem/Intelligent ui/datasets/VOC/images/test2007/001065.jpg,2,1,1,3,0,0,2
/Users/shravach/Documents/IISc/4th sem/Intelligent ui/datasets/VOC/images/test2007/001067.jpg,4,1,0,4,2,0,-1
/Users/shravach/Documents/IISc/4th sem/Intelligent ui/datasets/VOC/images/test2007/001070.jpg,12,10,2,12,8,2,2
/Users/shravach/Documents/IISc/4th sem/Intelligent ui/datasets/VOC/images/test2007/001075.jpg,1,2,1,1,1,1,1
/Users/shravach/Documents/IISc/4th sem/Intelligent ui/datasets/VOC/images/test2007/001076.jpg,1,1,2,3,1,0,2
/Users/shravach/Documents/IISc/4th sem/Intelligent ui/datasets/VOC/images/test2007/001080.jpg,1,0,1,1,0,1,0
/Users/shravach/Documents/IISc/4th sem/Intelligent ui/datasets/VOC/images/test2007/001081.jpg,2,1,0,2,0,0,1
/Users/shravach/Documents/IISc/4th sem/Intelligent ui/datasets/VOC/images/test2007/001085.jpg,6,2,0,5,6,1,-5
/Users/shravach/Documents/IISc/4th sem/Intelligent ui/datasets/VOC/images/test2007/001086.jpg,3,0,0,3,0,0,0
/Users/shravach/Documents/IISc/4th sem/Intelligent ui/datasets/VOC/images/test2007/001087.jpg,1,0,0,1,0,0,0
/Users/shravach/Documents/IISc/4th sem/Intelligent ui/datasets/VOC/images/test2007/001088.jpg,1,0,0,1,0,0,0
/Users/shravach/Documents/IISc/4th sem/Intelligent ui/datasets/VOC/images/test2007/001089.jpg,1,0,0,1,0,0,0
/Users/shravach/Documents/IISc/4th sem/Intelligent ui/datasets/VOC/images/test2007/001090.jpg,1,0,0,1,0,0,0
/Users/shravach/Documents/IISc/4th sem/Intelligent ui/datasets/VOC/images/test2007/001094.jpg,1,1,0,1,2,0,-1
/Users/shravach/Documents/IISc/4th sem/Intelligent ui/datasets/VOC/images/test2007/001095.jpg,2,1,1,3,1,0,1
/Users/shravach/Documents/IISc/4th sem/Intelligent ui/datasets/VOC/images/test2007/001096.jpg,2,0,0,2,0,0,0
/Users/shravach/Documents/IISc/4th sem/Intelligent ui/datasets/VOC/images/test2007/001098.jpg,1,0,0,1,0,0,0
/Users/shravach/Documents/IISc/4th sem/Intelligent ui/datasets/VOC/images/test2007/001099.jpg,5,2,0,5,1,0,1
/Users/shravach/Documents/IISc/4th sem/Intelligent ui/datasets/VOC/images/test2007/001100.jpg,1,2,0,1,0,0,2
/Users/shravach/Documents/IISc/4th sem/Intelligent ui/datasets/VOC/images/test2007/001103.jpg,1,0,0,1,1,0,-1
/Users/shravach/Documents/IISc/4th sem/Intelligent ui/datasets/VOC/images/test2007/001105.jpg,4,2,1,4,1,1,1
/Users/shravach/Documents/IISc/4th sem/Intelligent ui/datasets/VOC/images/test2007/001108.jpg,3,0,0,3,0,0,0
/Users/shravach/Documents/IISc/4th sem/Intelligent ui/datasets/VOC/images/test2007/001111.jpg,2,2,0,2,2,0,0
/Users/shravach/Documents/IISc/4th sem/Intelligent ui/datasets/VOC/images/test2007/001114.jpg,1,0,0,1,0,0,0
/Users/shravach/Documents/IISc/4th sem/Intelligent ui/datasets/VOC/images/test2007/001115.jpg,2,1,0,2,0,0,1
/Users/shravach/Documents/IISc/4th sem/Intelligent ui/datasets/VOC/images/test2007/001116.jpg,1,0,0,1,0,0,0
/Users/shravach/Documents/IISc/4th sem/Intelligent ui/datasets/VOC/images/test2007/001117.jpg,1,0,0,1,0,0,0
/Users/shravach/Documents/IISc/4th sem/Intelligent ui/datasets/VOC/images/test2007/001118.jpg,4,0,0,3,1,1,-2
/Users/shravach/Documents/IISc/4th sem/Intelligent ui/datasets/VOC/images/test2007/001120.jpg,5,0,0,5,0,0,0
/Users/shravach/Documents/IISc/4th sem/Intelligent ui/datasets/VOC/images/test2007/001122.jpg,1,0,0,1,0,0,0
/Users/shravach/Documents/IISc/4th sem/Intelligent ui/datasets/VOC/images/test2007/001123.jpg,1,0,0,1,0,0,0
/Users/shravach/Documents/IISc/4th sem/Intelligent ui/datasets/VOC/images/test2007/001126.jpg,1,0,0,1,0,0,0
/Users/shravach/Documents/IISc/4th sem/Intelligent ui/datasets/VOC/images/test2007/001128.jpg,1,0,0,1,1,0,-1
/Users/shravach/Documents/IISc/4th sem/Intelligent ui/datasets/VOC/images/test2007/001131.jpg,1,0,0,1,0,0,0
/Users/shravach/Documents/IISc/4th sem/Intelligent ui/datasets/VOC/images/test2007/001132.jpg,1,0,0,1,2,0,-2
/Users/shravach/Documents/IISc/4th sem/Intelligent ui/datasets/VOC/images/test2007/001133.jpg,4,1,0,4,2,0,-1
/Users/shravach/Documents/IISc/4th sem/Intelligent ui/datasets/VOC/images/test2007/001134.jpg,2,1,0,2,1,0,0
/Users/shravach/Documents/IISc/4th sem/Intelligent ui/datasets/VOC/images/test2007/001135.jpg,1,0,0,1,0,0,0
/Users/shravach/Documents/IISc/4th sem/Intelligent ui/datasets/VOC/images/test2007/001138.jpg,6,1,0,6,1,0,0
/Users/shravach/Documents/IISc/4th sem/Intelligent ui/datasets/VOC/images/test2007/001139.jpg,1,4,1,1,2,1,2
/Users/shravach/Documents/IISc/4th sem/Intelligent ui/datasets/VOC/images/test2007/001141.jpg,7,1,1,8,0,0,2
/Users/shravach/Documents/IISc/4th sem/Intelligent ui/datasets/VOC/images/test2007/001146.jpg,0,2,1,1,0,0,3
/Users/shravach/Documents/IISc/4th sem/Intelligent ui/datasets/VOC/images/test2007/001150.jpg,2,5,1,3,4,0,2
/Users/shravach/Documents/IISc/4th sem/Intelligent ui/datasets/VOC/images/test2007/001153.jpg,1,0,0,1,0,0,0
/Users/shravach/Documents/IISc/4th sem/Intelligent ui/datasets/VOC/images/test2007/001155.jpg,1,1,0,1,2,0,-1
/Users/shravach/Documents/IISc/4th sem/Intelligent ui/datasets/VOC/images/test2007/001157.jpg,3,0,0,3,0,0,0
/Users/shravach/Documents/IISc/4th sem/Intelligent ui/datasets/VOC/images/test2007/001159.jpg,2,0,0,2,1,0,-1
/Users/shravach/Documents/IISc/4th sem/Intelligent ui/datasets/VOC/images/test2007/001162.jpg,1,2,0,1,2,0,0
/Users/shravach/Documents/IISc/4th sem/Intelligent ui/datasets/VOC/images/test2007/001163.jpg,2,4,2,3,4,1,1
/Users/shravach/Documents/IISc/4th sem/Intelligent ui/datasets/VOC/images/test2007/001165.jpg,3,1,1,4,0,0,2
/Users/shravach/Documents/IISc/4th sem/Intelligent ui/datasets/VOC/images/test2007/001167.jpg,2,1,1,2,3,1,-2
/Users/shravach/Documents/IISc/4th sem/Intelligent ui/datasets/VOC/images/test2007/001169.jpg,3,3,2,3,2,2,1
/Users/shravach/Documents/IISc/4th sem/Intelligent ui/datasets/VOC/images/test2007/001173.jpg,1,0,1,2,0,0,1
/Users/shravach/Documents/IISc/4th sem/Intelligent ui/datasets/VOC/images/test2007/001177.jpg,3,0,0,3,0,0,0
/Users/shravach/Documents/IISc/4th sem/Intelligent ui/datasets/VOC/images/test2007/001178.jpg,1,0,0,1,0,0,0
/Users/shravach/Documents/IISc/4th sem/Intelligent ui/datasets/VOC/images/test2007/001179.jpg,3,1,0,3,0,0,1
/Users/shravach/Documents/IISc/4th sem/Intelligent ui/datasets/VOC/images/test2007/001180.jpg,1,0,1,1,1,1,-1
/Users/shravach/Documents/IISc/4th sem/Intelligent ui/datasets/VOC/images/test2007/001181.jpg,1,0,0,1,1,0,-1
/Users/shravach/Documents/IISc/4th sem/Intelligent ui/datasets/VOC/images/test2007/001183.jpg,3,0,0,3,0,0,0
/Users/shravach/Documents/IISc/4th sem/Intelligent ui/datasets/VOC/images/test2007/001188.jpg,7,4,2,8,5,1,0
/Users/shravach/Documents/IISc/4th sem/Intelligent ui/datasets/VOC/images/test2007/001189.jpg,6,3,1,6,6,1,-3
/Users/shravach/Documents/IISc/4th sem/Intelligent ui/datasets/VOC/images/test2007/001190.jpg,1,1,0,0,1,1,-1
/Users/shravach/Documents/IISc/4th sem/Intelligent ui/datasets/VOC/images/test2007/001193.jpg,1,0,0,1,0,0,0
/Users/shravach/Documents/IISc/4th sem/Intelligent ui/datasets/VOC/images/test2007/001195.jpg,1,0,0,1,0,0,0
/Users/shravach/Documents/IISc/4th sem/Intelligent ui/datasets/VOC/images/test2007/001196.jpg,1,0,0,1,0,0,0
/Users/shravach/Documents/IISc/4th sem/Intelligent ui/datasets/VOC/images/test2007/001197.jpg,1,0,0,1,0,0,0
/Users/shravach/Documents/IISc/4th sem/Intelligent ui/datasets/VOC/images/test2007/001198.jpg,2,2,0,2,2,0,0
/Users/shravach/Documents/IISc/4th sem/Intelligent ui/datasets/VOC/images/test2007/001202.jpg,2,0,0,2,0,0,0
/Users/shravach/Documents/IISc/4th sem/Intelligent ui/datasets/VOC/images/test2007/001208.jpg,1,3,0,1,1,0,2
/Users/shravach/Documents/IISc/4th sem/Intelligent ui/datasets/VOC/images/test2007/001210.jpg,6,1,0,6,1,0,0
/Users/shravach/Documents/IISc/4th sem/Intelligent ui/datasets/VOC/images/test2007/001213.jpg,1,0,0,0,0,1,-1
/Users/shravach/Documents/IISc/4th sem/Intelligent ui/datasets/VOC/images/test2007/001216.jpg,1,2,1,2,3,0,0
/Users/shravach/Documents/IISc/4th sem/Intelligent ui/datasets/VOC/images/test2007/001217.jpg,3,2,1,4,1,0,2
/Users/shravach/Documents/IISc/4th sem/Intelligent ui/datasets/VOC/images/test2007/001218.jpg,1,0,0,1,0,0,0
/Users/shravach/Documents/IISc/4th sem/Intelligent ui/datasets/VOC/images/test2007/001219.jpg,0,3,1,0,3,1,0
/Users/shravach/Documents/IISc/4th sem/Intelligent ui/datasets/VOC/images/test2007/001220.jpg,3,5,0,3,2,0,3
/Users/shravach/Documents/IISc/4th sem/Intelligent ui/datasets/VOC/images/test2007/001222.jpg,2,2,2,3,1,1,2
/Users/shravach/Documents/IISc/4th sem/Intelligent ui/datasets/VOC/images/test2007/001223.jpg,1,0,0,1,0,0,0
/Users/shravach/Documents/IISc/4th sem/Intelligent ui/datasets/VOC/images/test2007/001227.jpg,2,1,1,2,1,1,0
/Users/shravach/Documents/IISc/4th sem/Intelligent ui/datasets/VOC/images/test2007/001228.jpg,7,8,3,8,3,2,6
/Users/shravach/Documents/IISc/4th sem/Intelligent ui/datasets/VOC/images/test2007/001232.jpg,1,0,0,1,0,0,0
/Users/shravach/Documents/IISc/4th sem/Intelligent ui/datasets/VOC/images/test2007/001235.jpg,2,0,0,2,0,0,0
/Users/shravach/Documents/IISc/4th sem/Intelligent ui/datasets/VOC/images/test2007/001238.jpg,2,0,0,2,0,0,0
/Users/shravach/Documents/IISc/4th sem/Intelligent ui/datasets/VOC/images/test2007/001242.jpg,1,0,0,1,1,0,-1
/Users/shravach/Documents/IISc/4th sem/Intelligent ui/datasets/VOC/images/test2007/001243.jpg,1,2,0,1,0,0,2
/Users/shravach/Documents/IISc/4th sem/Intelligent ui/datasets/VOC/images/test2007/001244.jpg,6,11,0,6,11,0,0
/Users/shravach/Documents/IISc/4th sem/Intelligent ui/datasets/VOC/images/test2007/001245.jpg,2,2,1,3,0,0,3
/Users/shravach/Documents/IISc/4th sem/Intelligent ui/datasets/VOC/images/test2007/001246.jpg,0,2,1,1,1,0,2
/Users/shravach/Documents/IISc/4th sem/Intelligent ui/datasets/VOC/images/test2007/001249.jpg,1,1,0,1,1,0,0
/Users/shravach/Documents/IISc/4th sem/Intelligent ui/datasets/VOC/images/test2007/001251.jpg,2,5,2,2,7,2,-2
/Users/shravach/Documents/IISc/4th sem/Intelligent ui/datasets/VOC/images/test2007/001252.jpg,1,0,0,1,0,0,0
/Users/shravach/Documents/IISc/4th sem/Intelligent ui/datasets/VOC/images/test2007/001253.jpg,1,5,0,1,2,0,3
/Users/shravach/Documents/IISc/4th sem/Intelligent ui/datasets/VOC/images/test2007/001255.jpg,1,3,1,2,1,0,3
/Users/shravach/Documents/IISc/4th sem/Intelligent ui/datasets/VOC/images/test2007/001256.jpg,2,3,1,2,4,1,-1
/Users/shravach/Documents/IISc/4th sem/Intelligent ui/datasets/VOC/images/test2007/001257.jpg,1,0,0,1,0,0,0
/Users/shravach/Documents/IISc/4th sem/Intelligent ui/datasets/VOC/images/test2007/001261.jpg,3,1,1,3,1,1,0
/Users/shravach/Documents/IISc/4th sem/Intelligent ui/datasets/VOC/images/test2007/001262.jpg,1,0,0,1,0,0,0
/Users/shravach/Documents/IISc/4th sem/Intelligent ui/datasets/VOC/images/test2007/001264.jpg,1,0,0,1,0,0,0
/Users/shravach/Documents/IISc/4th sem/Intelligent ui/datasets/VOC/images/test2007/001267.jpg,4,3,0,4,1,0,2
/Users/shravach/Documents/IISc/4th sem/Intelligent ui/datasets/VOC/images/test2007/001271.jpg,4,4,0,4,2,0,2
/Users/shravach/Documents/IISc/4th sem/Intelligent ui/datasets/VOC/images/test2007/001275.jpg,6,34,0,6,25,0,9
/Users/shravach/Documents/IISc/4th sem/Intelligent ui/datasets/VOC/images/test2007/001276.jpg,5,3,1,5,4,1,-1
/Users/shravach/Documents/IISc/4th sem/Intelligent ui/datasets/VOC/images/test2007/001278.jpg,1,0,0,1,0,0,0
/Users/shravach/Documents/IISc/4th sem/Intelligent ui/datasets/VOC/images/test2007/001280.jpg,1,0,0,1,0,0,0
/Users/shravach/Documents/IISc/4th sem/Intelligent ui/datasets/VOC/images/test2007/001282.jpg,2,0,1,3,2,0,-1
/Users/shravach/Documents/IISc/4th sem/Intelligent ui/datasets/VOC/images/test2007/001283.jpg,1,0,0,1,0,0,0
/Users/shravach/Documents/IISc/4th sem/Intelligent ui/datasets/VOC/images/test2007/001285.jpg,2,0,0,2,1,0,-1
/Users/shravach/Documents/IISc/4th sem/Intelligent ui/datasets/VOC/images/test2007/001291.jpg,0,1,1,1,0,0,2
/Users/shravach/Documents/IISc/4th sem/Intelligent ui/datasets/VOC/images/test2007/001295.jpg,1,0,0,1,0,0,0
/Users/shravach/Documents/IISc/4th sem/Intelligent ui/datasets/VOC/images/test2007/001296.jpg,2,0,0,2,0,0,0
/Users/shravach/Documents/IISc/4th sem/Intelligent ui/datasets/VOC/images/test2007/001297.jpg,1,0,1,1,3,1,-3
/Users/shravach/Documents/IISc/4th sem/Intelligent ui/datasets/VOC/images/test2007/001300.jpg,1,0,0,1,0,0,0
/Users/shravach/Documents/IISc/4th sem/Intelligent ui/datasets/VOC/images/test2007/001301.jpg,3,0,0,3,1,0,-1
/Users/shravach/Documents/IISc/4th sem/Intelligent ui/datasets/VOC/images/test2007/001302.jpg,2,4,0,2,4,0,0
/Users/shravach/Documents/IISc/4th sem/Intelligent ui/datasets/VOC/images/test2007/001303.jpg,1,0,0,1,0,0,0
/Users/shravach/Documents/IISc/4th sem/Intelligent ui/datasets/VOC/images/test2007/001305.jpg,1,0,0,1,0,0,0
/Users/shravach/Documents/IISc/4th sem/Intelligent ui/datasets/VOC/images/test2007/001306.jpg,1,0,0,1,0,0,0
/Users/shravach/Documents/IISc/4th sem/Intelligent ui/datasets/VOC/images/test2007/001307.jpg,8,2,2,5,7,5,-8
/Users/shravach/Documents/IISc/4th sem/Intelligent ui/datasets/VOC/images/test2007/001308.jpg,2,2,0,2,3,0,-1
/Users/shravach/Documents/IISc/4th sem/Intelligent ui/datasets/VOC/images/test2007/001313.jpg,0,1,1,1,0,0,2
/Users/shravach/Documents/IISc/4th sem/Intelligent ui/datasets/VOC/images/test2007/001317.jpg,1,0,0,1,0,0,0
/Users/shravach/Documents/IISc/4th sem/Intelligent ui/datasets/VOC/images/test2007/001318.jpg,1,2,0,1,2,0,0
/Users/shravach/Documents/IISc/4th sem/Intelligent ui/datasets/VOC/images/test2007/001319.jpg,2,2,0,2,1,0,1
/Users/shravach/Documents/IISc/4th sem/Intelligent ui/datasets/VOC/images/test2007/001320.jpg,2,0,0,2,0,0,0
/Users/shravach/Documents/IISc/4th sem/Intelligent ui/datasets/VOC/images/test2007/001321.jpg,1,0,0,1,1,0,-1
/Users/shravach/Documents/IISc/4th sem/Intelligent ui/datasets/VOC/images/test2007/001322.jpg,1,0,0,1,0,0,0
/Users/shravach/Documents/IISc/4th sem/Intelligent ui/datasets/VOC/images/test2007/001328.jpg,1,1,0,1,1,0,0
/Users/shravach/Documents/IISc/4th sem/Intelligent ui/datasets/VOC/images/test2007/001329.jpg,1,1,1,1,1,1,0
/Users/shravach/Documents/IISc/4th sem/Intelligent ui/datasets/VOC/images/test2007/001331.jpg,2,0,1,3,0,0,1
/Users/shravach/Documents/IISc/4th sem/Intelligent ui/datasets/VOC/images/test2007/001335.jpg,1,3,0,1,2,0,1
/Users/shravach/Documents/IISc/4th sem/Intelligent ui/datasets/VOC/images/test2007/001336.jpg,2,0,0,2,0,0,0
/Users/shravach/Documents/IISc/4th sem/Intelligent ui/datasets/VOC/images/test2007/001338.jpg,1,1,1,2,0,0,2
/Users/shravach/Documents/IISc/4th sem/Intelligent ui/datasets/VOC/images/test2007/001339.jpg,1,0,0,1,0,0,0
/Users/shravach/Documents/IISc/4th sem/Intelligent ui/datasets/VOC/images/test2007/001340.jpg,2,3,2,2,2,2,1
/Users/shravach/Documents/IISc/4th sem/Intelligent ui/datasets/VOC/images/test2007/001342.jpg,1,4,1,1,8,1,-4
/Users/shravach/Documents/IISc/4th sem/Intelligent ui/datasets/VOC/images/test2007/001344.jpg,1,0,0,1,0,0,0
/Users/shravach/Documents/IISc/4th sem/Intelligent ui/datasets/VOC/images/test2007/001347.jpg,2,2,0,2,1,0,1
/Users/shravach/Documents/IISc/4th sem/Intelligent ui/datasets/VOC/images/test2007/001349.jpg,0,2,1,1,4,0,-1
/Users/shravach/Documents/IISc/4th sem/Intelligent ui/datasets/VOC/images/test2007/001351.jpg,3,0,0,3,2,0,-2
/Users/shravach/Documents/IISc/4th sem/Intelligent ui/datasets/VOC/images/test2007/001353.jpg,3,0,0,3,0,0,0
/Users/shravach/Documents/IISc/4th sem/Intelligent ui/datasets/VOC/images/test2007/001354.jpg,6,0,1,7,0,0,1
/Users/shravach/Documents/IISc/4th sem/Intelligent ui/datasets/VOC/images/test2007/001355.jpg,1,2,0,1,2,0,0
/Users/shravach/Documents/IISc/4th sem/Intelligent ui/datasets/VOC/images/test2007/001356.jpg,1,2,0,1,2,0,0
/Users/shravach/Documents/IISc/4th sem/Intelligent ui/datasets/VOC/images/test2007/001357.jpg,2,0,0,2,0,0,0
/Users/shravach/Documents/IISc/4th sem/Intelligent ui/datasets/VOC/images/test2007/001358.jpg,4,2,0,4,3,0,-1
/Users/shravach/Documents/IISc/4th sem/Intelligent ui/datasets/VOC/images/test2007/001359.jpg,1,0,0,1,0,0,0
/Users/shravach/Documents/IISc/4th sem/Intelligent ui/datasets/VOC/images/test2007/001363.jpg,4,0,1,5,0,0,1
/Users/shravach/Documents/IISc/4th sem/Intelligent ui/datasets/VOC/images/test2007/001366.jpg,4,4,2,6,2,0,4
/Users/shravach/Documents/IISc/4th sem/Intelligent ui/datasets/VOC/images/test2007/001367.jpg,2,1,0,2,0,0,1
/Users/shravach/Documents/IISc/4th sem/Intelligent ui/datasets/VOC/images/test2007/001368.jpg,1,1,0,1,1,0,0
/Users/shravach/Documents/IISc/4th sem/Intelligent ui/datasets/VOC/images/test2007/001369.jpg,2,1,0,2,0,0,1
/Users/shravach/Documents/IISc/4th sem/Intelligent ui/datasets/VOC/images/test2007/001370.jpg,4,1,0,4,0,0,1
/Users/shravach/Documents/IISc/4th sem/Intelligent ui/datasets/VOC/images/test2007/001372.jpg,1,2,1,1,1,1,1
/Users/shravach/Documents/IISc/4th sem/Intelligent ui/datasets/VOC/images/test2007/001373.jpg,1,2,0,1,0,0,2
/Users/shravach/Documents/IISc/4th sem/Intelligent ui/datasets/VOC/images/test2007/001374.jpg,1,0,0,1,0,0,0
/Users/shravach/Documents/IISc/4th sem/Intelligent ui/datasets/VOC/images/test2007/001376.jpg,2,1,0,2,1,0,0
/Users/shravach/Documents/IISc/4th sem/Intelligent ui/datasets/VOC/images/test2007/001377.jpg,1,1,0,0,1,1,-1
/Users/shravach/Documents/IISc/4th sem/Intelligent ui/datasets/VOC/images/test2007/001379.jpg,1,0,0,1,0,0,0
/Users/shravach/Documents/IISc/4th sem/Intelligent ui/datasets/VOC/images/test2007/001380.jpg,1,1,0,1,0,0,1
/Users/shravach/Documents/IISc/4th sem/Intelligent ui/datasets/VOC/images/test2007/001381.jpg,1,1,0,1,0,0,1
/Users/shravach/Documents/IISc/4th sem/Intelligent ui/datasets/VOC/images/test2007/001382.jpg,9,1,0,9,2,0,-1
/Users/shravach/Documents/IISc/4th sem/Intelligent ui/datasets/VOC/images/test2007/001389.jpg,1,1,0,1,0,0,1
/Users/shravach/Documents/IISc/4th sem/Intelligent ui/datasets/VOC/images/test2007/001391.jpg,2,2,0,2,1,0,1
/Users/shravach/Documents/IISc/4th sem/Intelligent ui/datasets/VOC/images/test2007/001392.jpg,2,0,1,2,0,1,0
/Users/shravach/Documents/IISc/4th sem/Intelligent ui/datasets/VOC/images/test2007/001394.jpg,2,1,0,2,0,0,1
/Users/shravach/Documents/IISc/4th sem/Intelligent ui/datasets/VOC/images/test2007/001396.jpg,2,1,0,2,0,0,1
/Users/shravach/Documents/IISc/4th sem/Intelligent ui/datasets/VOC/images/test2007/001398.jpg,1,0,0,1,0,0,0
/Users/shravach/Documents/IISc/4th sem/Intelligent ui/datasets/VOC/images/test2007/001399.jpg,1,4,1,2,2,0,3
/Users/shravach/Documents/IISc/4th sem/Intelligent ui/datasets/VOC/images/test2007/001401.jpg,1,0,0,1,0,0,0
/Users/shravach/Documents/IISc/4th sem/Intelligent ui/datasets/VOC/images/test2007/001403.jpg,9,4,2,10,3,1,2
/Users/shravach/Documents/IISc/4th sem/Intelligent ui/datasets/VOC/images/test2007/001407.jpg,3,7,1,4,4,0,4
/Users/shravach/Documents/IISc/4th sem/Intelligent ui/datasets/VOC/images/test2007/001410.jpg,4,4,3,5,10,2,-5
/Users/shravach/Documents/IISc/4th sem/Intelligent ui/datasets/VOC/images/test2007/001411.jpg,2,1,1,2,3,1,-2
/Users/shravach/Documents/IISc/4th sem/Intelligent ui/datasets/VOC/images/test2007/001412.jpg,1,2,1,2,1,0,2
/Users/shravach/Documents/IISc/4th sem/Intelligent ui/datasets/VOC/images/test2007/001415.jpg,0,0,1,1,0,0,1
/Users/shravach/Documents/IISc/4th sem/Intelligent ui/datasets/VOC/images/test2007/001416.jpg,4,3,0,4,6,0,-3
/Users/shravach/Documents/IISc/4th sem/Intelligent ui/datasets/VOC/images/test2007/001417.jpg,2,0,0,2,0,0,0
/Users/shravach/Documents/IISc/4th sem/Intelligent ui/datasets/VOC/images/test2007/001419.jpg,2,0,1,2,1,1,-1
/Users/shravach/Documents/IISc/4th sem/Intelligent ui/datasets/VOC/images/test2007/001422.jpg,1,0,0,1,0,0,0
/Users/shravach/Documents/IISc/4th sem/Intelligent ui/datasets/VOC/images/test2007/001423.jpg,1,0,0,1,0,0,0
/Users/shravach/Documents/IISc/4th sem/Intelligent ui/datasets/VOC/images/test2007/001424.jpg,3,2,0,3,2,0,0
/Users/shravach/Documents/IISc/4th sem/Intelligent ui/datasets/VOC/images/test2007/001425.jpg,1,0,0,1,0,0,0
/Users/shravach/Documents/IISc/4th sem/Intelligent ui/datasets/VOC/images/test2007/001428.jpg,2,1,0,2,0,0,1
/Users/shravach/Documents/IISc/4th sem/Intelligent ui/datasets/VOC/images/test2007/001429.jpg,3,1,0,3,0,0,1
/Users/shravach/Documents/IISc/4th sem/Intelligent ui/datasets/VOC/images/test2007/001431.jpg,1,3,1,2,3,0,1
/Users/shravach/Documents/IISc/4th sem/Intelligent ui/datasets/VOC/images/test2007/001433.jpg,1,1,0,1,0,0,1
/Users/shravach/Documents/IISc/4th sem/Intelligent ui/datasets/VOC/images/test2007/001435.jpg,7,9,1,6,9,2,-1
/Users/shravach/Documents/IISc/4th sem/Intelligent ui/datasets/VOC/images/test2007/001437.jpg,3,3,1,4,3,0,1
/Users/shravach/Documents/IISc/4th sem/Intelligent ui/datasets/VOC/images/test2007/001438.jpg,2,0,0,2,1,0,-1
/Users/shravach/Documents/IISc/4th sem/Intelligent ui/datasets/VOC/images/test2007/001440.jpg,1,0,0,1,0,0,0
/Users/shravach/Documents/IISc/4th sem/Intelligent ui/datasets/VOC/images/test2007/001446.jpg,2,1,0,2,0,0,1
/Users/shravach/Documents/IISc/4th sem/Intelligent ui/datasets/VOC/images/test2007/001447.jpg,2,0,0,2,0,0,0
/Users/shravach/Documents/IISc/4th sem/Intelligent ui/datasets/VOC/images/test2007/001448.jpg,2,0,0,2,0,0,0
/Users/shravach/Documents/IISc/4th sem/Intelligent ui/datasets/VOC/images/test2007/001449.jpg,3,0,0,3,0,0,0
/Users/shravach/Documents/IISc/4th sem/Intelligent ui/datasets/VOC/images/test2007/001452.jpg,2,1,0,2,1,0,0
/Users/shravach/Documents/IISc/4th sem/Intelligent ui/datasets/VOC/images/test2007/001454.jpg,1,0,0,1,0,0,0
/Users/shravach/Documents/IISc/4th sem/Intelligent ui/datasets/VOC/images/test2007/001456.jpg,3,1,0,3,0,0,1
/Users/shravach/Documents/IISc/4th sem/Intelligent ui/datasets/VOC/images/test2007/001458.jpg,1,0,0,1,0,0,0
/Users/shravach/Documents/IISc/4th sem/Intelligent ui/datasets/VOC/images/test2007/001459.jpg,3,1,1,3,2,1,-1
/Users/shravach/Documents/IISc/4th sem/Intelligent ui/datasets/VOC/images/test2007/001461.jpg,1,0,0,1,0,0,0
/Users/shravach/Documents/IISc/4th sem/Intelligent ui/datasets/VOC/images/test2007/001462.jpg,0,2,1,0,1,1,1
/Users/shravach/Documents/IISc/4th sem/Intelligent ui/datasets/VOC/images/test2007/001469.jpg,3,0,0,3,1,0,-1
/Users/shravach/Documents/IISc/4th sem/Intelligent ui/datasets/VOC/images/test2007/001471.jpg,1,0,0,1,0,0,0
/Users/shravach/Documents/IISc/4th sem/Intelligent ui/datasets/VOC/images/test2007/001473.jpg,2,0,0,2,1,0,-1
/Users/shravach/Documents/IISc/4th sem/Intelligent ui/datasets/VOC/images/test2007/001474.jpg,2,1,0,2,0,0,1
/Users/shravach/Documents/IISc/4th sem/Intelligent ui/datasets/VOC/images/test2007/001476.jpg,4,0,3,5,1,2,0
/Users/shravach/Documents/IISc/4th sem/Intelligent ui/datasets/VOC/images/test2007/001477.jpg,4,0,0,4,1,0,-1
/Users/shravach/Documents/IISc/4th sem/Intelligent ui/datasets/VOC/images/test2007/001478.jpg,1,0,0,1,0,0,0
/Users/shravach/Documents/IISc/4th sem/Intelligent ui/datasets/VOC/images/test2007/001482.jpg,5,0,0,5,1,0,-1
/Users/shravach/Documents/IISc/4th sem/Intelligent ui/datasets/VOC/images/test2007/001487.jpg,0,1,1,1,1,0,1
/Users/shravach/Documents/IISc/4th sem/Intelligent ui/datasets/VOC/images/test2007/001489.jpg,4,4,2,4,5,2,-1
/Users/shravach/Documents/IISc/4th sem/Intelligent ui/datasets/VOC/images/test2007/001491.jpg,3,0,0,3,0,0,0
/Users/shravach/Documents/IISc/4th sem/Intelligent ui/datasets/VOC/images/test2007/001495.jpg,1,0,0,1,0,0,0
/Users/shravach/Documents/IISc/4th sem/Intelligent ui/datasets/VOC/images/test2007/001496.jpg,8,0,0,8,0,0,0
/Users/shravach/Documents/IISc/4th sem/Intelligent ui/datasets/VOC/images/test2007/001500.jpg,1,1,0,1,1,0,0
/Users/shravach/Documents/IISc/4th sem/Intelligent ui/datasets/VOC/images/test2007/001502.jpg,2,1,0,2,1,0,0
/Users/shravach/Documents/IISc/4th sem/Intelligent ui/datasets/VOC/images/test2007/001503.jpg,0,1,1,0,0,1,1
/Users/shravach/Documents/IISc/4th sem/Intelligent ui/datasets/VOC/images/test2007/001505.jpg,0,0,1,1,0,0,1
/Users/shravach/Documents/IISc/4th sem/Intelligent ui/datasets/VOC/images/test2007/001506.jpg,3,0,0,3,0,0,0
/Users/shravach/Documents/IISc/4th sem/Intelligent ui/datasets/VOC/images/test2007/001507.jpg,1,0,0,1,0,0,0
/Users/shravach/Documents/IISc/4th sem/Intelligent ui/datasets/VOC/images/test2007/001508.jpg,1,0,2,1,5,2,-5
/Users/shravach/Documents/IISc/4th sem/Intelligent ui/datasets/VOC/images/test2007/001511.jpg,2,2,1,2,0,1,2
/Users/shravach/Documents/IISc/4th sem/Intelligent ui/datasets/VOC/images/test2007/001513.jpg,2,1,0,2,0,0,1
/Users/shravach/Documents/IISc/4th sem/Intelligent ui/datasets/VOC/images/test2007/001516.jpg,5,1,3,6,1,2,1
/Users/shravach/Documents/IISc/4th sem/Intelligent ui/datasets/VOC/images/test2007/001518.jpg,2,0,2,3,0,1,1
/Users/shravach/Documents/IISc/4th sem/Intelligent ui/datasets/VOC/images/test2007/001519.jpg,1,1,0,1,1,0,0
/Users/shravach/Documents/IISc/4th sem/Intelligent ui/datasets/VOC/images/test2007/001520.jpg,1,0,0,1,1,0,-1
/Users/shravach/Documents/IISc/4th sem/Intelligent ui/datasets/VOC/images/test2007/001525.jpg,1,0,0,1,0,0,0
/Users/shravach/Documents/IISc/4th sem/Intelligent ui/datasets/VOC/images/test2007/001527.jpg,3,0,0,3,0,0,0
/Users/shravach/Documents/IISc/4th sem/Intelligent ui/datasets/VOC/images/test2007/001530.jpg,1,0,0,1,0,0,0
/Users/shravach/Documents/IISc/4th sem/Intelligent ui/datasets/VOC/images/test2007/001533.jpg,3,1,0,3,2,0,-1
/Users/shravach/Documents/IISc/4th sem/Intelligent ui/datasets/VOC/images/test2007/001534.jpg,2,2,2,3,6,1,-3
/Users/shravach/Documents/IISc/4th sem/Intelligent ui/datasets/VOC/images/test2007/001535.jpg,1,0,0,1,0,0,0
/Users/shravach/Documents/IISc/4th sem/Intelligent ui/datasets/VOC/images/test2007/001538.jpg,6,1,0,6,2,0,-1
/Users/shravach/Documents/IISc/4th sem/Intelligent ui/datasets/VOC/images/test2007/001540.jpg,1,2,0,1,1,0,1
/Users/shravach/Documents/IISc/4th sem/Intelligent ui/datasets/VOC/images/test2007/001542.jpg,1,0,0,1,2,0,-2
/Users/shravach/Documents/IISc/4th sem/Intelligent ui/datasets/VOC/images/test2007/001546.jpg,1,1,0,1,2,0,-1
/Users/shravach/Documents/IISc/4th sem/Intelligent ui/datasets/VOC/images/test2007/001547.jpg,1,0,0,1,0,0,0
/Users/shravach/Documents/IISc/4th sem/Intelligent ui/datasets/VOC/images/test2007/001549.jpg,1,1,1,2,0,0,2
/Users/shravach/Documents/IISc/4th sem/Intelligent ui/datasets/VOC/images/test2007/001550.jpg,1,3,0,1,2,0,1
/Users/shravach/Documents/IISc/4th sem/Intelligent ui/datasets/VOC/images/test2007/001551.jpg,3,1,0,3,0,0,1
/Users/shravach/Documents/IISc/4th sem/Intelligent ui/datasets/VOC/images/test2007/001552.jpg,2,0,0,2,0,0,0
/Users/shravach/Documents/IISc/4th sem/Intelligent ui/datasets/VOC/images/test2007/001558.jpg,2,0,0,2,1,0,-1
/Users/shravach/Documents/IISc/4th sem/Intelligent ui/datasets/VOC/images/test2007/001560.jpg,1,1,0,1,2,0,-1
/Users/shravach/Documents/IISc/4th sem/Intelligent ui/datasets/VOC/images/test2007/001562.jpg,1,0,0,1,0,0,0
/Users/shravach/Documents/IISc/4th sem/Intelligent ui/datasets/VOC/images/test2007/001564.jpg,4,1,0,4,1,0,0
/Users/shravach/Documents/IISc/4th sem/Intelligent ui/datasets/VOC/images/test2007/001566.jpg,1,0,0,1,0,0,0
/Users/shravach/Documents/IISc/4th sem/Intelligent ui/datasets/VOC/images/test2007/001567.jpg,1,1,0,1,1,0,0
/Users/shravach/Documents/IISc/4th sem/Intelligent ui/datasets/VOC/images/test2007/001568.jpg,1,0,0,1,0,0,0
/Users/shravach/Documents/IISc/4th sem/Intelligent ui/datasets/VOC/images/test2007/001569.jpg,3,4,1,3,3,1,1
/Users/shravach/Documents/IISc/4th sem/Intelligent ui/datasets/VOC/images/test2007/001570.jpg,1,0,0,1,0,0,0
/Users/shravach/Documents/IISc/4th sem/Intelligent ui/datasets/VOC/images/test2007/001572.jpg,3,4,2,2,3,3,0
/Users/shravach/Documents/IISc/4th sem/Intelligent ui/datasets/VOC/images/test2007/001573.jpg,1,1,0,1,1,0,0
/Users/shravach/Documents/IISc/4th sem/Intelligent ui/datasets/VOC/images/test2007/001574.jpg,1,0,0,1,0,0,0
/Users/shravach/Documents/IISc/4th sem/Intelligent ui/datasets/VOC/images/test2007/001575.jpg,7,1,0,7,1,0,0
/Users/shravach/Documents/IISc/4th sem/Intelligent ui/datasets/VOC/images/test2007/001578.jpg,1,0,1,1,0,1,0
/Users/shravach/Documents/IISc/4th sem/Intelligent ui/datasets/VOC/images/test2007/001581.jpg,5,0,0,5,3,0,-3
/Users/shravach/Documents/IISc/4th sem/Intelligent ui/datasets/VOC/images/test2007/001583.jpg,2,0,0,2,0,0,0
/Users/shravach/Documents/IISc/4th sem/Intelligent ui/datasets/VOC/images/test2007/001584.jpg,1,1,0,1,0,0,1
/Users/shravach/Documents/IISc/4th sem/Intelligent ui/datasets/VOC/images/test2007/001585.jpg,1,0,2,2,0,1,1
/Users/shravach/Documents/IISc/4th sem/Intelligent ui/datasets/VOC/images/test2007/001587.jpg,1,0,0,1,0,0,0
/Users/shravach/Documents/IISc/4th sem/Intelligent ui/datasets/VOC/images/test2007/001589.jpg,2,0,0,2,0,0,0
/Users/shravach/Documents/IISc/4th sem/Intelligent ui/datasets/VOC/images/test2007/001591.jpg,1,0,0,1,0,0,0
/Users/shravach/Documents/IISc/4th sem/Intelligent ui/datasets/VOC/images/test2007/001592.jpg,2,0,0,2,0,0,0
/Users/shravach/Documents/IISc/4th sem/Intelligent ui/datasets/VOC/images/test2007/001596.jpg,1,0,0,1,0,0,0
/Users/shravach/Documents/IISc/4th sem/Intelligent ui/datasets/VOC/images/test2007/001599.jpg,1,4,1,2,1,0,4
/Users/shravach/Documents/IISc/4th sem/Intelligent ui/datasets/VOC/images/test2007/001600.jpg,1,3,0,1,6,0,-3
/Users/shravach/Documents/IISc/4th sem/Intelligent ui/datasets/VOC/images/test2007/001601.jpg,1,0,0,1,0,0,0
/Users/shravach/Documents/IISc/4th sem/Intelligent ui/datasets/VOC/images/test2007/001602.jpg,1,2,0,1,1,0,1
/Users/shravach/Documents/IISc/4th sem/Intelligent ui/datasets/VOC/images/test2007/001605.jpg,1,1,0,1,2,0,-1
/Users/shravach/Documents/IISc/4th sem/Intelligent ui/datasets/VOC/images/test2007/001606.jpg,6,1,0,6,2,0,-1
/Users/shravach/Documents/IISc/4th sem/Intelligent ui/datasets/VOC/images/test2007/001609.jpg,1,2,0,1,3,0,-1
/Users/shravach/Documents/IISc/4th sem/Intelligent ui/datasets/VOC/images/test2007/001613.jpg,1,0,1,1,0,1,0
/Users/shravach/Documents/IISc/4th sem/Intelligent ui/datasets/VOC/images/test2007/001615.jpg,0,2,1,0,0,1,2
/Users/shravach/Documents/IISc/4th sem/Intelligent ui/datasets/VOC/images/test2007/001616.jpg,1,0,0,1,0,0,0
/Users/shravach/Documents/IISc/4th sem/Intelligent ui/datasets/VOC/images/test2007/001619.jpg,3,2,1,3,1,1,1
/Users/shravach/Documents/IISc/4th sem/Intelligent ui/datasets/VOC/images/test2007/001620.jpg,4,0,0,4,0,0,0
/Users/shravach/Documents/IISc/4th sem/Intelligent ui/datasets/VOC/images/test2007/001621.jpg,1,0,0,1,0,0,0
/Users/shravach/Documents/IISc/4th sem/Intelligent ui/datasets/VOC/images/test2007/001623.jpg,2,0,0,1,0,1,-1
/Users/shravach/Documents/IISc/4th sem/Intelligent ui/datasets/VOC/images/test2007/001624.jpg,2,0,0,2,0,0,0
/Users/shravach/Documents/IISc/4th sem/Intelligent ui/datasets/VOC/images/test2007/001625.jpg,3,1,0,3,0,0,1
/Users/shravach/Documents/IISc/4th sem/Intelligent ui/datasets/VOC/images/test2007/001626.jpg,1,1,0,1,1,0,0
/Users/shravach/Documents/IISc/4th sem/Intelligent ui/datasets/VOC/images/test2007/001629.jpg,2,1,1,3,2,0,0
/Users/shravach/Documents/IISc/4th sem/Intelligent ui/datasets/VOC/images/test2007/001631.jpg,2,1,0,2,2,0,-1
/Users/shravach/Documents/IISc/4th sem/Intelligent ui/datasets/VOC/images/test2007/001634.jpg,1,1,0,1,1,0,0
/Users/shravach/Documents/IISc/4th sem/Intelligent ui/datasets/VOC/images/test2007/001635.jpg,1,4,2,1,2,2,2
/Users/shravach/Documents/IISc/4th sem/Intelligent ui/datasets/VOC/images/test2007/001637.jpg,1,0,0,1,0,0,0
/Users/shravach/Documents/IISc/4th sem/Intelligent ui/datasets/VOC/images/test2007/001639.jpg,1,0,1,1,0,1,0
/Users/shravach/Documents/IISc/4th sem/Intelligent ui/datasets/VOC/images/test2007/001641.jpg,1,1,1,1,1,1,0
/Users/shravach/Documents/IISc/4th sem/Intelligent ui/datasets/VOC/images/test2007/001644.jpg,3,2,0,3,1,0,1
/Users/shravach/Documents/IISc/4th sem/Intelligent ui/datasets/VOC/images/test2007/001645.jpg,1,0,0,1,0,0,0
/Users/shravach/Documents/IISc/4th sem/Intelligent ui/datasets/VOC/images/test2007/001646.jpg,2,0,0,2,0,0,0
/Users/shravach/Documents/IISc/4th sem/Intelligent ui/datasets/VOC/images/test2007/001648.jpg,2,4,1,2,3,1,1
/Users/shravach/Documents/IISc/4th sem/Intelligent ui/datasets/VOC/images/test2007/001652.jpg,3,1,1,3,2,1,-1
/Users/shravach/Documents/IISc/4th sem/Intelligent ui/datasets/VOC/images/test2007/001655.jpg,1,0,0,1,0,0,0
/Users/shravach/Documents/IISc/4th sem/Intelligent ui/datasets/VOC/images/test2007/001656.jpg,2,0,0,2,0,0,0
/Users/shravach/Documents/IISc/4th sem/Intelligent ui/datasets/VOC/images/test2007/001657.jpg,2,0,1,2,1,1,-1
/Users/shravach/Documents/IISc/4th sem/Intelligent ui/datasets/VOC/images/test2007/001658.jpg,4,5,1,4,3,1,2
/Users/shravach/Documents/IISc/4th sem/Intelligent ui/datasets/VOC/images/test2007/001659.jpg,1,0,0,1,1,0,-1
/Users/shravach/Documents/IISc/4th sem/Intelligent ui/datasets/VOC/images/test2007/001660.jpg,1,0,0,1,0,0,0
/Users/shravach/Documents/IISc/4th sem/Intelligent ui/datasets/VOC/images/test2007/001663.jpg,1,0,0,1,0,0,0
/Users/shravach/Documents/IISc/4th sem/Intelligent ui/datasets/VOC/images/test2007/001664.jpg,1,0,0,1,0,0,0
/Users/shravach/Documents/IISc/4th sem/Intelligent ui/datasets/VOC/images/test2007/001665.jpg,1,0,0,1,1,0,-1
/Users/shravach/Documents/IISc/4th sem/Intelligent ui/datasets/VOC/images/test2007/001666.jpg,1,2,0,1,1,0,1
/Users/shravach/Documents/IISc/4th sem/Intelligent ui/datasets/VOC/images/test2007/001667.jpg,1,0,0,1,0,0,0
/Users/shravach/Documents/IISc/4th sem/Intelligent ui/datasets/VOC/images/test2007/001668.jpg,6,2,0,6,0,0,2
/Users/shravach/Documents/IISc/4th sem/Intelligent ui/datasets/VOC/images/test2007/001670.jpg,2,2,0,2,2,0,0
/Users/shravach/Documents/IISc/4th sem/Intelligent ui/datasets/VOC/images/test2007/001671.jpg,0,3,3,3,2,0,4
/Users/shravach/Documents/IISc/4th sem/Intelligent ui/datasets/VOC/images/test2007/001672.jpg,1,0,0,1,0,0,0
/Users/shravach/Documents/IISc/4th sem/Intelligent ui/datasets/VOC/images/test2007/001674.jpg,1,11,0,1,11,0,0
/Users/shravach/Documents/IISc/4th sem/Intelligent ui/datasets/VOC/images/test2007/001679.jpg,1,0,0,1,0,0,0
/Users/shravach/Documents/IISc/4th sem/Intelligent ui/datasets/VOC/images/test2007/001681.jpg,1,0,1,2,0,0,1
/Users/shravach/Documents/IISc/4th sem/Intelligent ui/datasets/VOC/images/test2007/001687.jpg,2,0,0,2,1,0,-1
/Users/shravach/Documents/IISc/4th sem/Intelligent ui/datasets/VOC/images/test2007/001692.jpg,2,0,0,2,0,0,0
/Users/shravach/Documents/IISc/4th sem/Intelligent ui/datasets/VOC/images/test2007/001694.jpg,1,0,0,1,0,0,0
/Users/shravach/Documents/IISc/4th sem/Intelligent ui/datasets/VOC/images/test2007/001695.jpg,1,0,0,1,0,0,0
/Users/shravach/Documents/IISc/4th sem/Intelligent ui/datasets/VOC/images/test2007/001696.jpg,3,2,1,3,2,1,0
/Users/shravach/Documents/IISc/4th sem/Intelligent ui/datasets/VOC/images/test2007/001697.jpg,1,0,0,1,0,0,0
/Users/shravach/Documents/IISc/4th sem/Intelligent ui/datasets/VOC/images/test2007/001698.jpg,1,1,1,2,1,0,1
/Users/shravach/Documents/IISc/4th sem/Intelligent ui/datasets/VOC/images/test2007/001700.jpg,1,1,0,1,0,0,1
/Users/shravach/Documents/IISc/4th sem/Intelligent ui/datasets/VOC/images/test2007/001701.jpg,1,1,0,1,0,0,1
/Users/shravach/Documents/IISc/4th sem/Intelligent ui/datasets/VOC/images/test2007/001702.jpg,1,0,0,1,0,0,0
/Users/shravach/Documents/IISc/4th sem/Intelligent ui/datasets/VOC/images/test2007/001703.jpg,2,0,0,2,1,0,-1
/Users/shravach/Documents/IISc/4th sem/Intelligent ui/datasets/VOC/images/test2007/001704.jpg,1,0,0,1,0,0,0
/Users/shravach/Documents/IISc/4th sem/Intelligent ui/datasets/VOC/images/test2007/001705.jpg,1,0,1,1,0,1,0
/Users/shravach/Documents/IISc/4th sem/Intelligent ui/datasets/VOC/images/test2007/001706.jpg,2,1,0,2,1,0,0
/Users/shravach/Documents/IISc/4th sem/Intelligent ui/datasets/VOC/images/test2007/001709.jpg,2,1,0,2,2,0,-1
/Users/shravach/Documents/IISc/4th sem/Intelligent ui/datasets/VOC/images/test2007/001710.jpg,3,2,0,3,1,0,1
/Users/shravach/Documents/IISc/4th sem/Intelligent ui/datasets/VOC/images/test2007/001712.jpg,2,5,1,2,2,1,3
/Users/shravach/Documents/IISc/4th sem/Intelligent ui/datasets/VOC/images/test2007/001715.jpg,2,1,0,2,1,0,0
/Users/shravach/Documents/IISc/4th sem/Intelligent ui/datasets/VOC/images/test2007/001716.jpg,1,7,0,1,5,0,2
/Users/shravach/Documents/IISc/4th sem/Intelligent ui/datasets/VOC/images/test2007/001719.jpg,1,0,0,1,0,0,0
/Users/shravach/Documents/IISc/4th sem/Intelligent ui/datasets/VOC/images/test2007/001720.jpg,7,1,1,7,2,1,-1
/Users/shravach/Documents/IISc/4th sem/Intelligent ui/datasets/VOC/images/test2007/001722.jpg,3,0,0,3,0,0,0
/Users/shravach/Documents/IISc/4th sem/Intelligent ui/datasets/VOC/images/test2007/001728.jpg,3,1,0,3,2,0,-1
/Users/shravach/Documents/IISc/4th sem/Intelligent ui/datasets/VOC/images/test2007/001731.jpg,3,1,1,2,0,2,0
/Users/shravach/Documents/IISc/4th sem/Intelligent ui/datasets/VOC/images/test2007/001735.jpg,1,1,1,2,2,0,0
/Users/shravach/Documents/IISc/4th sem/Intelligent ui/datasets/VOC/images/test2007/001736.jpg,1,0,0,1,0,0,0
/Users/shravach/Documents/IISc/4th sem/Intelligent ui/datasets/VOC/images/test2007/001737.jpg,1,0,0,1,0,0,0
/Users/shravach/Documents/IISc/4th sem/Intelligent ui/datasets/VOC/images/test2007/001740.jpg,1,1,0,1,1,0,0
/Users/shravach/Documents/IISc/4th sem/Intelligent ui/datasets/VOC/images/test2007/001742.jpg,2,2,0,2,2,0,0
/Users/shravach/Documents/IISc/4th sem/Intelligent ui/datasets/VOC/images/test2007/001743.jpg,1,1,1,1,0,1,1
/Users/shravach/Documents/IISc/4th sem/Intelligent ui/datasets/VOC/images/test2007/001744.jpg,1,0,0,1,0,0,0
/Users/shravach/Documents/IISc/4th sem/Intelligent ui/datasets/VOC/images/test2007/001745.jpg,5,0,2,6,2,1,-1
/Users/shravach/Documents/IISc/4th sem/Intelligent ui/datasets/VOC/images/test2007/001748.jpg,2,1,0,2,0,0,1
/Users/shravach/Documents/IISc/4th sem/Intelligent ui/datasets/VOC/images/test2007/001751.jpg,0,1,1,1,0,0,2
/Users/shravach/Documents/IISc/4th sem/Intelligent ui/datasets/VOC/images/test2007/001753.jpg,1,0,0,0,0,1,-1
/Users/shravach/Documents/IISc/4th sem/Intelligent ui/datasets/VOC/images/test2007/001757.jpg,6,0,0,6,0,0,0
/Users/shravach/Documents/IISc/4th sem/Intelligent ui/datasets/VOC/images/test2007/001760.jpg,6,3,1,6,2,1,1
/Users/shravach/Documents/IISc/4th sem/Intelligent ui/datasets/VOC/images/test2007/001762.jpg,1,0,1,1,0,1,0
/Users/shravach/Documents/IISc/4th sem/Intelligent ui/datasets/VOC/images/test2007/001763.jpg,2,0,1,3,0,0,1
/Users/shravach/Documents/IISc/4th sem/Intelligent ui/datasets/VOC/images/test2007/001764.jpg,4,4,0,4,2,0,2
/Users/shravach/Documents/IISc/4th sem/Intelligent ui/datasets/VOC/images/test2007/001767.jpg,1,0,0,1,0,0,0
/Users/shravach/Documents/IISc/4th sem/Intelligent ui/datasets/VOC/images/test2007/001769.jpg,4,4,0,4,4,0,0
/Users/shravach/Documents/IISc/4th sem/Intelligent ui/datasets/VOC/images/test2007/001770.jpg,2,0,2,1,1,3,-2
/Users/shravach/Documents/IISc/4th sem/Intelligent ui/datasets/VOC/images/test2007/001773.jpg,2,0,0,2,1,0,-1
/Users/shravach/Documents/IISc/4th sem/Intelligent ui/datasets/VOC/images/test2007/001774.jpg,1,0,0,1,0,0,0
/Users/shravach/Documents/IISc/4th sem/Intelligent ui/datasets/VOC/images/test2007/001776.jpg,4,1,0,4,0,0,1
/Users/shravach/Documents/IISc/4th sem/Intelligent ui/datasets/VOC/images/test2007/001779.jpg,2,1,0,1,1,1,-1
/Users/shravach/Documents/IISc/4th sem/Intelligent ui/datasets/VOC/images/test2007/001781.jpg,2,2,0,2,1,0,1
/Users/shravach/Documents/IISc/4th sem/Intelligent ui/datasets/VOC/images/test2007/001783.jpg,2,1,0,2,1,0,0
/Users/shravach/Documents/IISc/4th sem/Intelligent ui/datasets/VOC/images/test2007/001786.jpg,1,1,0,1,0,0,1
/Users/shravach/Documents/IISc/4th sem/Intelligent ui/datasets/VOC/images/test2007/001788.jpg,1,0,0,1,0,0,0
/Users/shravach/Documents/IISc/4th sem/Intelligent ui/datasets/VOC/images/test2007/001790.jpg,1,0,0,1,0,0,0
/Users/shravach/Documents/IISc/4th sem/Intelligent ui/datasets/VOC/images/test2007/001791.jpg,1,0,0,1,0,0,0
/Users/shravach/Documents/IISc/4th sem/Intelligent ui/datasets/VOC/images/test2007/001792.jpg,12,4,0,12,3,0,1
/Users/shravach/Documents/IISc/4th sem/Intelligent ui/datasets/VOC/images/test2007/001794.jpg,2,1,0,2,0,0,1
/Users/shravach/Documents/IISc/4th sem/Intelligent ui/datasets/VOC/images/test2007/001796.jpg,0,1,1,0,1,1,0
/Users/shravach/Documents/IISc/4th sem/Intelligent ui/datasets/VOC/images/test2007/001798.jpg,2,0,1,2,3,1,-3
/Users/shravach/Documents/IISc/4th sem/Intelligent ui/datasets/VOC/images/test2007/001802.jpg,3,0,0,3,0,0,0
/Users/shravach/Documents/IISc/4th sem/Intelligent ui/datasets/VOC/images/test2007/001803.jpg,1,0,0,1,0,0,0
/Users/shravach/Documents/IISc/4th sem/Intelligent ui/datasets/VOC/images/test2007/001804.jpg,1,1,0,1,1,0,0
/Users/shravach/Documents/IISc/4th sem/Intelligent ui/datasets/VOC/images/test2007/001805.jpg,3,1,0,3,1,0,0
/Users/shravach/Documents/IISc/4th sem/Intelligent ui/datasets/VOC/images/test2007/001808.jpg,4,5,0,4,3,0,2
/Users/shravach/Documents/IISc/4th sem/Intelligent ui/datasets/VOC/images/test2007/001811.jpg,1,4,1,0,3,2,0
/Users/shravach/Documents/IISc/4th sem/Intelligent ui/datasets/VOC/images/test2007/001812.jpg,2,0,1,3,1,0,0
/Users/shravach/Documents/IISc/4th sem/Intelligent ui/datasets/VOC/images/test2007/001813.jpg,1,1,0,1,1,0,0
/Users/shravach/Documents/IISc/4th sem/Intelligent ui/datasets/VOC/images/test2007/001814.jpg,1,0,0,1,0,0,0
/Users/shravach/Documents/IISc/4th sem/Intelligent ui/datasets/VOC/images/test2007/001815.jpg,1,1,0,1,0,0,1
/Users/shravach/Documents/IISc/4th sem/Intelligent ui/datasets/VOC/images/test2007/001817.jpg,1,0,0,1,1,0,-1
/Users/shravach/Documents/IISc/4th sem/Intelligent ui/datasets/VOC/images/test2007/001819.jpg,2,0,0,2,0,0,0
/Users/shravach/Documents/IISc/4th sem/Intelligent ui/datasets/VOC/images/test2007/001820.jpg,1,0,0,1,1,0,-1
/Users/shravach/Documents/IISc/4th sem/Intelligent ui/datasets/VOC/images/test2007/001822.jpg,1,0,0,1,0,0,0
/Users/shravach/Documents/IISc/4th sem/Intelligent ui/datasets/VOC/images/test2007/001823.jpg,2,0,0,2,0,0,0
/Users/shravach/Documents/IISc/4th sem/Intelligent ui/datasets/VOC/images/test2007/001824.jpg,1,1,1,2,0,0,2
/Users/shravach/Documents/IISc/4th sem/Intelligent ui/datasets/VOC/images/test2007/001826.jpg,2,0,0,2,1,0,-1
/Users/shravach/Documents/IISc/4th sem/Intelligent ui/datasets/VOC/images/test2007/001829.jpg,1,2,0,1,1,0,1
/Users/shravach/Documents/IISc/4th sem/Intelligent ui/datasets/VOC/images/test2007/001831.jpg,5,2,0,5,2,0,0
/Users/shravach/Documents/IISc/4th sem/Intelligent ui/datasets/VOC/images/test2007/001835.jpg,1,0,0,1,0,0,0
/Users/shravach/Documents/IISc/4th sem/Intelligent ui/datasets/VOC/images/test2007/001838.jpg,1,0,0,1,0,0,0
/Users/shravach/Documents/IISc/4th sem/Intelligent ui/datasets/VOC/images/test2007/001839.jpg,7,4,0,7,5,0,-1
/Users/shravach/Documents/IISc/4th sem/Intelligent ui/datasets/VOC/images/test2007/001844.jpg,1,0,0,1,0,0,0
/Users/shravach/Documents/IISc/4th sem/Intelligent ui/datasets/VOC/images/test2007/001846.jpg,1,0,0,1,0,0,0
/Users/shravach/Documents/IISc/4th sem/Intelligent ui/datasets/VOC/images/test2007/001848.jpg,1,0,0,1,0,0,0
/Users/shravach/Documents/IISc/4th sem/Intelligent ui/datasets/VOC/images/test2007/001850.jpg,4,1,0,4,1,0,0
/Users/shravach/Documents/IISc/4th sem/Intelligent ui/datasets/VOC/images/test2007/001851.jpg,2,0,0,2,0,0,0
/Users/shravach/Documents/IISc/4th sem/Intelligent ui/datasets/VOC/images/test2007/001852.jpg,2,1,0,2,0,0,1
/Users/shravach/Documents/IISc/4th sem/Intelligent ui/datasets/VOC/images/test2007/001856.jpg,1,1,3,0,0,4,0
/Users/shravach/Documents/IISc/4th sem/Intelligent ui/datasets/VOC/images/test2007/001857.jpg,6,1,0,5,4,1,-4
/Users/shravach/Documents/IISc/4th sem/Intelligent ui/datasets/VOC/images/test2007/001859.jpg,1,0,0,1,2,0,-2
/Users/shravach/Documents/IISc/4th sem/Intelligent ui/datasets/VOC/images/test2007/001863.jpg,1,0,0,1,0,0,0
/Users/shravach/Documents/IISc/4th sem/Intelligent ui/datasets/VOC/images/test2007/001865.jpg,1,0,0,1,0,0,0
/Users/shravach/Documents/IISc/4th sem/Intelligent ui/datasets/VOC/images/test2007/001866.jpg,2,0,0,2,0,0,0
/Users/shravach/Documents/IISc/4th sem/Intelligent ui/datasets/VOC/images/test2007/001867.jpg,0,1,3,0,0,3,1
/Users/shravach/Documents/IISc/4th sem/Intelligent ui/datasets/VOC/images/test2007/001868.jpg,1,2,1,2,2,0,1
/Users/shravach/Documents/IISc/4th sem/Intelligent ui/datasets/VOC/images/test2007/001869.jpg,1,2,0,1,2,0,0
/Users/shravach/Documents/IISc/4th sem/Intelligent ui/datasets/VOC/images/test2007/001871.jpg,1,1,0,1,1,0,0
/Users/shravach/Documents/IISc/4th sem/Intelligent ui/datasets/VOC/images/test2007/001873.jpg,1,0,0,1,0,0,0
/Users/shravach/Documents/IISc/4th sem/Intelligent ui/datasets/VOC/images/test2007/001874.jpg,1,0,0,1,0,0,0
/Users/shravach/Documents/IISc/4th sem/Intelligent ui/datasets/VOC/images/test2007/001876.jpg,1,0,0,1,0,0,0
/Users/shravach/Documents/IISc/4th sem/Intelligent ui/datasets/VOC/images/test2007/001879.jpg,1,0,0,1,0,0,0
/Users/shravach/Documents/IISc/4th sem/Intelligent ui/datasets/VOC/images/test2007/001880.jpg,0,1,3,1,3,2,-1
/Users/shravach/Documents/IISc/4th sem/Intelligent ui/datasets/VOC/images/test2007/001883.jpg,2,1,1,3,1,0,1
/Users/shravach/Documents/IISc/4th sem/Intelligent ui/datasets/VOC/images/test2007/001884.jpg,1,0,2,1,1,2,-1
/Users/shravach/Documents/IISc/4th sem/Intelligent ui/datasets/VOC/images/test2007/001885.jpg,1,0,0,1,1,0,-1
/Users/shravach/Documents/IISc/4th sem/Intelligent ui/datasets/VOC/images/test2007/001886.jpg,1,0,0,1,0,0,0
/Users/shravach/Documents/IISc/4th sem/Intelligent ui/datasets/VOC/images/test2007/001889.jpg,5,4,1,6,3,0,2
/Users/shravach/Documents/IISc/4th sem/Intelligent ui/datasets/VOC/images/test2007/001890.jpg,1,0,0,1,0,0,0
/Users/shravach/Documents/IISc/4th sem/Intelligent ui/datasets/VOC/images/test2007/001891.jpg,3,0,0,3,0,0,0
/Users/shravach/Documents/IISc/4th sem/Intelligent ui/datasets/VOC/images/test2007/001893.jpg,9,1,1,9,0,1,1
/Users/shravach/Documents/IISc/4th sem/Intelligent ui/datasets/VOC/images/test2007/001895.jpg,1,2,0,1,6,0,-4
/Users/shravach/Documents/IISc/4th sem/Intelligent ui/datasets/VOC/images/test2007/001897.jpg,1,2,0,1,1,0,1
/Users/shravach/Documents/IISc/4th sem/Intelligent ui/datasets/VOC/images/test2007/001900.jpg,1,0,0,1,0,0,0
/Users/shravach/Documents/IISc/4th sem/Intelligent ui/datasets/VOC/images/test2007/001905.jpg,3,1,1,3,3,1,-2
/Users/shravach/Documents/IISc/4th sem/Intelligent ui/datasets/VOC/images/test2007/001908.jpg,1,0,0,1,0,0,0
/Users/shravach/Documents/IISc/4th sem/Intelligent ui/datasets/VOC/images/test2007/001909.jpg,1,0,0,1,0,0,0
/Users/shravach/Documents/IISc/4th sem/Intelligent ui/datasets/VOC/images/test2007/001910.jpg,1,0,0,1,0,0,0
/Users/shravach/Documents/IISc/4th sem/Intelligent ui/datasets/VOC/images/test2007/001912.jpg,1,0,0,1,0,0,0
/Users/shravach/Documents/IISc/4th sem/Intelligent ui/datasets/VOC/images/test2007/001913.jpg,1,2,0,1,2,0,0
/Users/shravach/Documents/IISc/4th sem/Intelligent ui/datasets/VOC/images/test2007/001914.jpg,3,1,0,3,0,0,1
/Users/shravach/Documents/IISc/4th sem/Intelligent ui/datasets/VOC/images/test2007/001916.jpg,10,3,2,10,3,2,0
/Users/shravach/Documents/IISc/4th sem/Intelligent ui/datasets/VOC/images/test2007/001917.jpg,3,0,0,3,0,0,0
/Users/shravach/Documents/IISc/4th sem/Intelligent ui/datasets/VOC/images/test2007/001919.jpg,1,0,0,1,0,0,0
/Users/shravach/Documents/IISc/4th sem/Intelligent ui/datasets/VOC/images/test2007/001921.jpg,2,4,2,2,4,2,0
/Users/shravach/Documents/IISc/4th sem/Intelligent ui/datasets/VOC/images/test2007/001923.jpg,5,2,0,5,1,0,1
/Users/shravach/Documents/IISc/4th sem/Intelligent ui/datasets/VOC/images/test2007/001924.jpg,2,0,0,2,0,0,0
/Users/shravach/Documents/IISc/4th sem/Intelligent ui/datasets/VOC/images/test2007/001925.jpg,7,1,9,7,3,9,-2
/Users/shravach/Documents/IISc/4th sem/Intelligent ui/datasets/VOC/images/test2007/001926.jpg,2,0,0,2,1,0,-1
/Users/shravach/Documents/IISc/4th sem/Intelligent ui/datasets/VOC/images/test2007/001929.jpg,1,0,0,1,0,0,0
/Users/shravach/Documents/IISc/4th sem/Intelligent ui/datasets/VOC/images/test2007/001935.jpg,2,0,0,2,0,0,0
/Users/shravach/Documents/IISc/4th sem/Intelligent ui/datasets/VOC/images/test2007/001939.jpg,1,0,0,1,0,0,0
/Users/shravach/Documents/IISc/4th sem/Intelligent ui/datasets/VOC/images/test2007/001942.jpg,2,1,2,2,1,2,0
/Users/shravach/Documents/IISc/4th sem/Intelligent ui/datasets/VOC/images/test2007/001943.jpg,1,0,0,1,0,0,0
/Users/shravach/Documents/IISc/4th sem/Intelligent ui/datasets/VOC/images/test2007/001946.jpg,1,0,0,1,0,0,0
/Users/shravach/Documents/IISc/4th sem/Intelligent ui/datasets/VOC/images/test2007/001947.jpg,4,1,1,5,2,0,0
/Users/shravach/Documents/IISc/4th sem/Intelligent ui/datasets/VOC/images/test2007/001949.jpg,4,1,0,4,2,0,-1
/Users/shravach/Documents/IISc/4th sem/Intelligent ui/datasets/VOC/images/test2007/001951.jpg,1,0,0,1,0,0,0
/Users/shravach/Documents/IISc/4th sem/Intelligent ui/datasets/VOC/images/test2007/001953.jpg,1,1,1,2,0,0,2
/Users/shravach/Documents/IISc/4th sem/Intelligent ui/datasets/VOC/images/test2007/001955.jpg,0,0,2,0,2,2,-2
/Users/shravach/Documents/IISc/4th sem/Intelligent ui/datasets/VOC/images/test2007/001956.jpg,1,0,0,1,0,0,0
/Users/shravach/Documents/IISc/4th sem/Intelligent ui/datasets/VOC/images/test2007/001957.jpg,0,0,1,1,1,0,0
/Users/shravach/Documents/IISc/4th sem/Intelligent ui/datasets/VOC/images/test2007/001959.jpg,1,0,0,1,0,0,0
/Users/shravach/Documents/IISc/4th sem/Intelligent ui/datasets/VOC/images/test2007/001961.jpg,1,0,1,2,0,0,1
/Users/shravach/Documents/IISc/4th sem/Intelligent ui/datasets/VOC/images/test2007/001965.jpg,2,0,0,2,0,0,0
/Users/shravach/Documents/IISc/4th sem/Intelligent ui/datasets/VOC/images/test2007/001966.jpg,2,0,0,2,0,0,0
/Users/shravach/Documents/IISc/4th sem/Intelligent ui/datasets/VOC/images/test2007/001967.jpg,1,0,0,1,0,0,0
/Users/shravach/Documents/IISc/4th sem/Intelligent ui/datasets/VOC/images/test2007/001968.jpg,0,2,1,1,0,0,3
/Users/shravach/Documents/IISc/4th sem/Intelligent ui/datasets/VOC/images/test2007/001969.jpg,4,1,0,4,2,0,-1
/Users/shravach/Documents/IISc/4th sem/Intelligent ui/datasets/VOC/images/test2007/001973.jpg,0,1,2,0,3,2,-2
/Users/shravach/Documents/IISc/4th sem/Intelligent ui/datasets/VOC/images/test2007/001974.jpg,3,3,4,5,1,2,4
/Users/shravach/Documents/IISc/4th sem/Intelligent ui/datasets/VOC/images/test2007/001975.jpg,8,1,0,8,0,0,1
/Users/shravach/Documents/IISc/4th sem/Intelligent ui/datasets/VOC/images/test2007/001979.jpg,2,0,0,2,0,0,0
/Users/shravach/Documents/IISc/4th sem/Intelligent ui/datasets/VOC/images/test2007/001983.jpg,1,0,0,1,0,0,0
/Users/shravach/Documents/IISc/4th sem/Intelligent ui/datasets/VOC/images/test2007/001984.jpg,3,0,0,3,0,0,0
/Users/shravach/Documents/IISc/4th sem/Intelligent ui/datasets/VOC/images/test2007/001986.jpg,1,0,0,1,1,0,-1
/Users/shravach/Documents/IISc/4th sem/Intelligent ui/datasets/VOC/images/test2007/001987.jpg,1,0,0,1,0,0,0
/Users/shravach/Documents/IISc/4th sem/Intelligent ui/datasets/VOC/images/test2007/001988.jpg,2,0,0,2,0,0,0
/Users/shravach/Documents/IISc/4th sem/Intelligent ui/datasets/VOC/images/test2007/001990.jpg,5,3,1,5,1,1,2
/Users/shravach/Documents/IISc/4th sem/Intelligent ui/datasets/VOC/images/test2007/001991.jpg,2,0,0,2,0,0,0
/Users/shravach/Documents/IISc/4th sem/Intelligent ui/datasets/VOC/images/test2007/001992.jpg,2,0,1,2,0,1,0
/Users/shravach/Documents/IISc/4th sem/Intelligent ui/datasets/VOC/images/test2007/001993.jpg,2,0,0,2,1,0,-1
/Users/shravach/Documents/IISc/4th sem/Intelligent ui/datasets/VOC/images/test2007/001994.jpg,1,0,0,1,0,0,0
/Users/shravach/Documents/IISc/4th sem/Intelligent ui/datasets/VOC/images/test2007/001996.jpg,1,1,1,1,0,1,1
/Users/shravach/Documents/IISc/4th sem/Intelligent ui/datasets/VOC/images/test2007/001997.jpg,1,0,0,1,0,0,0
/Users/shravach/Documents/IISc/4th sem/Intelligent ui/datasets/VOC/images/test2007/001998.jpg,2,0,0,2,0,0,0
/Users/shravach/Documents/IISc/4th sem/Intelligent ui/datasets/VOC/images/test2007/002003.jpg,1,0,0,1,0,0,0
/Users/shravach/Documents/IISc/4th sem/Intelligent ui/datasets/VOC/images/test2007/002005.jpg,2,1,0,2,0,0,1
/Users/shravach/Documents/IISc/4th sem/Intelligent ui/datasets/VOC/images/test2007/002007.jpg,1,1,0,1,1,0,0
/Users/shravach/Documents/IISc/4th sem/Intelligent ui/datasets/VOC/images/test2007/002008.jpg,2,0,0,2,0,0,0
/Users/shravach/Documents/IISc/4th sem/Intelligent ui/datasets/VOC/images/test2007/002009.jpg,1,1,0,1,0,0,1
/Users/shravach/Documents/IISc/4th sem/Intelligent ui/datasets/VOC/images/test2007/002010.jpg,1,0,0,1,1,0,-1
/Users/shravach/Documents/IISc/4th sem/Intelligent ui/datasets/VOC/images/test2007/002013.jpg,1,0,0,1,2,0,-2
/Users/shravach/Documents/IISc/4th sem/Intelligent ui/datasets/VOC/images/test2007/002014.jpg,1,0,0,1,0,0,0
/Users/shravach/Documents/IISc/4th sem/Intelligent ui/datasets/VOC/images/test2007/002016.jpg,1,0,0,1,1,0,-1
/Users/shravach/Documents/IISc/4th sem/Intelligent ui/datasets/VOC/images/test2007/002017.jpg,1,0,0,1,0,0,0
/Users/shravach/Documents/IISc/4th sem/Intelligent ui/datasets/VOC/images/test2007/002018.jpg,1,3,4,1,4,4,-1
/Users/shravach/Documents/IISc/4th sem/Intelligent ui/datasets/VOC/images/test2007/002026.jpg,3,1,1,4,1,0,1
/Users/shravach/Documents/IISc/4th sem/Intelligent ui/datasets/VOC/images/test2007/002028.jpg,1,0,0,1,0,0,0
/Users/shravach/Documents/IISc/4th sem/Intelligent ui/datasets/VOC/images/test2007/002029.jpg,1,0,0,1,0,0,0
/Users/shravach/Documents/IISc/4th sem/Intelligent ui/datasets/VOC/images/test2007/002031.jpg,2,1,0,2,0,0,1
/Users/shravach/Documents/IISc/4th sem/Intelligent ui/datasets/VOC/images/test2007/002032.jpg,1,0,0,1,0,0,0
/Users/shravach/Documents/IISc/4th sem/Intelligent ui/datasets/VOC/images/test2007/002033.jpg,4,0,0,4,0,0,0
/Users/shravach/Documents/IISc/4th sem/Intelligent ui/datasets/VOC/images/test2007/002035.jpg,5,3,1,6,5,0,-1
/Users/shravach/Documents/IISc/4th sem/Intelligent ui/datasets/VOC/images/test2007/002038.jpg,0,0,1,1,0,0,1
/Users/shravach/Documents/IISc/4th sem/Intelligent ui/datasets/VOC/images/test2007/002040.jpg,6,3,0,6,3,0,0
/Users/shravach/Documents/IISc/4th sem/Intelligent ui/datasets/VOC/images/test2007/002041.jpg,2,0,0,2,0,0,0
/Users/shravach/Documents/IISc/4th sem/Intelligent ui/datasets/VOC/images/test2007/002044.jpg,1,0,0,0,1,1,-2
/Users/shravach/Documents/IISc/4th sem/Intelligent ui/datasets/VOC/images/test2007/002046.jpg,2,0,0,2,0,0,0
/Users/shravach/Documents/IISc/4th sem/Intelligent ui/datasets/VOC/images/test2007/002048.jpg,1,0,0,1,0,0,0
/Users/shravach/Documents/IISc/4th sem/Intelligent ui/datasets/VOC/images/test2007/002050.jpg,2,0,0,2,0,0,0
/Users/shravach/Documents/IISc/4th sem/Intelligent ui/datasets/VOC/images/test2007/002052.jpg,1,0,0,1,0,0,0
/Users/shravach/Documents/IISc/4th sem/Intelligent ui/datasets/VOC/images/test2007/002053.jpg,1,0,0,1,0,0,0
/Users/shravach/Documents/IISc/4th sem/Intelligent ui/datasets/VOC/images/test2007/002057.jpg,1,1,0,1,0,0,1
/Users/shravach/Documents/IISc/4th sem/Intelligent ui/datasets/VOC/images/test2007/002059.jpg,1,0,0,1,1,0,-1
/Users/shravach/Documents/IISc/4th sem/Intelligent ui/datasets/VOC/images/test2007/002060.jpg,2,0,0,2,2,0,-2
/Users/shravach/Documents/IISc/4th sem/Intelligent ui/datasets/VOC/images/test2007/002062.jpg,1,1,2,1,0,2,1
/Users/shravach/Documents/IISc/4th sem/Intelligent ui/datasets/VOC/images/test2007/002065.jpg,1,1,0,1,0,0,1
/Users/shravach/Documents/IISc/4th sem/Intelligent ui/datasets/VOC/images/test2007/002066.jpg,1,1,0,1,1,0,0
/Users/shravach/Documents/IISc/4th sem/Intelligent ui/datasets/VOC/images/test2007/002071.jpg,7,1,0,7,1,0,0
/Users/shravach/Documents/IISc/4th sem/Intelligent ui/datasets/VOC/images/test2007/002072.jpg,2,0,0,2,0,0,0
/Users/shravach/Documents/IISc/4th sem/Intelligent ui/datasets/VOC/images/test2007/002073.jpg,0,1,1,1,0,0,2
/Users/shravach/Documents/IISc/4th sem/Intelligent ui/datasets/VOC/images/test2007/002074.jpg,3,1,1,4,0,0,2
/Users/shravach/Documents/IISc/4th sem/Intelligent ui/datasets/VOC/images/test2007/002075.jpg,0,2,1,1,1,0,2
/Users/shravach/Documents/IISc/4th sem/Intelligent ui/datasets/VOC/images/test2007/002076.jpg,1,0,0,1,0,0,0
/Users/shravach/Documents/IISc/4th sem/Intelligent ui/datasets/VOC/images/test2007/002077.jpg,1,1,0,1,1,0,0
/Users/shravach/Documents/IISc/4th sem/Intelligent ui/datasets/VOC/images/test2007/002078.jpg,1,0,0,1,0,0,0
/Users/shravach/Documents/IISc/4th sem/Intelligent ui/datasets/VOC/images/test2007/002079.jpg,2,0,0,2,0,0,0
/Users/shravach/Documents/IISc/4th sem/Intelligent ui/datasets/VOC/images/test2007/002080.jpg,1,0,0,1,0,0,0
/Users/shravach/Documents/IISc/4th sem/Intelligent ui/datasets/VOC/images/test2007/002081.jpg,2,1,0,2,0,0,1
/Users/shravach/Documents/IISc/4th sem/Intelligent ui/datasets/VOC/images/test2007/002084.jpg,1,0,0,1,0,0,0
/Users/shravach/Documents/IISc/4th sem/Intelligent ui/datasets/VOC/images/test2007/002085.jpg,1,0,0,1,0,0,0
/Users/shravach/Documents/IISc/4th sem/Intelligent ui/datasets/VOC/images/test2007/002087.jpg,6,1,0,6,1,0,0
/Users/shravach/Documents/IISc/4th sem/Intelligent ui/datasets/VOC/images/test2007/002089.jpg,1,0,0,1,0,0,0
/Users/shravach/Documents/IISc/4th sem/Intelligent ui/datasets/VOC/images/test2007/002092.jpg,2,0,0,2,0,0,0
/Users/shravach/Documents/IISc/4th sem/Intelligent ui/datasets/VOC/images/test2007/002093.jpg,1,0,0,1,0,0,0
/Users/shravach/Documents/IISc/4th sem/Intelligent ui/datasets/VOC/images/test2007/002097.jpg,1,0,0,1,0,0,0
/Users/shravach/Documents/IISc/4th sem/Intelligent ui/datasets/VOC/images/test2007/002100.jpg,0,0,3,3,0,0,3
/Users/shravach/Documents/IISc/4th sem/Intelligent ui/datasets/VOC/images/test2007/002103.jpg,1,0,0,1,0,0,0
/Users/shravach/Documents/IISc/4th sem/Intelligent ui/datasets/VOC/images/test2007/002105.jpg,2,0,0,2,0,0,0
/Users/shravach/Documents/IISc/4th sem/Intelligent ui/datasets/VOC/images/test2007/002106.jpg,1,0,0,1,0,0,0
/Users/shravach/Documents/IISc/4th sem/Intelligent ui/datasets/VOC/images/test2007/002107.jpg,1,1,0,1,0,0,1
/Users/shravach/Documents/IISc/4th sem/Intelligent ui/datasets/VOC/images/test2007/002110.jpg,3,0,0,3,2,0,-2
/Users/shravach/Documents/IISc/4th sem/Intelligent ui/datasets/VOC/images/test2007/002111.jpg,4,0,1,4,0,1,0
/Users/shravach/Documents/IISc/4th sem/Intelligent ui/datasets/VOC/images/test2007/002113.jpg,1,0,0,1,0,0,0
/Users/shravach/Documents/IISc/4th sem/Intelligent ui/datasets/VOC/images/test2007/002115.jpg,2,2,0,2,1,0,1
/Users/shravach/Documents/IISc/4th sem/Intelligent ui/datasets/VOC/images/test2007/002118.jpg,4,2,1,3,1,2,0
/Users/shravach/Documents/IISc/4th sem/Intelligent ui/datasets/VOC/images/test2007/002119.jpg,3,6,2,4,5,1,2
/Users/shravach/Documents/IISc/4th sem/Intelligent ui/datasets/VOC/images/test2007/002121.jpg,1,0,1,2,0,0,1
/Users/shravach/Documents/IISc/4th sem/Intelligent ui/datasets/VOC/images/test2007/002122.jpg,1,0,0,1,0,0,0
/Users/shravach/Documents/IISc/4th sem/Intelligent ui/datasets/VOC/images/test2007/002123.jpg,1,3,2,1,1,2,2
/Users/shravach/Documents/IISc/4th sem/Intelligent ui/datasets/VOC/images/test2007/002127.jpg,0,1,1,1,1,0,1
/Users/shravach/Documents/IISc/4th sem/Intelligent ui/datasets/VOC/images/test2007/002128.jpg,1,0,0,1,0,0,0
/Users/shravach/Documents/IISc/4th sem/Intelligent ui/datasets/VOC/images/test2007/002130.jpg,1,0,0,1,0,0,0
/Users/shravach/Documents/IISc/4th sem/Intelligent ui/datasets/VOC/images/test2007/002131.jpg,1,0,0,1,0,0,0
/Users/shravach/Documents/IISc/4th sem/Intelligent ui/datasets/VOC/images/test2007/002133.jpg,1,1,2,3,0,0,3
/Users/shravach/Documents/IISc/4th sem/Intelligent ui/datasets/VOC/images/test2007/002137.jpg,5,0,0,5,1,0,-1
/Users/shravach/Documents/IISc/4th sem/Intelligent ui/datasets/VOC/images/test2007/002138.jpg,1,0,0,1,0,0,0
/Users/shravach/Documents/IISc/4th sem/Intelligent ui/datasets/VOC/images/test2007/002141.jpg,5,1,1,5,2,1,-1
/Users/shravach/Documents/IISc/4th sem/Intelligent ui/datasets/VOC/images/test2007/002143.jpg,1,0,0,1,0,0,0
/Users/shravach/Documents/IISc/4th sem/Intelligent ui/datasets/VOC/images/test2007/002144.jpg,2,2,2,4,0,0,4
/Users/shravach/Documents/IISc/4th sem/Intelligent ui/datasets/VOC/images/test2007/002147.jpg,1,0,0,1,0,0,0
/Users/shravach/Documents/IISc/4th sem/Intelligent ui/datasets/VOC/images/test2007/002148.jpg,1,0,0,1,0,0,0
/Users/shravach/Documents/IISc/4th sem/Intelligent ui/datasets/VOC/images/test2007/002149.jpg,1,0,0,1,0,0,0
/Users/shravach/Documents/IISc/4th sem/Intelligent ui/datasets/VOC/images/test2007/002150.jpg,1,0,0,1,0,0,0
/Users/shravach/Documents/IISc/4th sem/Intelligent ui/datasets/VOC/images/test2007/002154.jpg,5,9,0,5,10,0,-1
/Users/shravach/Documents/IISc/4th sem/Intelligent ui/datasets/VOC/images/test2007/002157.jpg,1,0,0,1,0,0,0
/Users/shravach/Documents/IISc/4th sem/Intelligent ui/datasets/VOC/images/test2007/002159.jpg,2,2,2,4,0,0,4
/Users/shravach/Documents/IISc/4th sem/Intelligent ui/datasets/VOC/images/test2007/002160.jpg,2,0,0,2,0,0,0
/Users/shravach/Documents/IISc/4th sem/Intelligent ui/datasets/VOC/images/test2007/002161.jpg,3,1,0,3,1,0,0
/Users/shravach/Documents/IISc/4th sem/Intelligent ui/datasets/VOC/images/test2007/002162.jpg,1,0,0,1,0,0,0
/Users/shravach/Documents/IISc/4th sem/Intelligent ui/datasets/VOC/images/test2007/002164.jpg,1,0,0,1,1,0,-1
/Users/shravach/Documents/IISc/4th sem/Intelligent ui/datasets/VOC/images/test2007/002167.jpg,2,1,0,2,2,0,-1
/Users/shravach/Documents/IISc/4th sem/Intelligent ui/datasets/VOC/images/test2007/002168.jpg,12,1,1,12,7,1,-6
/Users/shravach/Documents/IISc/4th sem/Intelligent ui/datasets/VOC/images/test2007/002173.jpg,1,0,0,1,0,0,0
/Users/shravach/Documents/IISc/4th sem/Intelligent ui/datasets/VOC/images/test2007/002175.jpg,0,5,1,0,2,1,3
/Users/shravach/Documents/IISc/4th sem/Intelligent ui/datasets/VOC/images/test2007/002177.jpg,5,1,0,5,0,0,1
/Users/shravach/Documents/IISc/4th sem/Intelligent ui/datasets/VOC/images/test2007/002185.jpg,6,1,5,5,4,6,-4
/Users/shravach/Documents/IISc/4th sem/Intelligent ui/datasets/VOC/images/test2007/002188.jpg,1,0,0,1,0,0,0
/Users/shravach/Documents/IISc/4th sem/Intelligent ui/datasets/VOC/images/test2007/002189.jpg,4,1,1,4,2,1,-1
/Users/shravach/Documents/IISc/4th sem/Intelligent ui/datasets/VOC/images/test2007/002195.jpg,2,1,0,2,0,0,1
/Users/shravach/Documents/IISc/4th sem/Intelligent ui/datasets/VOC/images/test2007/002198.jpg,1,0,0,1,0,0,0
/Users/shravach/Documents/IISc/4th sem/Intelligent ui/datasets/VOC/images/test2007/002200.jpg,1,0,0,1,0,0,0
/Users/shravach/Documents/IISc/4th sem/Intelligent ui/datasets/VOC/images/test2007/002203.jpg,2,1,0,2,0,0,1
/Users/shravach/Documents/IISc/4th sem/Intelligent ui/datasets/VOC/images/test2007/002204.jpg,2,0,0,2,0,0,0
/Users/shravach/Documents/IISc/4th sem/Intelligent ui/datasets/VOC/images/test2007/002205.jpg,1,0,0,1,0,0,0
/Users/shravach/Documents/IISc/4th sem/Intelligent ui/datasets/VOC/images/test2007/002206.jpg,1,0,0,1,0,0,0
/Users/shravach/Documents/IISc/4th sem/Intelligent ui/datasets/VOC/images/test2007/002207.jpg,1,3,3,3,0,1,5
/Users/shravach/Documents/IISc/4th sem/Intelligent ui/datasets/VOC/images/test2007/002210.jpg,1,1,0,1,1,0,0
/Users/shravach/Documents/IISc/4th sem/Intelligent ui/datasets/VOC/images/test2007/002211.jpg,8,1,0,8,3,0,-2
/Users/shravach/Documents/IISc/4th sem/Intelligent ui/datasets/VOC/images/test2007/002216.jpg,2,0,0,2,0,0,0
/Users/shravach/Documents/IISc/4th sem/Intelligent ui/datasets/VOC/images/test2007/002217.jpg,3,2,3,6,2,0,3
/Users/shravach/Documents/IISc/4th sem/Intelligent ui/datasets/VOC/images/test2007/002222.jpg,1,0,0,1,1,0,-1
/Users/shravach/Documents/IISc/4th sem/Intelligent ui/datasets/VOC/images/test2007/002223.jpg,4,2,0,4,3,0,-1
/Users/shravach/Documents/IISc/4th sem/Intelligent ui/datasets/VOC/images/test2007/002225.jpg,1,1,0,1,2,0,-1
/Users/shravach/Documents/IISc/4th sem/Intelligent ui/datasets/VOC/images/test2007/002227.jpg,2,0,0,2,0,0,0
/Users/shravach/Documents/IISc/4th sem/Intelligent ui/datasets/VOC/images/test2007/002229.jpg,2,0,0,2,0,0,0
/Users/shravach/Documents/IISc/4th sem/Intelligent ui/datasets/VOC/images/test2007/002230.jpg,2,1,0,2,1,0,0
/Users/shravach/Documents/IISc/4th sem/Intelligent ui/datasets/VOC/images/test2007/002231.jpg,0,1,7,6,1,1,6
/Users/shravach/Documents/IISc/4th sem/Intelligent ui/datasets/VOC/images/test2007/002232.jpg,2,0,0,2,0,0,0
/Users/shravach/Documents/IISc/4th sem/Intelligent ui/datasets/VOC/images/test2007/002235.jpg,4,2,2,3,1,3,0
/Users/shravach/Documents/IISc/4th sem/Intelligent ui/datasets/VOC/images/test2007/002236.jpg,1,0,0,1,0,0,0
/Users/shravach/Documents/IISc/4th sem/Intelligent ui/datasets/VOC/images/test2007/002239.jpg,6,1,1,7,0,0,2
/Users/shravach/Documents/IISc/4th sem/Intelligent ui/datasets/VOC/images/test2007/002240.jpg,2,2,0,2,1,0,1
/Users/shravach/Documents/IISc/4th sem/Intelligent ui/datasets/VOC/images/test2007/002242.jpg,5,0,1,5,1,1,-1
/Users/shravach/Documents/IISc/4th sem/Intelligent ui/datasets/VOC/images/test2007/002243.jpg,0,1,1,1,0,0,2
/Users/shravach/Documents/IISc/4th sem/Intelligent ui/datasets/VOC/images/test2007/002245.jpg,4,1,0,4,1,0,0
/Users/shravach/Documents/IISc/4th sem/Intelligent ui/datasets/VOC/images/test2007/002246.jpg,1,0,1,1,0,1,0
/Users/shravach/Documents/IISc/4th sem/Intelligent ui/datasets/VOC/images/test2007/002250.jpg,2,3,1,3,4,0,0
/Users/shravach/Documents/IISc/4th sem/Intelligent ui/datasets/VOC/images/test2007/002252.jpg,2,0,0,2,0,0,0
/Users/shravach/Documents/IISc/4th sem/Intelligent ui/datasets/VOC/images/test2007/002254.jpg,3,1,1,3,1,1,0
/Users/shravach/Documents/IISc/4th sem/Intelligent ui/datasets/VOC/images/test2007/002258.jpg,1,0,0,1,0,0,0
/Users/shravach/Documents/IISc/4th sem/Intelligent ui/datasets/VOC/images/test2007/002262.jpg,1,1,0,1,1,0,0
/Users/shravach/Documents/IISc/4th sem/Intelligent ui/datasets/VOC/images/test2007/002264.jpg,1,2,0,1,0,0,2
/Users/shravach/Documents/IISc/4th sem/Intelligent ui/datasets/VOC/images/test2007/002269.jpg,2,0,0,2,0,0,0
/Users/shravach/Documents/IISc/4th sem/Intelligent ui/datasets/VOC/images/test2007/002271.jpg,1,0,0,1,0,0,0
/Users/shravach/Documents/IISc/4th sem/Intelligent ui/datasets/VOC/images/test2007/002274.jpg,2,0,0,2,0,0,0
/Users/shravach/Documents/IISc/4th sem/Intelligent ui/datasets/VOC/images/test2007/002275.jpg,1,0,0,1,0,0,0
/Users/shravach/Documents/IISc/4th sem/Intelligent ui/datasets/VOC/images/test2007/002282.jpg,1,0,0,1,0,0,0
/Users/shravach/Documents/IISc/4th sem/Intelligent ui/datasets/VOC/images/test2007/002283.jpg,2,1,0,2,1,0,0
/Users/shravach/Documents/IISc/4th sem/Intelligent ui/datasets/VOC/images/test2007/002286.jpg,2,0,0,2,0,0,0
/Users/shravach/Documents/IISc/4th sem/Intelligent ui/datasets/VOC/images/test2007/002289.jpg,1,0,0,1,0,0,0
/Users/shravach/Documents/IISc/4th sem/Intelligent ui/datasets/VOC/images/test2007/002292.jpg,1,0,0,1,0,0,0
/Users/shravach/Documents/IISc/4th sem/Intelligent ui/datasets/VOC/images/test2007/002294.jpg,4,1,2,4,3,2,-2
/Users/shravach/Documents/IISc/4th sem/Intelligent ui/datasets/VOC/images/test2007/002295.jpg,1,0,0,1,0,0,0
/Users/shravach/Documents/IISc/4th sem/Intelligent ui/datasets/VOC/images/test2007/002296.jpg,1,0,0,1,4,0,-4
/Users/shravach/Documents/IISc/4th sem/Intelligent ui/datasets/VOC/images/test2007/002297.jpg,2,1,1,3,1,0,1
/Users/shravach/Documents/IISc/4th sem/Intelligent ui/datasets/VOC/images/test2007/002298.jpg,1,0,2,1,1,2,-1
/Users/shravach/Documents/IISc/4th sem/Intelligent ui/datasets/VOC/images/test2007/002299.jpg,1,0,0,1,0,0,0
/Users/shravach/Documents/IISc/4th sem/Intelligent ui/datasets/VOC/images/test2007/002301.jpg,11,3,0,11,3,0,0
/Users/shravach/Documents/IISc/4th sem/Intelligent ui/datasets/VOC/images/test2007/002303.jpg,1,0,0,1,0,0,0
/Users/shravach/Documents/IISc/4th sem/Intelligent ui/datasets/VOC/images/test2007/002304.jpg,1,0,0,1,0,0,0
/Users/shravach/Documents/IISc/4th sem/Intelligent ui/datasets/VOC/images/test2007/002309.jpg,1,0,0,1,0,0,0
/Users/shravach/Documents/IISc/4th sem/Intelligent ui/datasets/VOC/images/test2007/002312.jpg,1,0,0,1,0,0,0
/Users/shravach/Documents/IISc/4th sem/Intelligent ui/datasets/VOC/images/test2007/002313.jpg,1,0,0,1,0,0,0
/Users/shravach/Documents/IISc/4th sem/Intelligent ui/datasets/VOC/images/test2007/002314.jpg,4,0,0,4,0,0,0
/Users/shravach/Documents/IISc/4th sem/Intelligent ui/datasets/VOC/images/test2007/002316.jpg,1,0,0,1,0,0,0
/Users/shravach/Documents/IISc/4th sem/Intelligent ui/datasets/VOC/images/test2007/002317.jpg,6,1,0,6,0,0,1
/Users/shravach/Documents/IISc/4th sem/Intelligent ui/datasets/VOC/images/test2007/002319.jpg,1,3,0,1,0,0,3
/Users/shravach/Documents/IISc/4th sem/Intelligent ui/datasets/VOC/images/test2007/002322.jpg,4,1,0,4,3,0,-2
/Users/shravach/Documents/IISc/4th sem/Intelligent ui/datasets/VOC/images/test2007/002325.jpg,5,2,1,5,1,1,1
/Users/shravach/Documents/IISc/4th sem/Intelligent ui/datasets/VOC/images/test2007/002326.jpg,2,4,3,3,5,2,0
/Users/shravach/Documents/IISc/4th sem/Intelligent ui/datasets/VOC/images/test2007/002327.jpg,1,0,0,1,0,0,0
/Users/shravach/Documents/IISc/4th sem/Intelligent ui/datasets/VOC/images/test2007/002331.jpg,7,5,0,7,4,0,1
/Users/shravach/Documents/IISc/4th sem/Intelligent ui/datasets/VOC/images/test2007/002336.jpg,2,0,0,2,0,0,0
/Users/shravach/Documents/IISc/4th sem/Intelligent ui/datasets/VOC/images/test2007/002338.jpg,5,3,0,5,4,0,-1
/Users/shravach/Documents/IISc/4th sem/Intelligent ui/datasets/VOC/images/test2007/002339.jpg,1,0,0,1,0,0,0
/Users/shravach/Documents/IISc/4th sem/Intelligent ui/datasets/VOC/images/test2007/002341.jpg,3,0,1,4,0,0,1
/Users/shravach/Documents/IISc/4th sem/Intelligent ui/datasets/VOC/images/test2007/002344.jpg,1,0,0,1,0,0,0
/Users/shravach/Documents/IISc/4th sem/Intelligent ui/datasets/VOC/images/test2007/002346.jpg,1,0,0,1,0,0,0
/Users/shravach/Documents/IISc/4th sem/Intelligent ui/datasets/VOC/images/test2007/002349.jpg,1,0,0,1,0,0,0
/Users/shravach/Documents/IISc/4th sem/Intelligent ui/datasets/VOC/images/test2007/002351.jpg,1,1,0,1,1,0,0
/Users/shravach/Documents/IISc/4th sem/Intelligent ui/datasets/VOC/images/test2007/002353.jpg,2,5,0,2,4,0,1
/Users/shravach/Documents/IISc/4th sem/Intelligent ui/datasets/VOC/images/test2007/002356.jpg,1,0,0,1,0,0,0
/Users/shravach/Documents/IISc/4th sem/Intelligent ui/datasets/VOC/images/test2007/002357.jpg,1,0,0,1,0,0,0
/Users/shravach/Documents/IISc/4th sem/Intelligent ui/datasets/VOC/images/test2007/002358.jpg,1,0,0,1,0,0,0
/Users/shravach/Documents/IISc/4th sem/Intelligent ui/datasets/VOC/images/test2007/002360.jpg,2,0,0,2,2,0,-2
/Users/shravach/Documents/IISc/4th sem/Intelligent ui/datasets/VOC/images/test2007/002363.jpg,4,0,0,4,0,0,0
/Users/shravach/Documents/IISc/4th sem/Intelligent ui/datasets/VOC/images/test2007/002365.jpg,1,0,1,2,0,0,1
/Users/shravach/Documents/IISc/4th sem/Intelligent ui/datasets/VOC/images/test2007/002370.jpg,1,1,0,1,1,0,0
/Users/shravach/Documents/IISc/4th sem/Intelligent ui/datasets/VOC/images/test2007/002379.jpg,4,1,0,4,3,0,-2
/Users/shravach/Documents/IISc/4th sem/Intelligent ui/datasets/VOC/images/test2007/002380.jpg,1,0,0,1,0,0,0
/Users/shravach/Documents/IISc/4th sem/Intelligent ui/datasets/VOC/images/test2007/002381.jpg,0,1,1,1,2,0,0
/Users/shravach/Documents/IISc/4th sem/Intelligent ui/datasets/VOC/images/test2007/002383.jpg,4,0,0,4,0,0,0
/Users/shravach/Documents/IISc/4th sem/Intelligent ui/datasets/VOC/images/test2007/002386.jpg,1,0,0,1,1,0,-1
/Users/shravach/Documents/IISc/4th sem/Intelligent ui/datasets/VOC/images/test2007/002388.jpg,1,0,0,1,0,0,0
/Users/shravach/Documents/IISc/4th sem/Intelligent ui/datasets/VOC/images/test2007/002389.jpg,4,3,0,4,0,0,3
/Users/shravach/Documents/IISc/4th sem/Intelligent ui/datasets/VOC/images/test2007/002390.jpg,1,1,0,1,1,0,0
/Users/shravach/Documents/IISc/4th sem/Intelligent ui/datasets/VOC/images/test2007/002394.jpg,2,1,4,3,1,3,1
/Users/shravach/Documents/IISc/4th sem/Intelligent ui/datasets/VOC/images/test2007/002395.jpg,1,0,0,1,0,0,0
/Users/shravach/Documents/IISc/4th sem/Intelligent ui/datasets/VOC/images/test2007/002396.jpg,1,1,0,1,0,0,1
/Users/shravach/Documents/IISc/4th sem/Intelligent ui/datasets/VOC/images/test2007/002397.jpg,2,0,0,2,0,0,0
/Users/shravach/Documents/IISc/4th sem/Intelligent ui/datasets/VOC/images/test2007/002398.jpg,2,0,0,2,0,0,0
/Users/shravach/Documents/IISc/4th sem/Intelligent ui/datasets/VOC/images/test2007/002399.jpg,2,1,0,2,1,0,0
/Users/shravach/Documents/IISc/4th sem/Intelligent ui/datasets/VOC/images/test2007/002400.jpg,1,0,0,1,0,0,0
/Users/shravach/Documents/IISc/4th sem/Intelligent ui/datasets/VOC/images/test2007/002402.jpg,5,0,0,5,0,0,0
/Users/shravach/Documents/IISc/4th sem/Intelligent ui/datasets/VOC/images/test2007/002406.jpg,1,0,0,1,0,0,0
/Users/shravach/Documents/IISc/4th sem/Intelligent ui/datasets/VOC/images/test2007/002408.jpg,1,0,0,1,4,0,-4
/Users/shravach/Documents/IISc/4th sem/Intelligent ui/datasets/VOC/images/test2007/002409.jpg,2,0,0,2,0,0,0
/Users/shravach/Documents/IISc/4th sem/Intelligent ui/datasets/VOC/images/test2007/002412.jpg,0,0,2,2,0,0,2
/Users/shravach/Documents/IISc/4th sem/Intelligent ui/datasets/VOC/images/test2007/002414.jpg,1,3,0,1,2,0,1
/Users/shravach/Documents/IISc/4th sem/Intelligent ui/datasets/VOC/images/test2007/002416.jpg,1,0,0,1,1,0,-1
/Users/shravach/Documents/IISc/4th sem/Intelligent ui/datasets/VOC/images/test2007/002418.jpg,1,0,0,1,0,0,0
/Users/shravach/Documents/IISc/4th sem/Intelligent ui/datasets/VOC/images/test2007/002421.jpg,2,0,0,2,0,0,0
/Users/shravach/Documents/IISc/4th sem/Intelligent ui/datasets/VOC/images/test2007/002422.jpg,1,1,0,1,0,0,1
/Users/shravach/Documents/IISc/4th sem/Intelligent ui/datasets/VOC/images/test2007/002424.jpg,1,1,0,1,2,0,-1
/Users/shravach/Documents/IISc/4th sem/Intelligent ui/datasets/VOC/images/test2007/002426.jpg,2,3,0,2,4,0,-1
/Users/shravach/Documents/IISc/4th sem/Intelligent ui/datasets/VOC/images/test2007/002428.jpg,2,1,0,2,4,0,-3
/Users/shravach/Documents/IISc/4th sem/Intelligent ui/datasets/VOC/images/test2007/002429.jpg,2,0,2,2,1,2,-1
/Users/shravach/Documents/IISc/4th sem/Intelligent ui/datasets/VOC/images/test2007/002430.jpg,1,0,1,2,0,0,1
/Users/shravach/Documents/IISc/4th sem/Intelligent ui/datasets/VOC/images/test2007/002431.jpg,1,0,0,1,0,0,0
/Users/shravach/Documents/IISc/4th sem/Intelligent ui/datasets/VOC/images/test2007/002432.jpg,1,1,0,1,0,0,1
/Users/shravach/Documents/IISc/4th sem/Intelligent ui/datasets/VOC/images/test2007/002434.jpg,1,0,0,1,0,0,0
/Users/shravach/Documents/IISc/4th sem/Intelligent ui/datasets/VOC/images/test2007/002438.jpg,2,0,0,2,0,0,0
/Users/shravach/Documents/IISc/4th sem/Intelligent ui/datasets/VOC/images/test2007/002440.jpg,1,0,0,1,0,0,0
/Users/shravach/Documents/IISc/4th sem/Intelligent ui/datasets/VOC/images/test2007/002446.jpg,6,0,0,6,0,0,0
/Users/shravach/Documents/IISc/4th sem/Intelligent ui/datasets/VOC/images/test2007/002447.jpg,1,1,0,1,0,0,1
/Users/shravach/Documents/IISc/4th sem/Intelligent ui/datasets/VOC/images/test2007/002449.jpg,1,2,4,4,1,1,4
/Users/shravach/Documents/IISc/4th sem/Intelligent ui/datasets/VOC/images/test2007/002451.jpg,1,1,1,2,1,0,1
/Users/shravach/Documents/IISc/4th sem/Intelligent ui/datasets/VOC/images/test2007/002453.jpg,2,0,0,2,0,0,0
/Users/shravach/Documents/IISc/4th sem/Intelligent ui/datasets/VOC/images/test2007/002455.jpg,3,0,1,3,2,1,-2
/Users/shravach/Documents/IISc/4th sem/Intelligent ui/datasets/VOC/images/test2007/002457.jpg,0,1,1,1,0,0,2
/Users/shravach/Documents/IISc/4th sem/Intelligent ui/datasets/VOC/images/test2007/002463.jpg,4,2,0,4,3,0,-1
/Users/shravach/Documents/IISc/4th sem/Intelligent ui/datasets/VOC/images/test2007/002464.jpg,1,2,0,1,1,0,1
/Users/shravach/Documents/IISc/4th sem/Intelligent ui/datasets/VOC/images/test2007/002467.jpg,1,1,3,1,2,3,-1
/Users/shravach/Documents/IISc/4th sem/Intelligent ui/datasets/VOC/images/test2007/002469.jpg,2,0,0,2,0,0,0
/Users/shravach/Documents/IISc/4th sem/Intelligent ui/datasets/VOC/images/test2007/002473.jpg,1,0,0,1,0,0,0
/Users/shravach/Documents/IISc/4th sem/Intelligent ui/datasets/VOC/images/test2007/002474.jpg,2,3,1,2,0,1,3
/Users/shravach/Documents/IISc/4th sem/Intelligent ui/datasets/VOC/images/test2007/002475.jpg,11,4,2,13,3,0,3
/Users/shravach/Documents/IISc/4th sem/Intelligent ui/datasets/VOC/images/test2007/002482.jpg,1,0,0,1,0,0,0
/Users/shravach/Documents/IISc/4th sem/Intelligent ui/datasets/VOC/images/test2007/002484.jpg,5,0,0,5,1,0,-1
/Users/shravach/Documents/IISc/4th sem/Intelligent ui/datasets/VOC/images/test2007/002485.jpg,1,1,1,2,0,0,2
/Users/shravach/Documents/IISc/4th sem/Intelligent ui/datasets/VOC/images/test2007/002486.jpg,7,2,0,7,0,0,2
/Users/shravach/Documents/IISc/4th sem/Intelligent ui/datasets/VOC/images/test2007/002487.jpg,0,1,2,1,0,1,2
/Users/shravach/Documents/IISc/4th sem/Intelligent ui/datasets/VOC/images/test2007/002488.jpg,2,1,0,2,0,0,1
/Users/shravach/Documents/IISc/4th sem/Intelligent ui/datasets/VOC/images/test2007/002489.jpg,1,1,0,1,0,0,1
/Users/shravach/Documents/IISc/4th sem/Intelligent ui/datasets/VOC/images/test2007/002495.jpg,1,0,0,1,0,0,0
/Users/shravach/Documents/IISc/4th sem/Intelligent ui/datasets/VOC/images/test2007/002498.jpg,2,0,0,2,0,0,0
/Users/shravach/Documents/IISc/4th sem/Intelligent ui/datasets/VOC/images/test2007/002499.jpg,2,2,0,2,0,0,2
/Users/shravach/Documents/IISc/4th sem/Intelligent ui/datasets/VOC/images/test2007/002503.jpg,3,0,0,2,3,1,-4
/Users/shravach/Documents/IISc/4th sem/Intelligent ui/datasets/VOC/images/test2007/002506.jpg,3,2,0,3,2,0,0
/Users/shravach/Documents/IISc/4th sem/Intelligent ui/datasets/VOC/images/test2007/002507.jpg,2,0,0,2,0,0,0
/Users/shravach/Documents/IISc/4th sem/Intelligent ui/datasets/VOC/images/test2007/002509.jpg,1,0,0,1,0,0,0
/Users/shravach/Documents/IISc/4th sem/Intelligent ui/datasets/VOC/images/test2007/002510.jpg,3,3,2,4,4,1,0
/Users/shravach/Documents/IISc/4th sem/Intelligent ui/datasets/VOC/images/test2007/002511.jpg,2,0,0,2,0,0,0
/Users/shravach/Documents/IISc/4th sem/Intelligent ui/datasets/VOC/images/test2007/002515.jpg,1,2,0,1,2,0,0
/Users/shravach/Documents/IISc/4th sem/Intelligent ui/datasets/VOC/images/test2007/002516.jpg,5,3,1,5,3,1,0
/Users/shravach/Documents/IISc/4th sem/Intelligent ui/datasets/VOC/images/test2007/002517.jpg,1,0,0,1,0,0,0
/Users/shravach/Documents/IISc/4th sem/Intelligent ui/datasets/VOC/images/test2007/002521.jpg,1,0,0,1,0,0,0
/Users/shravach/Documents/IISc/4th sem/Intelligent ui/datasets/VOC/images/test2007/002522.jpg,1,0,0,1,0,0,0
/Users/shravach/Documents/IISc/4th sem/Intelligent ui/datasets/VOC/images/test2007/002526.jpg,1,1,0,1,0,0,1
/Users/shravach/Documents/IISc/4th sem/Intelligent ui/datasets/VOC/images/test2007/002527.jpg,1,0,0,1,0,0,0
/Users/shravach/Documents/IISc/4th sem/Intelligent ui/datasets/VOC/images/test2007/002528.jpg,1,0,0,1,0,0,0
/Users/shravach/Documents/IISc/4th sem/Intelligent ui/datasets/VOC/images/test2007/002530.jpg,2,0,0,2,0,0,0
/Users/shravach/Documents/IISc/4th sem/Intelligent ui/datasets/VOC/images/test2007/002531.jpg,2,5,0,2,3,0,2
/Users/shravach/Documents/IISc/4th sem/Intelligent ui/datasets/VOC/images/test2007/002532.jpg,3,0,0,3,0,0,0
/Users/shravach/Documents/IISc/4th sem/Intelligent ui/datasets/VOC/images/test2007/002535.jpg,1,1,0,1,0,0,1
/Users/shravach/Documents/IISc/4th sem/Intelligent ui/datasets/VOC/images/test2007/002536.jpg,2,1,0,2,3,0,-2
/Users/shravach/Documents/IISc/4th sem/Intelligent ui/datasets/VOC/images/test2007/002538.jpg,2,1,1,2,1,1,0
/Users/shravach/Documents/IISc/4th sem/Intelligent ui/datasets/VOC/images/test2007/002541.jpg,1,0,0,1,0,0,0
/Users/shravach/Documents/IISc/4th sem/Intelligent ui/datasets/VOC/images/test2007/002543.jpg,3,2,0,3,2,0,0
/Users/shravach/Documents/IISc/4th sem/Intelligent ui/datasets/VOC/images/test2007/002548.jpg,3,0,0,3,0,0,0
/Users/shravach/Documents/IISc/4th sem/Intelligent ui/datasets/VOC/images/test2007/002550.jpg,1,0,0,1,0,0,0
/Users/shravach/Documents/IISc/4th sem/Intelligent ui/datasets/VOC/images/test2007/002551.jpg,5,5,0,5,4,0,1
/Users/shravach/Documents/IISc/4th sem/Intelligent ui/datasets/VOC/images/test2007/002552.jpg,1,0,0,1,1,0,-1
/Users/shravach/Documents/IISc/4th sem/Intelligent ui/datasets/VOC/images/test2007/002553.jpg,1,0,0,1,0,0,0
/Users/shravach/Documents/IISc/4th sem/Intelligent ui/datasets/VOC/images/test2007/002556.jpg,1,0,0,1,0,0,0
/Users/shravach/Documents/IISc/4th sem/Intelligent ui/datasets/VOC/images/test2007/002557.jpg,11,8,4,11,11,4,-3
/Users/shravach/Documents/IISc/4th sem/Intelligent ui/datasets/VOC/images/test2007/002560.jpg,1,3,0,1,1,0,2
/Users/shravach/Documents/IISc/4th sem/Intelligent ui/datasets/VOC/images/test2007/002562.jpg,3,0,0,3,0,0,0
/Users/shravach/Documents/IISc/4th sem/Intelligent ui/datasets/VOC/images/test2007/002568.jpg,2,3,0,2,2,0,1
/Users/shravach/Documents/IISc/4th sem/Intelligent ui/datasets/VOC/images/test2007/002570.jpg,1,7,0,1,1,0,6
/Users/shravach/Documents/IISc/4th sem/Intelligent ui/datasets/VOC/images/test2007/002573.jpg,8,6,2,7,4,3,1
/Users/shravach/Documents/IISc/4th sem/Intelligent ui/datasets/VOC/images/test2007/002574.jpg,1,3,0,1,2,0,1
/Users/shravach/Documents/IISc/4th sem/Intelligent ui/datasets/VOC/images/test2007/002575.jpg,7,2,0,6,1,1,0
/Users/shravach/Documents/IISc/4th sem/Intelligent ui/datasets/VOC/images/test2007/002576.jpg,1,0,0,1,0,0,0
/Users/shravach/Documents/IISc/4th sem/Intelligent ui/datasets/VOC/images/test2007/002577.jpg,1,0,0,1,0,0,0
/Users/shravach/Documents/IISc/4th sem/Intelligent ui/datasets/VOC/images/test2007/002580.jpg,1,2,1,1,0,1,2
/Users/shravach/Documents/IISc/4th sem/Intelligent ui/datasets/VOC/images/test2007/002581.jpg,1,0,0,1,1,0,-1
/Users/shravach/Documents/IISc/4th sem/Intelligent ui/datasets/VOC/images/test2007/002582.jpg,7,3,1,8,5,0,-1
/Users/shravach/Documents/IISc/4th sem/Intelligent ui/datasets/VOC/images/test2007/002583.jpg,2,0,0,2,0,0,0
/Users/shravach/Documents/IISc/4th sem/Intelligent ui/datasets/VOC/images/test2007/002587.jpg,4,2,1,5,1,0,2
/Users/shravach/Documents/IISc/4th sem/Intelligent ui/datasets/VOC/images/test2007/002588.jpg,2,0,0,2,0,0,0
/Users/shravach/Documents/IISc/4th sem/Intelligent ui/datasets/VOC/images/test2007/002591.jpg,4,6,0,4,1,0,5
/Users/shravach/Documents/IISc/4th sem/Intelligent ui/datasets/VOC/images/test2007/002592.jpg,1,1,0,1,2,0,-1
/Users/shravach/Documents/IISc/4th sem/Intelligent ui/datasets/VOC/images/test2007/002596.jpg,3,0,1,3,0,1,0
/Users/shravach/Documents/IISc/4th sem/Intelligent ui/datasets/VOC/images/test2007/002597.jpg,2,0,0,2,0,0,0
/Users/shravach/Documents/IISc/4th sem/Intelligent ui/datasets/VOC/images/test2007/002601.jpg,1,1,0,1,2,0,-1
/Users/shravach/Documents/IISc/4th sem/Intelligent ui/datasets/VOC/images/test2007/002602.jpg,3,0,0,3,0,0,0
/Users/shravach/Documents/IISc/4th sem/Intelligent ui/datasets/VOC/images/test2007/002604.jpg,3,2,1,3,0,1,2
/Users/shravach/Documents/IISc/4th sem/Intelligent ui/datasets/VOC/images/test2007/002607.jpg,1,0,0,1,0,0,0
/Users/shravach/Documents/IISc/4th sem/Intelligent ui/datasets/VOC/images/test2007/002608.jpg,1,0,0,1,0,0,0
/Users/shravach/Documents/IISc/4th sem/Intelligent ui/datasets/VOC/images/test2007/002610.jpg,0,0,1,1,4,0,-3
/Users/shravach/Documents/IISc/4th sem/Intelligent ui/datasets/VOC/images/test2007/002612.jpg,1,3,1,2,0,0,4
/Users/shravach/Documents/IISc/4th sem/Intelligent ui/datasets/VOC/images/test2007/002614.jpg,10,2,0,8,5,2,-5
/Users/shravach/Documents/IISc/4th sem/Intelligent ui/datasets/VOC/images/test2007/002616.jpg,1,0,0,1,0,0,0
/Users/shravach/Documents/IISc/4th sem/Intelligent ui/datasets/VOC/images/test2007/002617.jpg,1,2,1,1,0,1,2
/Users/shravach/Documents/IISc/4th sem/Intelligent ui/datasets/VOC/images/test2007/002619.jpg,0,2,1,1,0,0,3
/Users/shravach/Documents/IISc/4th sem/Intelligent ui/datasets/VOC/images/test2007/002620.jpg,1,2,1,2,1,0,2
/Users/shravach/Documents/IISc/4th sem/Intelligent ui/datasets/VOC/images/test2007/002622.jpg,5,0,0,5,1,0,-1
/Users/shravach/Documents/IISc/4th sem/Intelligent ui/datasets/VOC/images/test2007/002623.jpg,2,0,0,2,0,0,0
/Users/shravach/Documents/IISc/4th sem/Intelligent ui/datasets/VOC/images/test2007/002624.jpg,3,3,0,3,0,0,3
/Users/shravach/Documents/IISc/4th sem/Intelligent ui/datasets/VOC/images/test2007/002626.jpg,6,4,0,6,4,0,0
/Users/shravach/Documents/IISc/4th sem/Intelligent ui/datasets/VOC/images/test2007/002628.jpg,3,0,0,3,1,0,-1
/Users/shravach/Documents/IISc/4th sem/Intelligent ui/datasets/VOC/images/test2007/002629.jpg,0,1,1,0,1,1,0
/Users/shravach/Documents/IISc/4th sem/Intelligent ui/datasets/VOC/images/test2007/002630.jpg,2,0,1,2,0,1,0
/Users/shravach/Documents/IISc/4th sem/Intelligent ui/datasets/VOC/images/test2007/002631.jpg,2,2,2,2,2,2,0
/Users/shravach/Documents/IISc/4th sem/Intelligent ui/datasets/VOC/images/test2007/002638.jpg,3,5,0,3,0,0,5
/Users/shravach/Documents/IISc/4th sem/Intelligent ui/datasets/VOC/images/test2007/002639.jpg,3,1,0,3,3,0,-2
/Users/shravach/Documents/IISc/4th sem/Intelligent ui/datasets/VOC/images/test2007/002640.jpg,1,0,0,1,0,0,0
/Users/shravach/Documents/IISc/4th sem/Intelligent ui/datasets/VOC/images/test2007/002642.jpg,1,2,0,1,0,0,2
/Users/shravach/Documents/IISc/4th sem/Intelligent ui/datasets/VOC/images/test2007/002644.jpg,1,2,0,1,2,0,0
/Users/shravach/Documents/IISc/4th sem/Intelligent ui/datasets/VOC/images/test2007/002650.jpg,3,2,0,3,1,0,1
/Users/shravach/Documents/IISc/4th sem/Intelligent ui/datasets/VOC/images/test2007/002651.jpg,1,0,0,1,0,0,0
/Users/shravach/Documents/IISc/4th sem/Intelligent ui/datasets/VOC/images/test2007/002652.jpg,2,1,0,2,0,0,1
/Users/shravach/Documents/IISc/4th sem/Intelligent ui/datasets/VOC/images/test2007/002654.jpg,2,0,0,2,0,0,0
/Users/shravach/Documents/IISc/4th sem/Intelligent ui/datasets/VOC/images/test2007/002655.jpg,2,0,0,2,0,0,0
/Users/shravach/Documents/IISc/4th sem/Intelligent ui/datasets/VOC/images/test2007/002656.jpg,3,1,0,3,3,0,-2
/Users/shravach/Documents/IISc/4th sem/Intelligent ui/datasets/VOC/images/test2007/002660.jpg,2,0,0,2,0,0,0
/Users/shravach/Documents/IISc/4th sem/Intelligent ui/datasets/VOC/images/test2007/002661.jpg,1,0,0,1,1,0,-1
/Users/shravach/Documents/IISc/4th sem/Intelligent ui/datasets/VOC/images/test2007/002663.jpg,2,1,0,2,0,0,1
/Users/shravach/Documents/IISc/4th sem/Intelligent ui/datasets/VOC/images/test2007/002665.jpg,1,1,0,1,2,0,-1
/Users/shravach/Documents/IISc/4th sem/Intelligent ui/datasets/VOC/images/test2007/002671.jpg,2,0,0,2,4,0,-4
/Users/shravach/Documents/IISc/4th sem/Intelligent ui/datasets/VOC/images/test2007/002672.jpg,1,1,0,1,0,0,1
/Users/shravach/Documents/IISc/4th sem/Intelligent ui/datasets/VOC/images/test2007/002673.jpg,1,0,0,1,1,0,-1
/Users/shravach/Documents/IISc/4th sem/Intelligent ui/datasets/VOC/images/test2007/002674.jpg,4,13,0,4,15,0,-2
/Users/shravach/Documents/IISc/4th sem/Intelligent ui/datasets/VOC/images/test2007/002676.jpg,6,0,0,6,0,0,0
/Users/shravach/Documents/IISc/4th sem/Intelligent ui/datasets/VOC/images/test2007/002679.jpg,1,0,0,1,0,0,0
/Users/shravach/Documents/IISc/4th sem/Intelligent ui/datasets/VOC/images/test2007/002681.jpg,1,0,0,1,0,0,0
/Users/shravach/Documents/IISc/4th sem/Intelligent ui/datasets/VOC/images/test2007/002685.jpg,6,1,4,10,1,0,4
/Users/shravach/Documents/IISc/4th sem/Intelligent ui/datasets/VOC/images/test2007/002686.jpg,2,1,1,2,1,1,0
/Users/shravach/Documents/IISc/4th sem/Intelligent ui/datasets/VOC/images/test2007/002687.jpg,2,0,0,2,0,0,0
/Users/shravach/Documents/IISc/4th sem/Intelligent ui/datasets/VOC/images/test2007/002688.jpg,1,0,0,1,0,0,0
/Users/shravach/Documents/IISc/4th sem/Intelligent ui/datasets/VOC/images/test2007/002692.jpg,2,0,1,2,0,1,0
/Users/shravach/Documents/IISc/4th sem/Intelligent ui/datasets/VOC/images/test2007/002694.jpg,1,3,0,0,1,1,1
/Users/shravach/Documents/IISc/4th sem/Intelligent ui/datasets/VOC/images/test2007/002698.jpg,1,0,1,1,0,1,0
/Users/shravach/Documents/IISc/4th sem/Intelligent ui/datasets/VOC/images/test2007/002700.jpg,1,1,0,1,1,0,0
/Users/shravach/Documents/IISc/4th sem/Intelligent ui/datasets/VOC/images/test2007/002701.jpg,3,5,0,3,5,0,0
/Users/shravach/Documents/IISc/4th sem/Intelligent ui/datasets/VOC/images/test2007/002703.jpg,1,1,1,1,1,1,0
/Users/shravach/Documents/IISc/4th sem/Intelligent ui/datasets/VOC/images/test2007/002705.jpg,4,1,0,4,1,0,0
/Users/shravach/Documents/IISc/4th sem/Intelligent ui/datasets/VOC/images/test2007/002707.jpg,1,0,0,1,0,0,0
/Users/shravach/Documents/IISc/4th sem/Intelligent ui/datasets/VOC/images/test2007/002708.jpg,2,1,0,2,1,0,0
/Users/shravach/Documents/IISc/4th sem/Intelligent ui/datasets/VOC/images/test2007/002711.jpg,2,1,0,2,1,0,0
/Users/shravach/Documents/IISc/4th sem/Intelligent ui/datasets/VOC/images/test2007/002712.jpg,2,3,0,2,4,0,-1
/Users/shravach/Documents/IISc/4th sem/Intelligent ui/datasets/VOC/images/test2007/002716.jpg,3,0,2,3,1,2,-1
/Users/shravach/Documents/IISc/4th sem/Intelligent ui/datasets/VOC/images/test2007/002719.jpg,1,1,4,0,1,5,-1
/Users/shravach/Documents/IISc/4th sem/Intelligent ui/datasets/VOC/images/test2007/002720.jpg,1,0,0,1,0,0,0
/Users/shravach/Documents/IISc/4th sem/Intelligent ui/datasets/VOC/images/test2007/002724.jpg,3,5,0,3,5,0,0
/Users/shravach/Documents/IISc/4th sem/Intelligent ui/datasets/VOC/images/test2007/002725.jpg,1,0,0,1,0,0,0
/Users/shravach/Documents/IISc/4th sem/Intelligent ui/datasets/VOC/images/test2007/002726.jpg,5,0,0,5,1,0,-1
/Users/shravach/Documents/IISc/4th sem/Intelligent ui/datasets/VOC/images/test2007/002728.jpg,3,0,0,3,0,0,0
/Users/shravach/Documents/IISc/4th sem/Intelligent ui/datasets/VOC/images/test2007/002729.jpg,3,0,0,3,0,0,0
/Users/shravach/Documents/IISc/4th sem/Intelligent ui/datasets/VOC/images/test2007/002731.jpg,2,0,0,2,0,0,0
/Users/shravach/Documents/IISc/4th sem/Intelligent ui/datasets/VOC/images/test2007/002733.jpg,1,0,0,1,0,0,0
/Users/shravach/Documents/IISc/4th sem/Intelligent ui/datasets/VOC/images/test2007/002736.jpg,1,0,0,1,0,0,0
/Users/shravach/Documents/IISc/4th sem/Intelligent ui/datasets/VOC/images/test2007/002739.jpg,4,1,0,4,0,0,1
/Users/shravach/Documents/IISc/4th sem/Intelligent ui/datasets/VOC/images/test2007/002740.jpg,2,2,0,2,0,0,2
/Users/shravach/Documents/IISc/4th sem/Intelligent ui/datasets/VOC/images/test2007/002742.jpg,1,0,0,1,0,0,0
/Users/shravach/Documents/IISc/4th sem/Intelligent ui/datasets/VOC/images/test2007/002743.jpg,4,3,2,4,3,2,0
/Users/shravach/Documents/IISc/4th sem/Intelligent ui/datasets/VOC/images/test2007/002746.jpg,1,0,0,1,0,0,0
/Users/shravach/Documents/IISc/4th sem/Intelligent ui/datasets/VOC/images/test2007/002748.jpg,0,2,1,0,2,1,0
/Users/shravach/Documents/IISc/4th sem/Intelligent ui/datasets/VOC/images/test2007/002750.jpg,3,1,0,3,2,0,-1
/Users/shravach/Documents/IISc/4th sem/Intelligent ui/datasets/VOC/images/test2007/002752.jpg,1,1,1,2,3,0,-1
/Users/shravach/Documents/IISc/4th sem/Intelligent ui/datasets/VOC/images/test2007/002753.jpg,2,2,1,2,1,1,1
/Users/shravach/Documents/IISc/4th sem/Intelligent ui/datasets/VOC/images/test2007/002754.jpg,1,0,0,1,0,0,0
/Users/shravach/Documents/IISc/4th sem/Intelligent ui/datasets/VOC/images/test2007/002756.jpg,1,1,1,2,1,0,1
/Users/shravach/Documents/IISc/4th sem/Intelligent ui/datasets/VOC/images/test2007/002758.jpg,3,0,2,2,0,3,-1
/Users/shravach/Documents/IISc/4th sem/Intelligent ui/datasets/VOC/images/test2007/002761.jpg,1,0,0,1,1,0,-1
/Users/shravach/Documents/IISc/4th sem/Intelligent ui/datasets/VOC/images/test2007/002764.jpg,1,3,0,1,2,0,1
/Users/shravach/Documents/IISc/4th sem/Intelligent ui/datasets/VOC/images/test2007/002768.jpg,2,0,0,2,1,0,-1
/Users/shravach/Documents/IISc/4th sem/Intelligent ui/datasets/VOC/images/test2007/002769.jpg,1,0,0,1,0,0,0
/Users/shravach/Documents/IISc/4th sem/Intelligent ui/datasets/VOC/images/test2007/002770.jpg,0,1,1,0,2,1,-1
/Users/shravach/Documents/IISc/4th sem/Intelligent ui/datasets/VOC/images/test2007/002771.jpg,1,0,0,1,0,0,0
/Users/shravach/Documents/IISc/4th sem/Intelligent ui/datasets/VOC/images/test2007/002773.jpg,11,6,2,12,11,1,-4
/Users/shravach/Documents/IISc/4th sem/Intelligent ui/datasets/VOC/images/test2007/002777.jpg,4,3,0,2,6,2,-5
/Users/shravach/Documents/IISc/4th sem/Intelligent ui/datasets/VOC/images/test2007/002780.jpg,2,0,0,2,0,0,0
/Users/shravach/Documents/IISc/4th sem/Intelligent ui/datasets/VOC/images/test2007/002781.jpg,11,5,0,11,2,0,3
/Users/shravach/Documents/IISc/4th sem/Intelligent ui/datasets/VOC/images/test2007/002787.jpg,2,0,1,3,0,0,1
/Users/shravach/Documents/IISc/4th sem/Intelligent ui/datasets/VOC/images/test2007/002788.jpg,7,0,2,7,5,2,-5
/Users/shravach/Documents/IISc/4th sem/Intelligent ui/datasets/VOC/images/test2007/002789.jpg,2,2,1,2,2,1,0
/Users/shravach/Documents/IISc/4th sem/Intelligent ui/datasets/VOC/images/test2007/002790.jpg,2,0,0,2,0,0,0
/Users/shravach/Documents/IISc/4th sem/Intelligent ui/datasets/VOC/images/test2007/002792.jpg,4,3,0,4,1,0,2
/Users/shravach/Documents/IISc/4th sem/Intelligent ui/datasets/VOC/images/test2007/002793.jpg,3,0,0,3,1,0,-1
/Users/shravach/Documents/IISc/4th sem/Intelligent ui/datasets/VOC/images/test2007/002797.jpg,2,0,0,2,0,0,0
/Users/shravach/Documents/IISc/4th sem/Intelligent ui/datasets/VOC/images/test2007/002799.jpg,1,2,0,1,2,0,0
/Users/shravach/Documents/IISc/4th sem/Intelligent ui/datasets/VOC/images/test2007/002802.jpg,3,1,0,3,0,0,1
/Users/shravach/Documents/IISc/4th sem/Intelligent ui/datasets/VOC/images/test2007/002805.jpg,1,0,0,1,0,0,0
/Users/shravach/Documents/IISc/4th sem/Intelligent ui/datasets/VOC/images/test2007/002806.jpg,2,0,0,2,0,0,0
/Users/shravach/Documents/IISc/4th sem/Intelligent ui/datasets/VOC/images/test2007/002808.jpg,3,1,0,3,1,0,0
/Users/shravach/Documents/IISc/4th sem/Intelligent ui/datasets/VOC/images/test2007/002809.jpg,2,1,0,2,4,0,-3
/Users/shravach/Documents/IISc/4th sem/Intelligent ui/datasets/VOC/images/test2007/002811.jpg,2,0,0,2,0,0,0
/Users/shravach/Documents/IISc/4th sem/Intelligent ui/datasets/VOC/images/test2007/002813.jpg,2,4,1,2,4,1,0
/Users/shravach/Documents/IISc/4th sem/Intelligent ui/datasets/VOC/images/test2007/002814.jpg,1,0,0,1,0,0,0
/Users/shravach/Documents/IISc/4th sem/Intelligent ui/datasets/VOC/images/test2007/002818.jpg,5,4,1,5,4,1,0
/Users/shravach/Documents/IISc/4th sem/Intelligent ui/datasets/VOC/images/test2007/002819.jpg,3,1,0,3,3,0,-2
/Users/shravach/Documents/IISc/4th sem/Intelligent ui/datasets/VOC/images/test2007/002821.jpg,3,0,1,4,0,0,1
/Users/shravach/Documents/IISc/4th sem/Intelligent ui/datasets/VOC/images/test2007/002822.jpg,1,0,0,1,0,0,0
/Users/shravach/Documents/IISc/4th sem/Intelligent ui/datasets/VOC/images/test2007/002823.jpg,2,0,0,2,0,0,0
/Users/shravach/Documents/IISc/4th sem/Intelligent ui/datasets/VOC/images/test2007/002824.jpg,1,0,0,1,0,0,0
/Users/shravach/Documents/IISc/4th sem/Intelligent ui/datasets/VOC/images/test2007/002825.jpg,1,0,0,1,0,0,0
/Users/shravach/Documents/IISc/4th sem/Intelligent ui/datasets/VOC/images/test2007/002828.jpg,1,0,0,1,0,0,0
/Users/shravach/Documents/IISc/4th sem/Intelligent ui/datasets/VOC/images/test2007/002829.jpg,1,0,0,1,0,0,0
/Users/shravach/Documents/IISc/4th sem/Intelligent ui/datasets/VOC/images/test2007/002830.jpg,5,0,0,5,1,0,-1
/Users/shravach/Documents/IISc/4th sem/Intelligent ui/datasets/VOC/images/test2007/002831.jpg,1,1,0,1,0,0,1
/Users/shravach/Documents/IISc/4th sem/Intelligent ui/datasets/VOC/images/test2007/002832.jpg,8,6,0,8,2,0,4
/Users/shravach/Documents/IISc/4th sem/Intelligent ui/datasets/VOC/images/test2007/002837.jpg,1,0,0,1,0,0,0
/Users/shravach/Documents/IISc/4th sem/Intelligent ui/datasets/VOC/images/test2007/002839.jpg,0,2,1,1,0,0,3
/Users/shravach/Documents/IISc/4th sem/Intelligent ui/datasets/VOC/images/test2007/002840.jpg,1,0,0,1,0,0,0
/Users/shravach/Documents/IISc/4th sem/Intelligent ui/datasets/VOC/images/test2007/002843.jpg,2,0,0,2,0,0,0
/Users/shravach/Documents/IISc/4th sem/Intelligent ui/datasets/VOC/images/test2007/002846.jpg,2,0,0,2,1,0,-1
/Users/shravach/Documents/IISc/4th sem/Intelligent ui/datasets/VOC/images/test2007/002849.jpg,1,0,0,1,0,0,0
/Users/shravach/Documents/IISc/4th sem/Intelligent ui/datasets/VOC/images/test2007/002850.jpg,3,0,0,3,0,0,0
/Users/shravach/Documents/IISc/4th sem/Intelligent ui/datasets/VOC/images/test2007/002851.jpg,1,0,0,1,0,0,0
/Users/shravach/Documents/IISc/4th sem/Intelligent ui/datasets/VOC/images/test2007/002852.jpg,2,1,1,3,0,0,2
/Users/shravach/Documents/IISc/4th sem/Intelligent ui/datasets/VOC/images/test2007/002853.jpg,1,0,0,1,0,0,0
/Users/shravach/Documents/IISc/4th sem/Intelligent ui/datasets/VOC/images/test2007/002856.jpg,3,2,1,3,4,1,-2
/Users/shravach/Documents/IISc/4th sem/Intelligent ui/datasets/VOC/images/test2007/002857.jpg,2,0,0,2,0,0,0
/Users/shravach/Documents/IISc/4th sem/Intelligent ui/datasets/VOC/images/test2007/002860.jpg,2,2,1,3,0,0,3
/Users/shravach/Documents/IISc/4th sem/Intelligent ui/datasets/VOC/images/test2007/002861.jpg,1,0,0,1,0,0,0
/Users/shravach/Documents/IISc/4th sem/Intelligent ui/datasets/VOC/images/test2007/002862.jpg,3,1,1,3,2,1,-1
/Users/shravach/Documents/IISc/4th sem/Intelligent ui/datasets/VOC/images/test2007/002863.jpg,6,1,0,6,2,0,-1
/Users/shravach/Documents/IISc/4th sem/Intelligent ui/datasets/VOC/images/test2007/002865.jpg,2,2,0,1,2,1,-1
/Users/shravach/Documents/IISc/4th sem/Intelligent ui/datasets/VOC/images/test2007/002871.jpg,1,0,0,1,0,0,0
/Users/shravach/Documents/IISc/4th sem/Intelligent ui/datasets/VOC/images/test2007/002872.jpg,1,1,0,1,1,0,0
/Users/shravach/Documents/IISc/4th sem/Intelligent ui/datasets/VOC/images/test2007/002874.jpg,2,2,0,2,2,0,0
/Users/shravach/Documents/IISc/4th sem/Intelligent ui/datasets/VOC/images/test2007/002876.jpg,1,0,0,1,0,0,0
/Users/shravach/Documents/IISc/4th sem/Intelligent ui/datasets/VOC/images/test2007/002877.jpg,1,0,0,1,0,0,0
/Users/shravach/Documents/IISc/4th sem/Intelligent ui/datasets/VOC/images/test2007/002878.jpg,3,2,1,3,3,1,-1
/Users/shravach/Documents/IISc/4th sem/Intelligent ui/datasets/VOC/images/test2007/002882.jpg,2,0,0,2,1,0,-1
/Users/shravach/Documents/IISc/4th sem/Intelligent ui/datasets/VOC/images/test2007/002883.jpg,1,1,0,1,0,0,1
/Users/shravach/Documents/IISc/4th sem/Intelligent ui/datasets/VOC/images/test2007/002885.jpg,3,1,1,3,1,1,0
/Users/shravach/Documents/IISc/4th sem/Intelligent ui/datasets/VOC/images/test2007/002887.jpg,1,1,1,1,0,1,1
/Users/shravach/Documents/IISc/4th sem/Intelligent ui/datasets/VOC/images/test2007/002888.jpg,3,3,0,3,2,0,1
/Users/shravach/Documents/IISc/4th sem/Intelligent ui/datasets/VOC/images/test2007/002890.jpg,1,1,0,1,1,0,0
/Users/shravach/Documents/IISc/4th sem/Intelligent ui/datasets/VOC/images/test2007/002892.jpg,0,0,1,1,0,0,1
/Users/shravach/Documents/IISc/4th sem/Intelligent ui/datasets/VOC/images/test2007/002894.jpg,1,0,0,1,2,0,-2
/Users/shravach/Documents/IISc/4th sem/Intelligent ui/datasets/VOC/images/test2007/002895.jpg,1,1,1,1,0,1,1
/Users/shravach/Documents/IISc/4th sem/Intelligent ui/datasets/VOC/images/test2007/002897.jpg,7,3,0,7,3,0,0
/Users/shravach/Documents/IISc/4th sem/Intelligent ui/datasets/VOC/images/test2007/002898.jpg,1,0,0,1,0,0,0
/Users/shravach/Documents/IISc/4th sem/Intelligent ui/datasets/VOC/images/test2007/002900.jpg,1,0,0,1,0,0,0
/Users/shravach/Documents/IISc/4th sem/Intelligent ui/datasets/VOC/images/test2007/002902.jpg,1,0,0,1,1,0,-1
/Users/shravach/Documents/IISc/4th sem/Intelligent ui/datasets/VOC/images/test2007/002903.jpg,1,0,0,1,0,0,0
/Users/shravach/Documents/IISc/4th sem/Intelligent ui/datasets/VOC/images/test2007/002904.jpg,5,1,0,5,2,0,-1
/Users/shravach/Documents/IISc/4th sem/Intelligent ui/datasets/VOC/images/test2007/002905.jpg,2,0,0,2,0,0,0
/Users/shravach/Documents/IISc/4th sem/Intelligent ui/datasets/VOC/images/test2007/002907.jpg,1,1,0,0,1,1,-1
/Users/shravach/Documents/IISc/4th sem/Intelligent ui/datasets/VOC/images/test2007/002908.jpg,1,0,0,1,0,0,0
/Users/shravach/Documents/IISc/4th sem/Intelligent ui/datasets/VOC/images/test2007/002909.jpg,2,0,0,2,0,0,0
/Users/shravach/Documents/IISc/4th sem/Intelligent ui/datasets/VOC/images/test2007/002911.jpg,2,0,2,2,2,2,-2
/Users/shravach/Documents/IISc/4th sem/Intelligent ui/datasets/VOC/images/test2007/002918.jpg,2,1,0,2,1,0,0
/Users/shravach/Documents/IISc/4th sem/Intelligent ui/datasets/VOC/images/test2007/002920.jpg,4,3,2,4,2,2,1
/Users/shravach/Documents/IISc/4th sem/Intelligent ui/datasets/VOC/images/test2007/002921.jpg,2,0,0,2,0,0,0
/Users/shravach/Documents/IISc/4th sem/Intelligent ui/datasets/VOC/images/test2007/002922.jpg,1,1,0,1,0,0,1
/Users/shravach/Documents/IISc/4th sem/Intelligent ui/datasets/VOC/images/test2007/002923.jpg,1,0,0,1,0,0,0
/Users/shravach/Documents/IISc/4th sem/Intelligent ui/datasets/VOC/images/test2007/002925.jpg,6,1,1,7,1,0,1
/Users/shravach/Documents/IISc/4th sem/Intelligent ui/datasets/VOC/images/test2007/002926.jpg,1,1,1,2,1,0,1
/Users/shravach/Documents/IISc/4th sem/Intelligent ui/datasets/VOC/images/test2007/002927.jpg,3,0,0,2,0,1,-1
/Users/shravach/Documents/IISc/4th sem/Intelligent ui/datasets/VOC/images/test2007/002928.jpg,0,0,1,1,0,0,1
/Users/shravach/Documents/IISc/4th sem/Intelligent ui/datasets/VOC/images/test2007/002929.jpg,1,0,0,1,0,0,0
/Users/shravach/Documents/IISc/4th sem/Intelligent ui/datasets/VOC/images/test2007/002930.jpg,4,1,3,5,3,2,-1
/Users/shravach/Documents/IISc/4th sem/Intelligent ui/datasets/VOC/images/test2007/002936.jpg,1,1,0,1,1,0,0
/Users/shravach/Documents/IISc/4th sem/Intelligent ui/datasets/VOC/images/test2007/002945.jpg,3,3,1,4,1,0,3
/Users/shravach/Documents/IISc/4th sem/Intelligent ui/datasets/VOC/images/test2007/002948.jpg,1,1,0,1,1,0,0
/Users/shravach/Documents/IISc/4th sem/Intelligent ui/datasets/VOC/images/test2007/002949.jpg,1,0,0,1,0,0,0
/Users/shravach/Documents/IISc/4th sem/Intelligent ui/datasets/VOC/images/test2007/002950.jpg,2,0,0,1,0,1,-1
/Users/shravach/Documents/IISc/4th sem/Intelligent ui/datasets/VOC/images/test2007/002951.jpg,3,0,3,4,0,2,1
/Users/shravach/Documents/IISc/4th sem/Intelligent ui/datasets/VOC/images/test2007/002955.jpg,1,1,0,1,1,0,0
/Users/shravach/Documents/IISc/4th sem/Intelligent ui/datasets/VOC/images/test2007/002959.jpg,1,0,0,1,0,0,0
/Users/shravach/Documents/IISc/4th sem/Intelligent ui/datasets/VOC/images/test2007/002961.jpg,1,0,0,1,0,0,0
/Users/shravach/Documents/IISc/4th sem/Intelligent ui/datasets/VOC/images/test2007/002964.jpg,3,3,2,4,0,1,4
/Users/shravach/Documents/IISc/4th sem/Intelligent ui/datasets/VOC/images/test2007/002968.jpg,1,0,0,1,0,0,0
/Users/shravach/Documents/IISc/4th sem/Intelligent ui/datasets/VOC/images/test2007/002970.jpg,1,0,0,1,0,0,0
/Users/shravach/Documents/IISc/4th sem/Intelligent ui/datasets/VOC/images/test2007/002971.jpg,4,5,1,4,4,1,1
/Users/shravach/Documents/IISc/4th sem/Intelligent ui/datasets/VOC/images/test2007/002972.jpg,2,1,0,2,1,0,0
/Users/shravach/Documents/IISc/4th sem/Intelligent ui/datasets/VOC/images/test2007/002973.jpg,1,0,0,1,0,0,0
/Users/shravach/Documents/IISc/4th sem/Intelligent ui/datasets/VOC/images/test2007/002974.jpg,6,2,2,7,2,1,1
/Users/shravach/Documents/IISc/4th sem/Intelligent ui/datasets/VOC/images/test2007/002979.jpg,1,0,0,1,0,0,0
/Users/shravach/Documents/IISc/4th sem/Intelligent ui/datasets/VOC/images/test2007/002980.jpg,1,1,0,1,0,0,1
/Users/shravach/Documents/IISc/4th sem/Intelligent ui/datasets/VOC/images/test2007/002981.jpg,3,0,0,3,1,0,-1
/Users/shravach/Documents/IISc/4th sem/Intelligent ui/datasets/VOC/images/test2007/002982.jpg,2,0,0,2,0,0,0
/Users/shravach/Documents/IISc/4th sem/Intelligent ui/datasets/VOC/images/test2007/002983.jpg,1,1,0,1,0,0,1
/Users/shravach/Documents/IISc/4th sem/Intelligent ui/datasets/VOC/images/test2007/002985.jpg,1,0,0,1,0,0,0
/Users/shravach/Documents/IISc/4th sem/Intelligent ui/datasets/VOC/images/test2007/002991.jpg,1,0,0,1,0,0,0
/Users/shravach/Documents/IISc/4th sem/Intelligent ui/datasets/VOC/images/test2007/002993.jpg,1,2,0,1,2,0,0
/Users/shravach/Documents/IISc/4th sem/Intelligent ui/datasets/VOC/images/test2007/002996.jpg,9,2,0,9,3,0,-1
/Users/shravach/Documents/IISc/4th sem/Intelligent ui/datasets/VOC/images/test2007/002997.jpg,1,0,0,1,0,0,0
/Users/shravach/Documents/IISc/4th sem/Intelligent ui/datasets/VOC/images/test2007/002998.jpg,1,1,0,1,0,0,1
/Users/shravach/Documents/IISc/4th sem/Intelligent ui/datasets/VOC/images/test2007/002999.jpg,5,2,1,6,2,0,1
/Users/shravach/Documents/IISc/4th sem/Intelligent ui/datasets/VOC/images/test2007/003001.jpg,1,1,0,1,0,0,1
/Users/shravach/Documents/IISc/4th sem/Intelligent ui/datasets/VOC/images/test2007/003006.jpg,8,2,0,8,2,0,0
/Users/shravach/Documents/IISc/4th sem/Intelligent ui/datasets/VOC/images/test2007/003010.jpg,3,4,0,3,2,0,2
/Users/shravach/Documents/IISc/4th sem/Intelligent ui/datasets/VOC/images/test2007/003012.jpg,2,1,1,2,0,1,1
/Users/shravach/Documents/IISc/4th sem/Intelligent ui/datasets/VOC/images/test2007/003014.jpg,0,0,5,1,1,4,0
/Users/shravach/Documents/IISc/4th sem/Intelligent ui/datasets/VOC/images/test2007/003016.jpg,1,1,1,2,0,0,2
/Users/shravach/Documents/IISc/4th sem/Intelligent ui/datasets/VOC/images/test2007/003018.jpg,1,3,0,1,1,0,2
/Users/shravach/Documents/IISc/4th sem/Intelligent ui/datasets/VOC/images/test2007/003019.jpg,1,0,0,1,0,0,0
/Users/shravach/Documents/IISc/4th sem/Intelligent ui/datasets/VOC/images/test2007/003020.jpg,6,2,0,6,1,0,1
/Users/shravach/Documents/IISc/4th sem/Intelligent ui/datasets/VOC/images/test2007/003022.jpg,2,0,0,2,0,0,0
/Users/shravach/Documents/IISc/4th sem/Intelligent ui/datasets/VOC/images/test2007/003025.jpg,4,0,1,5,0,0,1
/Users/shravach/Documents/IISc/4th sem/Intelligent ui/datasets/VOC/images/test2007/003026.jpg,2,0,0,2,1,0,-1
/Users/shravach/Documents/IISc/4th sem/Intelligent ui/datasets/VOC/images/test2007/003029.jpg,3,1,0,3,0,0,1
/Users/shravach/Documents/IISc/4th sem/Intelligent ui/datasets/VOC/images/test2007/003030.jpg,1,1,0,1,1,0,0
/Users/shravach/Documents/IISc/4th sem/Intelligent ui/datasets/VOC/images/test2007/003033.jpg,1,0,0,1,0,0,0
/Users/shravach/Documents/IISc/4th sem/Intelligent ui/datasets/VOC/images/test2007/003035.jpg,1,0,0,1,0,0,0
/Users/shravach/Documents/IISc/4th sem/Intelligent ui/datasets/VOC/images/test2007/003036.jpg,1,0,1,2,0,0,1
/Users/shravach/Documents/IISc/4th sem/Intelligent ui/datasets/VOC/images/test2007/003037.jpg,1,0,0,1,0,0,0
/Users/shravach/Documents/IISc/4th sem/Intelligent ui/datasets/VOC/images/test2007/003040.jpg,1,1,0,1,0,0,1
/Users/shravach/Documents/IISc/4th sem/Intelligent ui/datasets/VOC/images/test2007/003041.jpg,6,1,0,6,0,0,1
/Users/shravach/Documents/IISc/4th sem/Intelligent ui/datasets/VOC/images/test2007/003043.jpg,1,1,0,1,0,0,1
/Users/shravach/Documents/IISc/4th sem/Intelligent ui/datasets/VOC/images/test2007/003046.jpg,1,0,0,1,0,0,0
/Users/shravach/Documents/IISc/4th sem/Intelligent ui/datasets/VOC/images/test2007/003048.jpg,1,3,0,1,0,0,3
/Users/shravach/Documents/IISc/4th sem/Intelligent ui/datasets/VOC/images/test2007/003049.jpg,4,8,2,5,7,1,2
/Users/shravach/Documents/IISc/4th sem/Intelligent ui/datasets/VOC/images/test2007/003050.jpg,4,3,0,4,3,0,0
/Users/shravach/Documents/IISc/4th sem/Intelligent ui/datasets/VOC/images/test2007/003052.jpg,7,0,0,7,0,0,0
/Users/shravach/Documents/IISc/4th sem/Intelligent ui/datasets/VOC/images/test2007/003055.jpg,1,0,0,1,0,0,0
/Users/shravach/Documents/IISc/4th sem/Intelligent ui/datasets/VOC/images/test2007/003059.jpg,1,0,0,1,0,0,0
/Users/shravach/Documents/IISc/4th sem/Intelligent ui/datasets/VOC/images/test2007/003060.jpg,1,0,0,1,0,0,0
/Users/shravach/Documents/IISc/4th sem/Intelligent ui/datasets/VOC/images/test2007/003062.jpg,1,2,2,2,1,1,2
/Users/shravach/Documents/IISc/4th sem/Intelligent ui/datasets/VOC/images/test2007/003067.jpg,5,0,0,5,0,0,0
/Users/shravach/Documents/IISc/4th sem/Intelligent ui/datasets/VOC/images/test2007/003068.jpg,1,0,0,1,0,0,0
/Users/shravach/Documents/IISc/4th sem/Intelligent ui/datasets/VOC/images/test2007/003069.jpg,1,0,0,1,0,0,0
/Users/shravach/Documents/IISc/4th sem/Intelligent ui/datasets/VOC/images/test2007/003070.jpg,5,1,0,5,1,0,0
/Users/shravach/Documents/IISc/4th sem/Intelligent ui/datasets/VOC/images/test2007/003071.jpg,1,0,0,1,0,0,0
/Users/shravach/Documents/IISc/4th sem/Intelligent ui/datasets/VOC/images/test2007/003073.jpg,1,0,0,1,0,0,0
/Users/shravach/Documents/IISc/4th sem/Intelligent ui/datasets/VOC/images/test2007/003075.jpg,2,2,2,3,1,1,2
/Users/shravach/Documents/IISc/4th sem/Intelligent ui/datasets/VOC/images/test2007/003076.jpg,18,1,1,19,4,0,-2
/Users/shravach/Documents/IISc/4th sem/Intelligent ui/datasets/VOC/images/test2007/003079.jpg,1,0,0,1,1,0,-1
/Users/shravach/Documents/IISc/4th sem/Intelligent ui/datasets/VOC/images/test2007/003080.jpg,1,0,0,1,0,0,0
/Users/shravach/Documents/IISc/4th sem/Intelligent ui/datasets/VOC/images/test2007/003081.jpg,2,0,0,2,0,0,0
/Users/shravach/Documents/IISc/4th sem/Intelligent ui/datasets/VOC/images/test2007/003084.jpg,8,1,0,8,1,0,0
/Users/shravach/Documents/IISc/4th sem/Intelligent ui/datasets/VOC/images/test2007/003087.jpg,2,0,0,2,1,0,-1
/Users/shravach/Documents/IISc/4th sem/Intelligent ui/datasets/VOC/images/test2007/003091.jpg,2,1,0,2,0,0,1
/Users/shravach/Documents/IISc/4th sem/Intelligent ui/datasets/VOC/images/test2007/003095.jpg,0,3,1,1,0,0,4
/Users/shravach/Documents/IISc/4th sem/Intelligent ui/datasets/VOC/images/test2007/003096.jpg,1,0,0,1,0,0,0
/Users/shravach/Documents/IISc/4th sem/Intelligent ui/datasets/VOC/images/test2007/003097.jpg,2,0,0,2,0,0,0
/Users/shravach/Documents/IISc/4th sem/Intelligent ui/datasets/VOC/images/test2007/003099.jpg,1,3,0,1,1,0,2
/Users/shravach/Documents/IISc/4th sem/Intelligent ui/datasets/VOC/images/test2007/003101.jpg,4,0,0,4,2,0,-2
/Users/shravach/Documents/IISc/4th sem/Intelligent ui/datasets/VOC/images/test2007/003104.jpg,1,1,0,1,0,0,1
/Users/shravach/Documents/IISc/4th sem/Intelligent ui/datasets/VOC/images/test2007/003109.jpg,1,0,0,1,0,0,0
/Users/shravach/Documents/IISc/4th sem/Intelligent ui/datasets/VOC/images/test2007/003111.jpg,2,3,1,1,3,2,-1
/Users/shravach/Documents/IISc/4th sem/Intelligent ui/datasets/VOC/images/test2007/003113.jpg,2,1,1,2,1,1,0
/Users/shravach/Documents/IISc/4th sem/Intelligent ui/datasets/VOC/images/test2007/003114.jpg,1,0,0,1,0,0,0
/Users/shravach/Documents/IISc/4th sem/Intelligent ui/datasets/VOC/images/test2007/003115.jpg,5,2,0,4,3,1,-2
/Users/shravach/Documents/IISc/4th sem/Intelligent ui/datasets/VOC/images/test2007/003119.jpg,1,0,0,1,0,0,0
/Users/shravach/Documents/IISc/4th sem/Intelligent ui/datasets/VOC/images/test2007/003123.jpg,13,5,2,13,4,2,1
/Users/shravach/Documents/IISc/4th sem/Intelligent ui/datasets/VOC/images/test2007/003125.jpg,1,0,0,1,0,0,0
/Users/shravach/Documents/IISc/4th sem/Intelligent ui/datasets/VOC/images/test2007/003128.jpg,0,0,1,1,0,0,1
/Users/shravach/Documents/IISc/4th sem/Intelligent ui/datasets/VOC/images/test2007/003130.jpg,1,0,0,1,1,0,-1
/Users/shravach/Documents/IISc/4th sem/Intelligent ui/datasets/VOC/images/test2007/003131.jpg,1,0,0,1,0,0,0
/Users/shravach/Documents/IISc/4th sem/Intelligent ui/datasets/VOC/images/test2007/003132.jpg,2,0,0,2,0,0,0
/Users/shravach/Documents/IISc/4th sem/Intelligent ui/datasets/VOC/images/test2007/003136.jpg,1,0,0,1,0,0,0
/Users/shravach/Documents/IISc/4th sem/Intelligent ui/datasets/VOC/images/test2007/003139.jpg,8,2,0,8,4,0,-2
/Users/shravach/Documents/IISc/4th sem/Intelligent ui/datasets/VOC/images/test2007/003141.jpg,3,7,0,3,8,0,-1
/Users/shravach/Documents/IISc/4th sem/Intelligent ui/datasets/VOC/images/test2007/003143.jpg,1,0,0,1,0,0,0
/Users/shravach/Documents/IISc/4th sem/Intelligent ui/datasets/VOC/images/test2007/003144.jpg,1,0,0,1,0,0,0
/Users/shravach/Documents/IISc/4th sem/Intelligent ui/datasets/VOC/images/test2007/003148.jpg,5,9,2,6,2,1,8
/Users/shravach/Documents/IISc/4th sem/Intelligent ui/datasets/VOC/images/test2007/003151.jpg,2,1,0,2,1,0,0
/Users/shravach/Documents/IISc/4th sem/Intelligent ui/datasets/VOC/images/test2007/003152.jpg,2,0,1,3,1,0,0
/Users/shravach/Documents/IISc/4th sem/Intelligent ui/datasets/VOC/images/test2007/003153.jpg,4,2,0,4,2,0,0
/Users/shravach/Documents/IISc/4th sem/Intelligent ui/datasets/VOC/images/test2007/003156.jpg,1,0,0,1,0,0,0
/Users/shravach/Documents/IISc/4th sem/Intelligent ui/datasets/VOC/images/test2007/003158.jpg,1,0,0,1,0,0,0
/Users/shravach/Documents/IISc/4th sem/Intelligent ui/datasets/VOC/images/test2007/003160.jpg,2,0,0,2,0,0,0
/Users/shravach/Documents/IISc/4th sem/Intelligent ui/datasets/VOC/images/test2007/003166.jpg,1,0,0,1,0,0,0
/Users/shravach/Documents/IISc/4th sem/Intelligent ui/datasets/VOC/images/test2007/003167.jpg,3,1,0,3,1,0,0
/Users/shravach/Documents/IISc/4th sem/Intelligent ui/datasets/VOC/images/test2007/003168.jpg,1,0,0,1,0,0,0
/Users/shravach/Documents/IISc/4th sem/Intelligent ui/datasets/VOC/images/test2007/003171.jpg,1,0,0,1,0,0,0
/Users/shravach/Documents/IISc/4th sem/Intelligent ui/datasets/VOC/images/test2007/003172.jpg,3,0,1,4,0,0,1
/Users/shravach/Documents/IISc/4th sem/Intelligent ui/datasets/VOC/images/test2007/003173.jpg,2,1,0,2,0,0,1
/Users/shravach/Documents/IISc/4th sem/Intelligent ui/datasets/VOC/images/test2007/003174.jpg,1,2,0,1,0,0,2
/Users/shravach/Documents/IISc/4th sem/Intelligent ui/datasets/VOC/images/test2007/003179.jpg,3,2,0,3,4,0,-2
/Users/shravach/Documents/IISc/4th sem/Intelligent ui/datasets/VOC/images/test2007/003180.jpg,1,0,0,1,0,0,0
/Users/shravach/Documents/IISc/4th sem/Intelligent ui/datasets/VOC/images/test2007/003182.jpg,2,1,0,2,2,0,-1
/Users/shravach/Documents/IISc/4th sem/Intelligent ui/datasets/VOC/images/test2007/003187.jpg,2,0,0,2,0,0,0
/Users/shravach/Documents/IISc/4th sem/Intelligent ui/datasets/VOC/images/test2007/003190.jpg,3,0,0,3,0,0,0
/Users/shravach/Documents/IISc/4th sem/Intelligent ui/datasets/VOC/images/test2007/003191.jpg,1,0,0,1,0,0,0
/Users/shravach/Documents/IISc/4th sem/Intelligent ui/datasets/VOC/images/test2007/003192.jpg,2,2,0,2,1,0,1
/Users/shravach/Documents/IISc/4th sem/Intelligent ui/datasets/VOC/images/test2007/003193.jpg,3,2,0,3,0,0,2
/Users/shravach/Documents/IISc/4th sem/Intelligent ui/datasets/VOC/images/test2007/003196.jpg,1,0,1,2,1,0,0
/Users/shravach/Documents/IISc/4th sem/Intelligent ui/datasets/VOC/images/test2007/003197.jpg,1,2,0,1,1,0,1
/Users/shravach/Documents/IISc/4th sem/Intelligent ui/datasets/VOC/images/test2007/003198.jpg,2,1,0,2,0,0,1
/Users/shravach/Documents/IISc/4th sem/Intelligent ui/datasets/VOC/images/test2007/003201.jpg,3,0,0,3,0,0,0
/Users/shravach/Documents/IISc/4th sem/Intelligent ui/datasets/VOC/images/test2007/003203.jpg,1,0,0,1,0,0,0
/Users/shravach/Documents/IISc/4th sem/Intelligent ui/datasets/VOC/images/test2007/003206.jpg,1,1,1,2,2,0,0
/Users/shravach/Documents/IISc/4th sem/Intelligent ui/datasets/VOC/images/test2007/003208.jpg,1,0,0,1,0,0,0
/Users/shravach/Documents/IISc/4th sem/Intelligent ui/datasets/VOC/images/test2007/003209.jpg,1,0,1,2,0,0,1
/Users/shravach/Documents/IISc/4th sem/Intelligent ui/datasets/VOC/images/test2007/003212.jpg,1,0,0,1,0,0,0
/Users/shravach/Documents/IISc/4th sem/Intelligent ui/datasets/VOC/images/test2007/003215.jpg,0,1,1,1,1,0,1
/Users/shravach/Documents/IISc/4th sem/Intelligent ui/datasets/VOC/images/test2007/003217.jpg,2,1,0,2,1,0,0
/Users/shravach/Documents/IISc/4th sem/Intelligent ui/datasets/VOC/images/test2007/003220.jpg,9,2,0,9,2,0,0
/Users/shravach/Documents/IISc/4th sem/Intelligent ui/datasets/VOC/images/test2007/003221.jpg,2,3,3,3,0,2,4
/Users/shravach/Documents/IISc/4th sem/Intelligent ui/datasets/VOC/images/test2007/003222.jpg,2,2,0,2,1,0,1
/Users/shravach/Documents/IISc/4th sem/Intelligent ui/datasets/VOC/images/test2007/003224.jpg,2,1,0,2,1,0,0
/Users/shravach/Documents/IISc/4th sem/Intelligent ui/datasets/VOC/images/test2007/003225.jpg,4,3,0,4,3,0,0
/Users/shravach/Documents/IISc/4th sem/Intelligent ui/datasets/VOC/images/test2007/003226.jpg,1,0,0,1,0,0,0
/Users/shravach/Documents/IISc/4th sem/Intelligent ui/datasets/VOC/images/test2007/003227.jpg,1,0,0,1,0,0,0
/Users/shravach/Documents/IISc/4th sem/Intelligent ui/datasets/VOC/images/test2007/003230.jpg,1,0,0,1,0,0,0
/Users/shravach/Documents/IISc/4th sem/Intelligent ui/datasets/VOC/images/test2007/003232.jpg,2,0,0,2,0,0,0
/Users/shravach/Documents/IISc/4th sem/Intelligent ui/datasets/VOC/images/test2007/003234.jpg,5,3,1,6,1,0,3
/Users/shravach/Documents/IISc/4th sem/Intelligent ui/datasets/VOC/images/test2007/003235.jpg,2,0,0,2,0,0,0
/Users/shravach/Documents/IISc/4th sem/Intelligent ui/datasets/VOC/images/test2007/003237.jpg,2,0,0,2,0,0,0
/Users/shravach/Documents/IISc/4th sem/Intelligent ui/datasets/VOC/images/test2007/003238.jpg,1,0,0,1,0,0,0
/Users/shravach/Documents/IISc/4th sem/Intelligent ui/datasets/VOC/images/test2007/003241.jpg,1,0,0,1,0,0,0
/Users/shravach/Documents/IISc/4th sem/Intelligent ui/datasets/VOC/images/test2007/003245.jpg,6,0,0,6,0,0,0
/Users/shravach/Documents/IISc/4th sem/Intelligent ui/datasets/VOC/images/test2007/003246.jpg,1,1,0,1,0,0,1
/Users/shravach/Documents/IISc/4th sem/Intelligent ui/datasets/VOC/images/test2007/003248.jpg,1,0,0,1,0,0,0
/Users/shravach/Documents/IISc/4th sem/Intelligent ui/datasets/VOC/images/test2007/003249.jpg,3,0,1,4,0,0,1
/Users/shravach/Documents/IISc/4th sem/Intelligent ui/datasets/VOC/images/test2007/003251.jpg,3,1,2,4,0,1,2
/Users/shravach/Documents/IISc/4th sem/Intelligent ui/datasets/VOC/images/test2007/003252.jpg,4,3,1,4,1,1,2
/Users/shravach/Documents/IISc/4th sem/Intelligent ui/datasets/VOC/images/test2007/003257.jpg,1,1,0,1,2,0,-1
/Users/shravach/Documents/IISc/4th sem/Intelligent ui/datasets/VOC/images/test2007/003263.jpg,1,1,0,1,0,0,1
/Users/shravach/Documents/IISc/4th sem/Intelligent ui/datasets/VOC/images/test2007/003264.jpg,2,1,0,2,1,0,0
/Users/shravach/Documents/IISc/4th sem/Intelligent ui/datasets/VOC/images/test2007/003265.jpg,2,3,0,2,0,0,3
/Users/shravach/Documents/IISc/4th sem/Intelligent ui/datasets/VOC/images/test2007/003266.jpg,1,0,0,1,0,0,0
/Users/shravach/Documents/IISc/4th sem/Intelligent ui/datasets/VOC/images/test2007/003267.jpg,1,1,0,1,0,0,1
/Users/shravach/Documents/IISc/4th sem/Intelligent ui/datasets/VOC/images/test2007/003268.jpg,1,0,0,1,0,0,0
/Users/shravach/Documents/IISc/4th sem/Intelligent ui/datasets/VOC/images/test2007/003275.jpg,1,0,0,1,0,0,0
/Users/shravach/Documents/IISc/4th sem/Intelligent ui/datasets/VOC/images/test2007/003276.jpg,8,3,0,8,4,0,-1
/Users/shravach/Documents/IISc/4th sem/Intelligent ui/datasets/VOC/images/test2007/003277.jpg,1,0,0,1,0,0,0
/Users/shravach/Documents/IISc/4th sem/Intelligent ui/datasets/VOC/images/test2007/003278.jpg,3,2,0,3,1,0,1
/Users/shravach/Documents/IISc/4th sem/Intelligent ui/datasets/VOC/images/test2007/003281.jpg,4,9,3,3,9,4,-1
/Users/shravach/Documents/IISc/4th sem/Intelligent ui/datasets/VOC/images/test2007/003283.jpg,0,1,1,1,0,0,2
/Users/shravach/Documents/IISc/4th sem/Intelligent ui/datasets/VOC/images/test2007/003286.jpg,1,0,0,1,0,0,0
/Users/shravach/Documents/IISc/4th sem/Intelligent ui/datasets/VOC/images/test2007/003287.jpg,1,0,0,1,0,0,0
/Users/shravach/Documents/IISc/4th sem/Intelligent ui/datasets/VOC/images/test2007/003288.jpg,1,1,0,1,2,0,-1
/Users/shravach/Documents/IISc/4th sem/Intelligent ui/datasets/VOC/images/test2007/003289.jpg,5,3,0,5,3,0,0
/Users/shravach/Documents/IISc/4th sem/Intelligent ui/datasets/VOC/images/test2007/003291.jpg,1,0,0,1,1,0,-1
/Users/shravach/Documents/IISc/4th sem/Intelligent ui/datasets/VOC/images/test2007/003295.jpg,2,1,0,2,1,0,0
/Users/shravach/Documents/IISc/4th sem/Intelligent ui/datasets/VOC/images/test2007/003297.jpg,2,1,1,3,1,0,1
/Users/shravach/Documents/IISc/4th sem/Intelligent ui/datasets/VOC/images/test2007/003298.jpg,1,0,0,1,0,0,0
/Users/shravach/Documents/IISc/4th sem/Intelligent ui/datasets/VOC/images/test2007/003302.jpg,1,1,0,1,0,0,1
/Users/shravach/Documents/IISc/4th sem/Intelligent ui/datasets/VOC/images/test2007/003304.jpg,2,0,0,2,0,0,0
/Users/shravach/Documents/IISc/4th sem/Intelligent ui/datasets/VOC/images/test2007/003305.jpg,1,1,1,2,1,0,1
/Users/shravach/Documents/IISc/4th sem/Intelligent ui/datasets/VOC/images/test2007/003306.jpg,1,0,0,1,0,0,0
/Users/shravach/Documents/IISc/4th sem/Intelligent ui/datasets/VOC/images/test2007/003309.jpg,4,1,0,4,1,0,0
/Users/shravach/Documents/IISc/4th sem/Intelligent ui/datasets/VOC/images/test2007/003310.jpg,1,0,0,1,0,0,0
/Users/shravach/Documents/IISc/4th sem/Intelligent ui/datasets/VOC/images/test2007/003312.jpg,1,0,0,1,0,0,0
/Users/shravach/Documents/IISc/4th sem/Intelligent ui/datasets/VOC/images/test2007/003314.jpg,3,1,1,4,3,0,-1
/Users/shravach/Documents/IISc/4th sem/Intelligent ui/datasets/VOC/images/test2007/003315.jpg,3,0,0,3,3,0,-3
/Users/shravach/Documents/IISc/4th sem/Intelligent ui/datasets/VOC/images/test2007/003317.jpg,0,1,1,1,0,0,2
/Users/shravach/Documents/IISc/4th sem/Intelligent ui/datasets/VOC/images/test2007/003318.jpg,1,0,0,1,0,0,0
/Users/shravach/Documents/IISc/4th sem/Intelligent ui/datasets/VOC/images/test2007/003319.jpg,1,0,0,1,0,0,0
/Users/shravach/Documents/IISc/4th sem/Intelligent ui/datasets/VOC/images/test2007/003321.jpg,2,1,2,2,1,2,0
/Users/shravach/Documents/IISc/4th sem/Intelligent ui/datasets/VOC/images/test2007/003322.jpg,2,1,0,2,1,0,0
/Users/shravach/Documents/IISc/4th sem/Intelligent ui/datasets/VOC/images/test2007/003323.jpg,6,5,1,6,2,1,3
/Users/shravach/Documents/IISc/4th sem/Intelligent ui/datasets/VOC/images/test2007/003324.jpg,2,0,0,2,1,0,-1
/Users/shravach/Documents/IISc/4th sem/Intelligent ui/datasets/VOC/images/test2007/003326.jpg,0,2,1,1,2,0,1
/Users/shravach/Documents/IISc/4th sem/Intelligent ui/datasets/VOC/images/test2007/003328.jpg,2,0,0,2,0,0,0
/Users/shravach/Documents/IISc/4th sem/Intelligent ui/datasets/VOC/images/test2007/003329.jpg,1,0,0,1,0,0,0
/Users/shravach/Documents/IISc/4th sem/Intelligent ui/datasets/VOC/images/test2007/003332.jpg,2,0,0,2,0,0,0
/Users/shravach/Documents/IISc/4th sem/Intelligent ui/datasets/VOC/images/test2007/003333.jpg,2,0,0,2,0,0,0
/Users/shravach/Documents/IISc/4th sem/Intelligent ui/datasets/VOC/images/test2007/003334.jpg,1,0,1,1,0,1,0
/Users/shravach/Documents/IISc/4th sem/Intelligent ui/datasets/VOC/images/test2007/003340.jpg,2,2,0,2,1,0,1
/Users/shravach/Documents/IISc/4th sem/Intelligent ui/datasets/VOC/images/test2007/003341.jpg,7,2,1,7,5,1,-3
/Users/shravach/Documents/IISc/4th sem/Intelligent ui/datasets/VOC/images/test2007/003342.jpg,1,1,0,1,0,0,1
/Users/shravach/Documents/IISc/4th sem/Intelligent ui/datasets/VOC/images/test2007/003345.jpg,4,4,0,4,6,0,-2
/Users/shravach/Documents/IISc/4th sem/Intelligent ui/datasets/VOC/images/test2007/003346.jpg,2,0,0,2,1,0,-1
/Users/shravach/Documents/IISc/4th sem/Intelligent ui/datasets/VOC/images/test2007/003347.jpg,1,0,0,1,0,0,0
/Users/shravach/Documents/IISc/4th sem/Intelligent ui/datasets/VOC/images/test2007/003348.jpg,3,1,1,4,0,0,2
/Users/shravach/Documents/IISc/4th sem/Intelligent ui/datasets/VOC/images/test2007/003352.jpg,2,1,0,2,1,0,0
/Users/shravach/Documents/IISc/4th sem/Intelligent ui/datasets/VOC/images/test2007/003353.jpg,1,0,0,1,0,0,0
/Users/shravach/Documents/IISc/4th sem/Intelligent ui/datasets/VOC/images/test2007/003357.jpg,4,0,0,4,0,0,0
/Users/shravach/Documents/IISc/4th sem/Intelligent ui/datasets/VOC/images/test2007/003358.jpg,1,0,0,1,0,0,0
/Users/shravach/Documents/IISc/4th sem/Intelligent ui/datasets/VOC/images/test2007/003361.jpg,1,0,0,1,1,0,-1
/Users/shravach/Documents/IISc/4th sem/Intelligent ui/datasets/VOC/images/test2007/003364.jpg,1,0,0,1,0,0,0
/Users/shravach/Documents/IISc/4th sem/Intelligent ui/datasets/VOC/images/test2007/003366.jpg,4,0,0,4,0,0,0
/Users/shravach/Documents/IISc/4th sem/Intelligent ui/datasets/VOC/images/test2007/003368.jpg,2,3,0,2,1,0,2
/Users/shravach/Documents/IISc/4th sem/Intelligent ui/datasets/VOC/images/test2007/003371.jpg,0,2,2,2,1,0,3
/Users/shravach/Documents/IISc/4th sem/Intelligent ui/datasets/VOC/images/test2007/003372.jpg,1,0,0,1,0,0,0
/Users/shravach/Documents/IISc/4th sem/Intelligent ui/datasets/VOC/images/test2007/003375.jpg,1,0,0,1,0,0,0
/Users/shravach/Documents/IISc/4th sem/Intelligent ui/datasets/VOC/images/test2007/003378.jpg,4,1,0,4,3,0,-2
/Users/shravach/Documents/IISc/4th sem/Intelligent ui/datasets/VOC/images/test2007/003381.jpg,1,0,0,1,0,0,0
/Users/shravach/Documents/IISc/4th sem/Intelligent ui/datasets/VOC/images/test2007/003383.jpg,3,0,0,3,0,0,0
/Users/shravach/Documents/IISc/4th sem/Intelligent ui/datasets/VOC/images/test2007/003384.jpg,2,3,0,2,1,0,2
/Users/shravach/Documents/IISc/4th sem/Intelligent ui/datasets/VOC/images/test2007/003385.jpg,5,1,0,5,0,0,1
/Users/shravach/Documents/IISc/4th sem/Intelligent ui/datasets/VOC/images/test2007/003387.jpg,1,0,0,1,0,0,0
/Users/shravach/Documents/IISc/4th sem/Intelligent ui/datasets/VOC/images/test2007/003388.jpg,10,2,1,10,2,1,0
/Users/shravach/Documents/IISc/4th sem/Intelligent ui/datasets/VOC/images/test2007/003389.jpg,1,0,0,1,0,0,0
/Users/shravach/Documents/IISc/4th sem/Intelligent ui/datasets/VOC/images/test2007/003393.jpg,1,0,0,1,0,0,0
/Users/shravach/Documents/IISc/4th sem/Intelligent ui/datasets/VOC/images/test2007/003394.jpg,1,1,0,1,1,0,0
/Users/shravach/Documents/IISc/4th sem/Intelligent ui/datasets/VOC/images/test2007/003399.jpg,5,4,1,6,2,0,3
/Users/shravach/Documents/IISc/4th sem/Intelligent ui/datasets/VOC/images/test2007/003400.jpg,1,0,0,1,0,0,0
/Users/shravach/Documents/IISc/4th sem/Intelligent ui/datasets/VOC/images/test2007/003402.jpg,2,0,0,2,0,0,0
/Users/shravach/Documents/IISc/4th sem/Intelligent ui/datasets/VOC/images/test2007/003405.jpg,1,0,0,1,0,0,0
/Users/shravach/Documents/IISc/4th sem/Intelligent ui/datasets/VOC/images/test2007/003409.jpg,0,1,2,1,0,1,2
/Users/shravach/Documents/IISc/4th sem/Intelligent ui/datasets/VOC/images/test2007/003411.jpg,0,1,1,1,0,0,2
/Users/shravach/Documents/IISc/4th sem/Intelligent ui/datasets/VOC/images/test2007/003414.jpg,5,1,1,4,1,2,-1
/Users/shravach/Documents/IISc/4th sem/Intelligent ui/datasets/VOC/images/test2007/003418.jpg,2,4,1,3,2,0,3
/Users/shravach/Documents/IISc/4th sem/Intelligent ui/datasets/VOC/images/test2007/003423.jpg,3,1,0,3,1,0,0
/Users/shravach/Documents/IISc/4th sem/Intelligent ui/datasets/VOC/images/test2007/003426.jpg,1,0,0,1,0,0,0
/Users/shravach/Documents/IISc/4th sem/Intelligent ui/datasets/VOC/images/test2007/003427.jpg,2,0,0,2,0,0,0
/Users/shravach/Documents/IISc/4th sem/Intelligent ui/datasets/VOC/images/test2007/003428.jpg,1,0,0,1,0,0,0
/Users/shravach/Documents/IISc/4th sem/Intelligent ui/datasets/VOC/images/test2007/003431.jpg,2,0,1,3,0,0,1
/Users/shravach/Documents/IISc/4th sem/Intelligent ui/datasets/VOC/images/test2007/003432.jpg,2,3,0,0,3,2,-2
/Users/shravach/Documents/IISc/4th sem/Intelligent ui/datasets/VOC/images/test2007/003434.jpg,6,0,1,6,0,1,0
/Users/shravach/Documents/IISc/4th sem/Intelligent ui/datasets/VOC/images/test2007/003437.jpg,1,0,0,1,0,0,0
/Users/shravach/Documents/IISc/4th sem/Intelligent ui/datasets/VOC/images/test2007/003438.jpg,0,1,1,0,0,1,1
/Users/shravach/Documents/IISc/4th sem/Intelligent ui/datasets/VOC/images/test2007/003440.jpg,1,0,0,1,0,0,0
/Users/shravach/Documents/IISc/4th sem/Intelligent ui/datasets/VOC/images/test2007/003442.jpg,3,1,0,3,0,0,1
/Users/shravach/Documents/IISc/4th sem/Intelligent ui/datasets/VOC/images/test2007/003445.jpg,1,2,0,1,0,0,2
/Users/shravach/Documents/IISc/4th sem/Intelligent ui/datasets/VOC/images/test2007/003446.jpg,2,0,0,2,1,0,-1
/Users/shravach/Documents/IISc/4th sem/Intelligent ui/datasets/VOC/images/test2007/003447.jpg,1,0,0,1,0,0,0
/Users/shravach/Documents/IISc/4th sem/Intelligent ui/datasets/VOC/images/test2007/003448.jpg,6,8,3,4,6,5,0
/Users/shravach/Documents/IISc/4th sem/Intelligent ui/datasets/VOC/images/test2007/003454.jpg,1,2,0,1,4,0,-2
/Users/shravach/Documents/IISc/4th sem/Intelligent ui/datasets/VOC/images/test2007/003456.jpg,1,0,0,1,0,0,0
/Users/shravach/Documents/IISc/4th sem/Intelligent ui/datasets/VOC/images/test2007/003457.jpg,1,0,0,1,0,0,0
/Users/shravach/Documents/IISc/4th sem/Intelligent ui/datasets/VOC/images/test2007/003459.jpg,7,3,1,7,5,1,-2
/Users/shravach/Documents/IISc/4th sem/Intelligent ui/datasets/VOC/images/test2007/003460.jpg,1,0,0,1,0,0,0
/Users/shravach/Documents/IISc/4th sem/Intelligent ui/datasets/VOC/images/test2007/003463.jpg,0,2,1,1,1,0,2
/Users/shravach/Documents/IISc/4th sem/Intelligent ui/datasets/VOC/images/test2007/003467.jpg,1,0,0,1,0,0,0
/Users/shravach/Documents/IISc/4th sem/Intelligent ui/datasets/VOC/images/test2007/003471.jpg,4,5,2,6,12,0,-5
/Users/shravach/Documents/IISc/4th sem/Intelligent ui/datasets/VOC/images/test2007/003472.jpg,1,1,0,1,0,0,1
/Users/shravach/Documents/IISc/4th sem/Intelligent ui/datasets/VOC/images/test2007/003473.jpg,2,0,0,2,0,0,0
/Users/shravach/Documents/IISc/4th sem/Intelligent ui/datasets/VOC/images/test2007/003474.jpg,1,1,0,1,1,0,0
/Users/shravach/Documents/IISc/4th sem/Intelligent ui/datasets/VOC/images/test2007/003475.jpg,4,2,0,4,0,0,2
/Users/shravach/Documents/IISc/4th sem/Intelligent ui/datasets/VOC/images/test2007/003476.jpg,1,2,0,1,1,0,1
/Users/shravach/Documents/IISc/4th sem/Intelligent ui/datasets/VOC/images/test2007/003478.jpg,1,0,0,1,0,0,0
/Users/shravach/Documents/IISc/4th sem/Intelligent ui/datasets/VOC/images/test2007/003479.jpg,1,0,0,1,2,0,-2
/Users/shravach/Documents/IISc/4th sem/Intelligent ui/datasets/VOC/images/test2007/003480.jpg,1,0,0,1,0,0,0
/Users/shravach/Documents/IISc/4th sem/Intelligent ui/datasets/VOC/images/test2007/003481.jpg,3,4,0,3,2,0,2
/Users/shravach/Documents/IISc/4th sem/Intelligent ui/datasets/VOC/images/test2007/003482.jpg,3,3,0,3,2,0,1
/Users/shravach/Documents/IISc/4th sem/Intelligent ui/datasets/VOC/images/test2007/003483.jpg,4,2,0,4,1,0,1
/Users/shravach/Documents/IISc/4th sem/Intelligent ui/datasets/VOC/images/test2007/003485.jpg,2,1,0,2,1,0,0
/Users/shravach/Documents/IISc/4th sem/Intelligent ui/datasets/VOC/images/test2007/003486.jpg,4,4,1,3,3,2,0
/Users/shravach/Documents/IISc/4th sem/Intelligent ui/datasets/VOC/images/test2007/003488.jpg,6,0,1,6,2,1,-2
/Users/shravach/Documents/IISc/4th sem/Intelligent ui/datasets/VOC/images/test2007/003490.jpg,1,1,1,2,0,0,2
/Users/shravach/Documents/IISc/4th sem/Intelligent ui/datasets/VOC/images/test2007/003494.jpg,2,0,1,3,0,0,1
/Users/shravach/Documents/IISc/4th sem/Intelligent ui/datasets/VOC/images/test2007/003495.jpg,0,0,1,0,1,1,-1
/Users/shravach/Documents/IISc/4th sem/Intelligent ui/datasets/VOC/images/test2007/003498.jpg,1,2,0,1,0,0,2
/Users/shravach/Documents/IISc/4th sem/Intelligent ui/datasets/VOC/images/test2007/003501.jpg,3,0,0,3,0,0,0
/Users/shravach/Documents/IISc/4th sem/Intelligent ui/datasets/VOC/images/test2007/003502.jpg,6,3,0,6,1,0,2
/Users/shravach/Documents/IISc/4th sem/Intelligent ui/datasets/VOC/images/test2007/003503.jpg,5,2,0,5,0,0,2
/Users/shravach/Documents/IISc/4th sem/Intelligent ui/datasets/VOC/images/test2007/003504.jpg,1,0,0,1,0,0,0
/Users/shravach/Documents/IISc/4th sem/Intelligent ui/datasets/VOC/images/test2007/003505.jpg,2,0,0,2,0,0,0
/Users/shravach/Documents/IISc/4th sem/Intelligent ui/datasets/VOC/images/test2007/003507.jpg,2,3,0,1,2,1,0
/Users/shravach/Documents/IISc/4th sem/Intelligent ui/datasets/VOC/images/test2007/003512.jpg,1,0,1,1,0,1,0
/Users/shravach/Documents/IISc/4th sem/Intelligent ui/datasets/VOC/images/test2007/003513.jpg,1,0,0,1,0,0,0
/Users/shravach/Documents/IISc/4th sem/Intelligent ui/datasets/VOC/images/test2007/003514.jpg,1,1,1,2,0,0,2
/Users/shravach/Documents/IISc/4th sem/Intelligent ui/datasets/VOC/images/test2007/003515.jpg,2,1,4,2,1,4,0
/Users/shravach/Documents/IISc/4th sem/Intelligent ui/datasets/VOC/images/test2007/003517.jpg,5,2,1,5,2,1,0
/Users/shravach/Documents/IISc/4th sem/Intelligent ui/datasets/VOC/images/test2007/003520.jpg,2,1,1,3,0,0,2
/Users/shravach/Documents/IISc/4th sem/Intelligent ui/datasets/VOC/images/test2007/003523.jpg,1,0,0,1,0,0,0
/Users/shravach/Documents/IISc/4th sem/Intelligent ui/datasets/VOC/images/test2007/003526.jpg,1,3,0,1,1,0,2
/Users/shravach/Documents/IISc/4th sem/Intelligent ui/datasets/VOC/images/test2007/003527.jpg,4,0,1,4,0,1,0
/Users/shravach/Documents/IISc/4th sem/Intelligent ui/datasets/VOC/images/test2007/003531.jpg,2,0,0,2,0,0,0
/Users/shravach/Documents/IISc/4th sem/Intelligent ui/datasets/VOC/images/test2007/003532.jpg,0,2,1,0,3,1,-1
/Users/shravach/Documents/IISc/4th sem/Intelligent ui/datasets/VOC/images/test2007/003533.jpg,0,1,1,0,1,1,0
/Users/shravach/Documents/IISc/4th sem/Intelligent ui/datasets/VOC/images/test2007/003534.jpg,6,0,0,6,1,0,-1
/Users/shravach/Documents/IISc/4th sem/Intelligent ui/datasets/VOC/images/test2007/003535.jpg,1,0,0,1,0,0,0
/Users/shravach/Documents/IISc/4th sem/Intelligent ui/datasets/VOC/images/test2007/003538.jpg,2,0,0,2,0,0,0
/Users/shravach/Documents/IISc/4th sem/Intelligent ui/datasets/VOC/images/test2007/003540.jpg,1,1,0,1,1,0,0
/Users/shravach/Documents/IISc/4th sem/Intelligent ui/datasets/VOC/images/test2007/003541.jpg,2,0,0,2,2,0,-2
/Users/shravach/Documents/IISc/4th sem/Intelligent ui/datasets/VOC/images/test2007/003542.jpg,6,1,1,6,2,1,-1
/Users/shravach/Documents/IISc/4th sem/Intelligent ui/datasets/VOC/images/test2007/003543.jpg,6,1,0,6,1,0,0
/Users/shravach/Documents/IISc/4th sem/Intelligent ui/datasets/VOC/images/test2007/003544.jpg,1,1,0,1,1,0,0
/Users/shravach/Documents/IISc/4th sem/Intelligent ui/datasets/VOC/images/test2007/003545.jpg,1,0,0,1,0,0,0
/Users/shravach/Documents/IISc/4th sem/Intelligent ui/datasets/VOC/images/test2007/003547.jpg,1,0,0,1,0,0,0
/Users/shravach/Documents/IISc/4th sem/Intelligent ui/datasets/VOC/images/test2007/003552.jpg,1,0,0,1,0,0,0
/Users/shravach/Documents/IISc/4th sem/Intelligent ui/datasets/VOC/images/test2007/003553.jpg,2,0,0,2,0,0,0
/Users/shravach/Documents/IISc/4th sem/Intelligent ui/datasets/VOC/images/test2007/003557.jpg,2,1,0,2,0,0,1
/Users/shravach/Documents/IISc/4th sem/Intelligent ui/datasets/VOC/images/test2007/003558.jpg,1,0,1,1,0,1,0
/Users/shravach/Documents/IISc/4th sem/Intelligent ui/datasets/VOC/images/test2007/003559.jpg,1,0,0,1,0,0,0
/Users/shravach/Documents/IISc/4th sem/Intelligent ui/datasets/VOC/images/test2007/003560.jpg,1,1,0,1,0,0,1
/Users/shravach/Documents/IISc/4th sem/Intelligent ui/datasets/VOC/images/test2007/003561.jpg,1,0,0,1,0,0,0
/Users/shravach/Documents/IISc/4th sem/Intelligent ui/datasets/VOC/images/test2007/003562.jpg,2,1,0,2,1,0,0
/Users/shravach/Documents/IISc/4th sem/Intelligent ui/datasets/VOC/images/test2007/003563.jpg,0,2,3,2,3,1,1
/Users/shravach/Documents/IISc/4th sem/Intelligent ui/datasets/VOC/images/test2007/003568.jpg,1,0,0,1,0,0,0
/Users/shravach/Documents/IISc/4th sem/Intelligent ui/datasets/VOC/images/test2007/003569.jpg,0,1,1,1,1,0,1
/Users/shravach/Documents/IISc/4th sem/Intelligent ui/datasets/VOC/images/test2007/003570.jpg,1,0,0,1,0,0,0
/Users/shravach/Documents/IISc/4th sem/Intelligent ui/datasets/VOC/images/test2007/003571.jpg,1,0,0,1,0,0,0
/Users/shravach/Documents/IISc/4th sem/Intelligent ui/datasets/VOC/images/test2007/003572.jpg,3,0,0,3,0,0,0
/Users/shravach/Documents/IISc/4th sem/Intelligent ui/datasets/VOC/images/test2007/003573.jpg,4,1,1,5,0,0,2
/Users/shravach/Documents/IISc/4th sem/Intelligent ui/datasets/VOC/images/test2007/003574.jpg,1,0,0,1,0,0,0
/Users/shravach/Documents/IISc/4th sem/Intelligent ui/datasets/VOC/images/test2007/003578.jpg,4,4,0,3,3,1,0
/Users/shravach/Documents/IISc/4th sem/Intelligent ui/datasets/VOC/images/test2007/003579.jpg,2,0,0,2,0,0,0
/Users/shravach/Documents/IISc/4th sem/Intelligent ui/datasets/VOC/images/test2007/003581.jpg,3,1,0,3,1,0,0
/Users/shravach/Documents/IISc/4th sem/Intelligent ui/datasets/VOC/images/test2007/003582.jpg,1,0,0,1,1,0,-1
/Users/shravach/Documents/IISc/4th sem/Intelligent ui/datasets/VOC/images/test2007/003583.jpg,3,1,0,3,1,0,0
/Users/shravach/Documents/IISc/4th sem/Intelligent ui/datasets/VOC/images/test2007/003584.jpg,2,0,0,2,0,0,0
/Users/shravach/Documents/IISc/4th sem/Intelligent ui/datasets/VOC/images/test2007/003590.jpg,8,1,0,8,4,0,-3
/Users/shravach/Documents/IISc/4th sem/Intelligent ui/datasets/VOC/images/test2007/003591.jpg,1,0,0,1,0,0,0
/Users/shravach/Documents/IISc/4th sem/Intelligent ui/datasets/VOC/images/test2007/003592.jpg,3,2,2,5,0,0,4
/Users/shravach/Documents/IISc/4th sem/Intelligent ui/datasets/VOC/images/test2007/003595.jpg,11,9,0,11,7,0,2
/Users/shravach/Documents/IISc/4th sem/Intelligent ui/datasets/VOC/images/test2007/003598.jpg,4,0,2,6,6,0,-4
/Users/shravach/Documents/IISc/4th sem/Intelligent ui/datasets/VOC/images/test2007/003600.jpg,1,0,1,2,1,0,0
/Users/shravach/Documents/IISc/4th sem/Intelligent ui/datasets/VOC/images/test2007/003601.jpg,1,1,0,1,0,0,1
/Users/shravach/Documents/IISc/4th sem/Intelligent ui/datasets/VOC/images/test2007/003602.jpg,3,0,0,3,0,0,0
/Users/shravach/Documents/IISc/4th sem/Intelligent ui/datasets/VOC/images/test2007/003607.jpg,1,0,0,1,0,0,0
/Users/shravach/Documents/IISc/4th sem/Intelligent ui/datasets/VOC/images/test2007/003610.jpg,1,0,0,1,0,0,0
/Users/shravach/Documents/IISc/4th sem/Intelligent ui/datasets/VOC/images/test2007/003612.jpg,2,0,0,2,0,0,0
/Users/shravach/Documents/IISc/4th sem/Intelligent ui/datasets/VOC/images/test2007/003613.jpg,2,0,0,2,0,0,0
/Users/shravach/Documents/IISc/4th sem/Intelligent ui/datasets/VOC/images/test2007/003615.jpg,1,1,0,1,0,0,1
/Users/shravach/Documents/IISc/4th sem/Intelligent ui/datasets/VOC/images/test2007/003616.jpg,1,1,0,1,0,0,1
/Users/shravach/Documents/IISc/4th sem/Intelligent ui/datasets/VOC/images/test2007/003617.jpg,5,0,1,5,3,1,-3
/Users/shravach/Documents/IISc/4th sem/Intelligent ui/datasets/VOC/images/test2007/003619.jpg,4,1,2,5,0,1,2
/Users/shravach/Documents/IISc/4th sem/Intelligent ui/datasets/VOC/images/test2007/003624.jpg,0,18,1,0,18,1,0
/Users/shravach/Documents/IISc/4th sem/Intelligent ui/datasets/VOC/images/test2007/003626.jpg,1,1,2,2,3,1,-1
/Users/shravach/Documents/IISc/4th sem/Intelligent ui/datasets/VOC/images/test2007/003630.jpg,1,0,0,1,0,0,0
/Users/shravach/Documents/IISc/4th sem/Intelligent ui/datasets/VOC/images/test2007/003631.jpg,6,2,5,6,1,5,1
/Users/shravach/Documents/IISc/4th sem/Intelligent ui/datasets/VOC/images/test2007/003633.jpg,3,3,2,3,5,2,-2
/Users/shravach/Documents/IISc/4th sem/Intelligent ui/datasets/VOC/images/test2007/003637.jpg,1,0,0,1,0,0,0
/Users/shravach/Documents/IISc/4th sem/Intelligent ui/datasets/VOC/images/test2007/003641.jpg,2,0,0,2,0,0,0
/Users/shravach/Documents/IISc/4th sem/Intelligent ui/datasets/VOC/images/test2007/003643.jpg,3,2,0,2,4,1,-3
/Users/shravach/Documents/IISc/4th sem/Intelligent ui/datasets/VOC/images/test2007/003647.jpg,2,0,0,2,0,0,0
/Users/shravach/Documents/IISc/4th sem/Intelligent ui/datasets/VOC/images/test2007/003649.jpg,8,3,3,7,5,4,-3
/Users/shravach/Documents/IISc/4th sem/Intelligent ui/datasets/VOC/images/test2007/003650.jpg,2,1,0,2,0,0,1
/Users/shravach/Documents/IISc/4th sem/Intelligent ui/datasets/VOC/images/test2007/003652.jpg,0,3,4,3,4,1,2
/Users/shravach/Documents/IISc/4th sem/Intelligent ui/datasets/VOC/images/test2007/003653.jpg,1,1,0,1,0,0,1
/Users/shravach/Documents/IISc/4th sem/Intelligent ui/datasets/VOC/images/test2007/003659.jpg,1,2,0,1,2,0,0
/Users/shravach/Documents/IISc/4th sem/Intelligent ui/datasets/VOC/images/test2007/003661.jpg,1,0,0,1,0,0,0
/Users/shravach/Documents/IISc/4th sem/Intelligent ui/datasets/VOC/images/test2007/003665.jpg,4,0,0,4,1,0,-1
/Users/shravach/Documents/IISc/4th sem/Intelligent ui/datasets/VOC/images/test2007/003666.jpg,1,0,0,1,0,0,0
/Users/shravach/Documents/IISc/4th sem/Intelligent ui/datasets/VOC/images/test2007/003668.jpg,1,0,0,1,0,0,0
/Users/shravach/Documents/IISc/4th sem/Intelligent ui/datasets/VOC/images/test2007/003670.jpg,2,0,0,2,0,0,0
/Users/shravach/Documents/IISc/4th sem/Intelligent ui/datasets/VOC/images/test2007/003672.jpg,1,1,0,1,1,0,0
/Users/shravach/Documents/IISc/4th sem/Intelligent ui/datasets/VOC/images/test2007/003676.jpg,3,5,0,3,1,0,4
/Users/shravach/Documents/IISc/4th sem/Intelligent ui/datasets/VOC/images/test2007/003677.jpg,4,1,0,4,1,0,0
/Users/shravach/Documents/IISc/4th sem/Intelligent ui/datasets/VOC/images/test2007/003680.jpg,13,3,1,13,2,1,1
/Users/shravach/Documents/IISc/4th sem/Intelligent ui/datasets/VOC/images/test2007/003682.jpg,2,1,0,2,0,0,1
/Users/shravach/Documents/IISc/4th sem/Intelligent ui/datasets/VOC/images/test2007/003683.jpg,1,0,0,1,0,0,0
/Users/shravach/Documents/IISc/4th sem/Intelligent ui/datasets/VOC/images/test2007/003686.jpg,1,1,0,1,1,0,0
/Users/shravach/Documents/IISc/4th sem/Intelligent ui/datasets/VOC/images/test2007/003687.jpg,1,1,0,1,1,0,0
/Users/shravach/Documents/IISc/4th sem/Intelligent ui/datasets/VOC/images/test2007/003689.jpg,2,1,1,1,2,2,-2
/Users/shravach/Documents/IISc/4th sem/Intelligent ui/datasets/VOC/images/test2007/003692.jpg,6,1,1,6,5,1,-4
/Users/shravach/Documents/IISc/4th sem/Intelligent ui/datasets/VOC/images/test2007/003693.jpg,3,1,0,3,1,0,0
/Users/shravach/Documents/IISc/4th sem/Intelligent ui/datasets/VOC/images/test2007/003697.jpg,3,4,0,2,3,1,0
/Users/shravach/Documents/IISc/4th sem/Intelligent ui/datasets/VOC/images/test2007/003701.jpg,5,2,1,5,2,1,0
/Users/shravach/Documents/IISc/4th sem/Intelligent ui/datasets/VOC/images/test2007/003702.jpg,1,0,0,1,0,0,0
/Users/shravach/Documents/IISc/4th sem/Intelligent ui/datasets/VOC/images/test2007/003707.jpg,1,0,1,1,1,1,-1
/Users/shravach/Documents/IISc/4th sem/Intelligent ui/datasets/VOC/images/test2007/003710.jpg,1,0,0,1,0,0,0
/Users/shravach/Documents/IISc/4th sem/Intelligent ui/datasets/VOC/images/test2007/003712.jpg,1,0,0,1,0,0,0
/Users/shravach/Documents/IISc/4th sem/Intelligent ui/datasets/VOC/images/test2007/003715.jpg,1,2,0,1,1,0,1
/Users/shravach/Documents/IISc/4th sem/Intelligent ui/datasets/VOC/images/test2007/003716.jpg,1,0,0,1,0,0,0
/Users/shravach/Documents/IISc/4th sem/Intelligent ui/datasets/VOC/images/test2007/003718.jpg,1,0,0,1,0,0,0
/Users/shravach/Documents/IISc/4th sem/Intelligent ui/datasets/VOC/images/test2007/003719.jpg,1,0,0,1,0,0,0
/Users/shravach/Documents/IISc/4th sem/Intelligent ui/datasets/VOC/images/test2007/003720.jpg,4,1,1,4,2,1,-1
/Users/shravach/Documents/IISc/4th sem/Intelligent ui/datasets/VOC/images/test2007/003723.jpg,0,1,3,1,1,2,1
/Users/shravach/Documents/IISc/4th sem/Intelligent ui/datasets/VOC/images/test2007/003724.jpg,1,1,0,1,0,0,1
/Users/shravach/Documents/IISc/4th sem/Intelligent ui/datasets/VOC/images/test2007/003725.jpg,4,2,0,3,3,1,-2
/Users/shravach/Documents/IISc/4th sem/Intelligent ui/datasets/VOC/images/test2007/003726.jpg,1,0,0,1,0,0,0
/Users/shravach/Documents/IISc/4th sem/Intelligent ui/datasets/VOC/images/test2007/003728.jpg,2,3,0,2,0,0,3
/Users/shravach/Documents/IISc/4th sem/Intelligent ui/datasets/VOC/images/test2007/003730.jpg,2,2,0,2,1,0,1
/Users/shravach/Documents/IISc/4th sem/Intelligent ui/datasets/VOC/images/test2007/003731.jpg,2,0,0,2,0,0,0
/Users/shravach/Documents/IISc/4th sem/Intelligent ui/datasets/VOC/images/test2007/003733.jpg,3,0,0,3,0,0,0
/Users/shravach/Documents/IISc/4th sem/Intelligent ui/datasets/VOC/images/test2007/003734.jpg,4,0,0,4,0,0,0
/Users/shravach/Documents/IISc/4th sem/Intelligent ui/datasets/VOC/images/test2007/003736.jpg,2,0,2,4,1,0,1
/Users/shravach/Documents/IISc/4th sem/Intelligent ui/datasets/VOC/images/test2007/003737.jpg,2,2,0,2,1,0,1
/Users/shravach/Documents/IISc/4th sem/Intelligent ui/datasets/VOC/images/test2007/003738.jpg,1,0,0,1,0,0,0
/Users/shravach/Documents/IISc/4th sem/Intelligent ui/datasets/VOC/images/test2007/003739.jpg,2,0,0,2,0,0,0
/Users/shravach/Documents/IISc/4th sem/Intelligent ui/datasets/VOC/images/test2007/003741.jpg,1,0,0,1,0,0,0
/Users/shravach/Documents/IISc/4th sem/Intelligent ui/datasets/VOC/images/test2007/003742.jpg,1,1,0,1,1,0,0
/Users/shravach/Documents/IISc/4th sem/Intelligent ui/datasets/VOC/images/test2007/003744.jpg,1,0,0,1,0,0,0
/Users/shravach/Documents/IISc/4th sem/Intelligent ui/datasets/VOC/images/test2007/003745.jpg,1,0,0,1,0,0,0
/Users/shravach/Documents/IISc/4th sem/Intelligent ui/datasets/VOC/images/test2007/003746.jpg,5,1,2,5,0,2,1
/Users/shravach/Documents/IISc/4th sem/Intelligent ui/datasets/VOC/images/test2007/003747.jpg,1,1,0,1,3,0,-2
/Users/shravach/Documents/IISc/4th sem/Intelligent ui/datasets/VOC/images/test2007/003755.jpg,3,2,0,3,2,0,0
/Users/shravach/Documents/IISc/4th sem/Intelligent ui/datasets/VOC/images/test2007/003756.jpg,0,1,1,1,1,0,1
/Users/shravach/Documents/IISc/4th sem/Intelligent ui/datasets/VOC/images/test2007/003757.jpg,1,0,0,1,0,0,0
/Users/shravach/Documents/IISc/4th sem/Intelligent ui/datasets/VOC/images/test2007/003761.jpg,3,1,1,4,0,0,2
/Users/shravach/Documents/IISc/4th sem/Intelligent ui/datasets/VOC/images/test2007/003762.jpg,1,0,1,2,0,0,1
/Users/shravach/Documents/IISc/4th sem/Intelligent ui/datasets/VOC/images/test2007/003764.jpg,2,0,0,2,0,0,0
/Users/shravach/Documents/IISc/4th sem/Intelligent ui/datasets/VOC/images/test2007/003765.jpg,2,4,8,4,3,6,3
/Users/shravach/Documents/IISc/4th sem/Intelligent ui/datasets/VOC/images/test2007/003766.jpg,1,0,0,1,0,0,0
/Users/shravach/Documents/IISc/4th sem/Intelligent ui/datasets/VOC/images/test2007/003768.jpg,2,0,0,2,0,0,0
/Users/shravach/Documents/IISc/4th sem/Intelligent ui/datasets/VOC/images/test2007/003769.jpg,2,4,0,2,6,0,-2
/Users/shravach/Documents/IISc/4th sem/Intelligent ui/datasets/VOC/images/test2007/003770.jpg,1,5,0,1,4,0,1
/Users/shravach/Documents/IISc/4th sem/Intelligent ui/datasets/VOC/images/test2007/003771.jpg,3,5,1,4,2,0,4
/Users/shravach/Documents/IISc/4th sem/Intelligent ui/datasets/VOC/images/test2007/003775.jpg,1,1,1,1,0,1,1
/Users/shravach/Documents/IISc/4th sem/Intelligent ui/datasets/VOC/images/test2007/003776.jpg,1,0,1,1,0,1,0
/Users/shravach/Documents/IISc/4th sem/Intelligent ui/datasets/VOC/images/test2007/003777.jpg,1,1,0,1,1,0,0
/Users/shravach/Documents/IISc/4th sem/Intelligent ui/datasets/VOC/images/test2007/003778.jpg,2,0,2,3,2,1,-1
/Users/shravach/Documents/IISc/4th sem/Intelligent ui/datasets/VOC/images/test2007/003782.jpg,1,1,0,1,0,0,1
/Users/shravach/Documents/IISc/4th sem/Intelligent ui/datasets/VOC/images/test2007/003785.jpg,1,0,0,1,0,0,0
/Users/shravach/Documents/IISc/4th sem/Intelligent ui/datasets/VOC/images/test2007/003787.jpg,4,2,1,4,2,1,0
/Users/shravach/Documents/IISc/4th sem/Intelligent ui/datasets/VOC/images/test2007/003789.jpg,1,0,0,1,0,0,0
/Users/shravach/Documents/IISc/4th sem/Intelligent ui/datasets/VOC/images/test2007/003794.jpg,1,1,0,1,1,0,0
/Users/shravach/Documents/IISc/4th sem/Intelligent ui/datasets/VOC/images/test2007/003795.jpg,5,0,1,6,1,0,0
/Users/shravach/Documents/IISc/4th sem/Intelligent ui/datasets/VOC/images/test2007/003799.jpg,0,0,2,2,1,0,1
/Users/shravach/Documents/IISc/4th sem/Intelligent ui/datasets/VOC/images/test2007/003800.jpg,1,0,0,1,0,0,0
/Users/shravach/Documents/IISc/4th sem/Intelligent ui/datasets/VOC/images/test2007/003801.jpg,1,1,0,1,1,0,0
/Users/shravach/Documents/IISc/4th sem/Intelligent ui/datasets/VOC/images/test2007/003802.jpg,1,0,0,1,0,0,0
/Users/shravach/Documents/IISc/4th sem/Intelligent ui/datasets/VOC/images/test2007/003804.jpg,1,0,0,1,0,0,0
/Users/shravach/Documents/IISc/4th sem/Intelligent ui/datasets/VOC/images/test2007/003805.jpg,1,1,0,1,1,0,0
/Users/shravach/Documents/IISc/4th sem/Intelligent ui/datasets/VOC/images/test2007/003810.jpg,3,2,1,3,2,1,0
/Users/shravach/Documents/IISc/4th sem/Intelligent ui/datasets/VOC/images/test2007/003812.jpg,1,0,0,1,2,0,-2
/Users/shravach/Documents/IISc/4th sem/Intelligent ui/datasets/VOC/images/test2007/003813.jpg,1,0,0,1,0,0,0
/Users/shravach/Documents/IISc/4th sem/Intelligent ui/datasets/VOC/images/test2007/003815.jpg,2,0,1,3,0,0,1
/Users/shravach/Documents/IISc/4th sem/Intelligent ui/datasets/VOC/images/test2007/003816.jpg,1,1,0,1,1,0,0
/Users/shravach/Documents/IISc/4th sem/Intelligent ui/datasets/VOC/images/test2007/003819.jpg,3,0,0,3,1,0,-1
/Users/shravach/Documents/IISc/4th sem/Intelligent ui/datasets/VOC/images/test2007/003822.jpg,1,0,0,1,0,0,0
/Users/shravach/Documents/IISc/4th sem/Intelligent ui/datasets/VOC/images/test2007/003823.jpg,1,0,0,1,0,0,0
/Users/shravach/Documents/IISc/4th sem/Intelligent ui/datasets/VOC/images/test2007/003825.jpg,3,2,0,3,0,0,2
/Users/shravach/Documents/IISc/4th sem/Intelligent ui/datasets/VOC/images/test2007/003829.jpg,3,0,1,3,0,1,0
/Users/shravach/Documents/IISc/4th sem/Intelligent ui/datasets/VOC/images/test2007/003831.jpg,2,0,0,2,0,0,0
/Users/shravach/Documents/IISc/4th sem/Intelligent ui/datasets/VOC/images/test2007/003832.jpg,1,0,0,1,0,0,0
/Users/shravach/Documents/IISc/4th sem/Intelligent ui/datasets/VOC/images/test2007/003833.jpg,11,10,3,13,6,1,6
/Users/shravach/Documents/IISc/4th sem/Intelligent ui/datasets/VOC/images/test2007/003836.jpg,0,1,1,0,1,1,0
/Users/shravach/Documents/IISc/4th sem/Intelligent ui/datasets/VOC/images/test2007/003839.jpg,2,2,1,2,3,1,-1
/Users/shravach/Documents/IISc/4th sem/Intelligent ui/datasets/VOC/images/test2007/003840.jpg,1,1,0,1,1,0,0
/Users/shravach/Documents/IISc/4th sem/Intelligent ui/datasets/VOC/images/test2007/003841.jpg,1,2,0,1,0,0,2
/Users/shravach/Documents/IISc/4th sem/Intelligent ui/datasets/VOC/images/test2007/003842.jpg,1,0,0,1,0,0,0
/Users/shravach/Documents/IISc/4th sem/Intelligent ui/datasets/VOC/images/test2007/003843.jpg,1,1,0,1,0,0,1
/Users/shravach/Documents/IISc/4th sem/Intelligent ui/datasets/VOC/images/test2007/003850.jpg,1,0,0,1,0,0,0
/Users/shravach/Documents/IISc/4th sem/Intelligent ui/datasets/VOC/images/test2007/003851.jpg,6,0,0,6,1,0,-1
/Users/shravach/Documents/IISc/4th sem/Intelligent ui/datasets/VOC/images/test2007/003852.jpg,1,2,0,1,2,0,0
/Users/shravach/Documents/IISc/4th sem/Intelligent ui/datasets/VOC/images/test2007/003853.jpg,6,1,1,6,3,1,-2
/Users/shravach/Documents/IISc/4th sem/Intelligent ui/datasets/VOC/images/test2007/003854.jpg,1,0,0,1,0,0,0
/Users/shravach/Documents/IISc/4th sem/Intelligent ui/datasets/VOC/images/test2007/003858.jpg,6,5,1,6,3,1,2
/Users/shravach/Documents/IISc/4th sem/Intelligent ui/datasets/VOC/images/test2007/003862.jpg,1,0,0,1,0,0,0
/Users/shravach/Documents/IISc/4th sem/Intelligent ui/datasets/VOC/images/test2007/003864.jpg,1,0,0,1,0,0,0
/Users/shravach/Documents/IISc/4th sem/Intelligent ui/datasets/VOC/images/test2007/003867.jpg,4,0,0,4,0,0,0
/Users/shravach/Documents/IISc/4th sem/Intelligent ui/datasets/VOC/images/test2007/003870.jpg,0,1,1,0,3,1,-2
/Users/shravach/Documents/IISc/4th sem/Intelligent ui/datasets/VOC/images/test2007/003873.jpg,1,0,0,1,0,0,0
/Users/shravach/Documents/IISc/4th sem/Intelligent ui/datasets/VOC/images/test2007/003875.jpg,4,0,0,4,1,0,-1
/Users/shravach/Documents/IISc/4th sem/Intelligent ui/datasets/VOC/images/test2007/003878.jpg,1,0,0,1,0,0,0
/Users/shravach/Documents/IISc/4th sem/Intelligent ui/datasets/VOC/images/test2007/003880.jpg,1,0,1,1,0,1,0
/Users/shravach/Documents/IISc/4th sem/Intelligent ui/datasets/VOC/images/test2007/003881.jpg,1,1,3,1,2,3,-1
/Users/shravach/Documents/IISc/4th sem/Intelligent ui/datasets/VOC/images/test2007/003882.jpg,2,2,10,7,2,5,5
/Users/shravach/Documents/IISc/4th sem/Intelligent ui/datasets/VOC/images/test2007/003883.jpg,1,0,0,1,0,0,0
/Users/shravach/Documents/IISc/4th sem/Intelligent ui/datasets/VOC/images/test2007/003884.jpg,3,3,0,3,2,0,1
/Users/shravach/Documents/IISc/4th sem/Intelligent ui/datasets/VOC/images/test2007/003888.jpg,1,0,0,1,0,0,0
/Users/shravach/Documents/IISc/4th sem/Intelligent ui/datasets/VOC/images/test2007/003892.jpg,1,1,0,1,0,0,1
/Users/shravach/Documents/IISc/4th sem/Intelligent ui/datasets/VOC/images/test2007/003893.jpg,1,0,0,1,0,0,0
/Users/shravach/Documents/IISc/4th sem/Intelligent ui/datasets/VOC/images/test2007/003894.jpg,1,3,0,1,4,0,-1
/Users/shravach/Documents/IISc/4th sem/Intelligent ui/datasets/VOC/images/test2007/003896.jpg,9,5,4,11,7,2,0
/Users/shravach/Documents/IISc/4th sem/Intelligent ui/datasets/VOC/images/test2007/003897.jpg,2,1,0,2,1,0,0
/Users/shravach/Documents/IISc/4th sem/Intelligent ui/datasets/VOC/images/test2007/003900.jpg,1,0,0,1,1,0,-1
/Users/shravach/Documents/IISc/4th sem/Intelligent ui/datasets/VOC/images/test2007/003901.jpg,1,0,0,1,0,0,0
/Users/shravach/Documents/IISc/4th sem/Intelligent ui/datasets/VOC/images/test2007/003902.jpg,1,4,0,1,4,0,0
/Users/shravach/Documents/IISc/4th sem/Intelligent ui/datasets/VOC/images/test2007/003903.jpg,4,1,0,4,0,0,1
/Users/shravach/Documents/IISc/4th sem/Intelligent ui/datasets/VOC/images/test2007/003904.jpg,1,0,0,1,0,0,0
/Users/shravach/Documents/IISc/4th sem/Intelligent ui/datasets/VOC/images/test2007/003906.jpg,1,0,1,2,0,0,1
/Users/shravach/Documents/IISc/4th sem/Intelligent ui/datasets/VOC/images/test2007/003908.jpg,1,0,0,1,0,0,0
/Users/shravach/Documents/IISc/4th sem/Intelligent ui/datasets/VOC/images/test2007/003909.jpg,3,3,0,3,2,0,1
/Users/shravach/Documents/IISc/4th sem/Intelligent ui/datasets/VOC/images/test2007/003910.jpg,2,2,0,2,1,0,1
/Users/shravach/Documents/IISc/4th sem/Intelligent ui/datasets/VOC/images/test2007/003914.jpg,7,1,0,7,4,0,-3
/Users/shravach/Documents/IISc/4th sem/Intelligent ui/datasets/VOC/images/test2007/003916.jpg,1,0,0,1,0,0,0
/Users/shravach/Documents/IISc/4th sem/Intelligent ui/datasets/VOC/images/test2007/003917.jpg,1,0,0,1,0,0,0
/Users/shravach/Documents/IISc/4th sem/Intelligent ui/datasets/VOC/images/test2007/003920.jpg,1,2,0,1,0,0,2
/Users/shravach/Documents/IISc/4th sem/Intelligent ui/datasets/VOC/images/test2007/003922.jpg,2,0,0,2,0,0,0
/Users/shravach/Documents/IISc/4th sem/Intelligent ui/datasets/VOC/images/test2007/003925.jpg,1,0,0,1,1,0,-1
/Users/shravach/Documents/IISc/4th sem/Intelligent ui/datasets/VOC/images/test2007/003927.jpg,1,0,0,1,0,0,0
/Users/shravach/Documents/IISc/4th sem/Intelligent ui/datasets/VOC/images/test2007/003928.jpg,1,0,0,1,0,0,0
/Users/shravach/Documents/IISc/4th sem/Intelligent ui/datasets/VOC/images/test2007/003929.jpg,3,0,1,3,5,1,-5
/Users/shravach/Documents/IISc/4th sem/Intelligent ui/datasets/VOC/images/test2007/003930.jpg,1,0,0,1,0,0,0
/Users/shravach/Documents/IISc/4th sem/Intelligent ui/datasets/VOC/images/test2007/003931.jpg,0,0,1,1,1,0,0
/Users/shravach/Documents/IISc/4th sem/Intelligent ui/datasets/VOC/images/test2007/003933.jpg,1,0,0,1,0,0,0
/Users/shravach/Documents/IISc/4th sem/Intelligent ui/datasets/VOC/images/test2007/003934.jpg,2,0,0,2,0,0,0
/Users/shravach/Documents/IISc/4th sem/Intelligent ui/datasets/VOC/images/test2007/003938.jpg,1,0,0,1,0,0,0
/Users/shravach/Documents/IISc/4th sem/Intelligent ui/datasets/VOC/images/test2007/003940.jpg,2,0,0,2,0,0,0
/Users/shravach/Documents/IISc/4th sem/Intelligent ui/datasets/VOC/images/test2007/003942.jpg,2,2,0,2,2,0,0
/Users/shravach/Documents/IISc/4th sem/Intelligent ui/datasets/VOC/images/test2007/003943.jpg,8,5,2,9,7,1,-1
/Users/shravach/Documents/IISc/4th sem/Intelligent ui/datasets/VOC/images/test2007/003944.jpg,3,0,0,3,1,0,-1
/Users/shravach/Documents/IISc/4th sem/Intelligent ui/datasets/VOC/images/test2007/003950.jpg,1,3,0,1,3,0,0
/Users/shravach/Documents/IISc/4th sem/Intelligent ui/datasets/VOC/images/test2007/003951.jpg,2,0,0,2,0,0,0
/Users/shravach/Documents/IISc/4th sem/Intelligent ui/datasets/VOC/images/test2007/003952.jpg,0,2,1,1,2,0,1
/Users/shravach/Documents/IISc/4th sem/Intelligent ui/datasets/VOC/images/test2007/003955.jpg,3,3,2,4,1,1,3
/Users/shravach/Documents/IISc/4th sem/Intelligent ui/datasets/VOC/images/test2007/003958.jpg,0,0,1,1,0,0,1
/Users/shravach/Documents/IISc/4th sem/Intelligent ui/datasets/VOC/images/test2007/003959.jpg,5,2,1,6,1,0,2
/Users/shravach/Documents/IISc/4th sem/Intelligent ui/datasets/VOC/images/test2007/003962.jpg,1,0,0,1,0,0,0
/Users/shravach/Documents/IISc/4th sem/Intelligent ui/datasets/VOC/images/test2007/003964.jpg,1,0,0,1,0,0,0
/Users/shravach/Documents/IISc/4th sem/Intelligent ui/datasets/VOC/images/test2007/003967.jpg,6,2,0,6,4,0,-2
/Users/shravach/Documents/IISc/4th sem/Intelligent ui/datasets/VOC/images/test2007/003968.jpg,2,0,0,2,1,0,-1
/Users/shravach/Documents/IISc/4th sem/Intelligent ui/datasets/VOC/images/test2007/003972.jpg,2,2,1,2,1,1,1
/Users/shravach/Documents/IISc/4th sem/Intelligent ui/datasets/VOC/images/test2007/003975.jpg,0,1,1,1,0,0,2
/Users/shravach/Documents/IISc/4th sem/Intelligent ui/datasets/VOC/images/test2007/003976.jpg,2,0,0,2,0,0,0
/Users/shravach/Documents/IISc/4th sem/Intelligent ui/datasets/VOC/images/test2007/003977.jpg,1,0,0,1,0,0,0
/Users/shravach/Documents/IISc/4th sem/Intelligent ui/datasets/VOC/images/test2007/003978.jpg,2,0,0,2,0,0,0
/Users/shravach/Documents/IISc/4th sem/Intelligent ui/datasets/VOC/images/test2007/003980.jpg,1,0,0,1,0,0,0
/Users/shravach/Documents/IISc/4th sem/Intelligent ui/datasets/VOC/images/test2007/003981.jpg,2,0,0,2,0,0,0
/Users/shravach/Documents/IISc/4th sem/Intelligent ui/datasets/VOC/images/test2007/003982.jpg,1,4,0,1,3,0,1
/Users/shravach/Documents/IISc/4th sem/Intelligent ui/datasets/VOC/images/test2007/003985.jpg,1,0,0,1,0,0,0
/Users/shravach/Documents/IISc/4th sem/Intelligent ui/datasets/VOC/images/test2007/003989.jpg,7,1,1,8,1,0,1
/Users/shravach/Documents/IISc/4th sem/Intelligent ui/datasets/VOC/images/test2007/003995.jpg,2,1,0,2,0,0,1
/Users/shravach/Documents/IISc/4th sem/Intelligent ui/datasets/VOC/images/test2007/003999.jpg,1,1,1,1,0,1,1
/Users/shravach/Documents/IISc/4th sem/Intelligent ui/datasets/VOC/images/test2007/004000.jpg,2,0,0,2,0,0,0
/Users/shravach/Documents/IISc/4th sem/Intelligent ui/datasets/VOC/images/test2007/004001.jpg,1,3,1,2,3,0,1
/Users/shravach/Documents/IISc/4th sem/Intelligent ui/datasets/VOC/images/test2007/004002.jpg,1,0,0,1,2,0,-2
/Users/shravach/Documents/IISc/4th sem/Intelligent ui/datasets/VOC/images/test2007/004004.jpg,1,2,1,2,0,0,3
/Users/shravach/Documents/IISc/4th sem/Intelligent ui/datasets/VOC/images/test2007/004006.jpg,9,6,2,7,2,4,2
/Users/shravach/Documents/IISc/4th sem/Intelligent ui/datasets/VOC/images/test2007/004007.jpg,1,0,0,1,0,0,0
/Users/shravach/Documents/IISc/4th sem/Intelligent ui/datasets/VOC/images/test2007/004018.jpg,1,0,0,1,0,0,0
/Users/shravach/Documents/IISc/4th sem/Intelligent ui/datasets/VOC/images/test2007/004021.jpg,1,1,0,1,0,0,1
/Users/shravach/Documents/IISc/4th sem/Intelligent ui/datasets/VOC/images/test2007/004022.jpg,2,2,1,3,4,0,-1
/Users/shravach/Documents/IISc/4th sem/Intelligent ui/datasets/VOC/images/test2007/004024.jpg,0,2,3,3,1,0,4
/Users/shravach/Documents/IISc/4th sem/Intelligent ui/datasets/VOC/images/test2007/004026.jpg,2,0,0,1,0,1,-1
/Users/shravach/Documents/IISc/4th sem/Intelligent ui/datasets/VOC/images/test2007/004027.jpg,5,3,2,4,0,3,2
/Users/shravach/Documents/IISc/4th sem/Intelligent ui/datasets/VOC/images/test2007/004029.jpg,2,2,1,2,1,1,1
/Users/shravach/Documents/IISc/4th sem/Intelligent ui/datasets/VOC/images/test2007/004030.jpg,3,0,0,3,0,0,0
/Users/shravach/Documents/IISc/4th sem/Intelligent ui/datasets/VOC/images/test2007/004032.jpg,1,0,0,1,0,0,0
/Users/shravach/Documents/IISc/4th sem/Intelligent ui/datasets/VOC/images/test2007/004036.jpg,1,0,0,1,0,0,0
/Users/shravach/Documents/IISc/4th sem/Intelligent ui/datasets/VOC/images/test2007/004038.jpg,3,0,0,3,1,0,-1
/Users/shravach/Documents/IISc/4th sem/Intelligent ui/datasets/VOC/images/test2007/004040.jpg,2,0,1,1,1,2,-2
/Users/shravach/Documents/IISc/4th sem/Intelligent ui/datasets/VOC/images/test2007/004041.jpg,2,0,0,2,0,0,0
/Users/shravach/Documents/IISc/4th sem/Intelligent ui/datasets/VOC/images/test2007/004042.jpg,1,1,1,1,1,1,0
/Users/shravach/Documents/IISc/4th sem/Intelligent ui/datasets/VOC/images/test2007/004043.jpg,2,0,0,2,0,0,0
/Users/shravach/Documents/IISc/4th sem/Intelligent ui/datasets/VOC/images/test2007/004044.jpg,1,0,0,1,1,0,-1
/Users/shravach/Documents/IISc/4th sem/Intelligent ui/datasets/VOC/images/test2007/004045.jpg,1,1,0,1,2,0,-1
/Users/shravach/Documents/IISc/4th sem/Intelligent ui/datasets/VOC/images/test2007/004048.jpg,1,0,0,1,0,0,0
/Users/shravach/Documents/IISc/4th sem/Intelligent ui/datasets/VOC/images/test2007/004049.jpg,2,2,0,2,2,0,0
/Users/shravach/Documents/IISc/4th sem/Intelligent ui/datasets/VOC/images/test2007/004050.jpg,1,0,0,1,0,0,0
/Users/shravach/Documents/IISc/4th sem/Intelligent ui/datasets/VOC/images/test2007/004053.jpg,3,2,0,3,4,0,-2
/Users/shravach/Documents/IISc/4th sem/Intelligent ui/datasets/VOC/images/test2007/004054.jpg,7,2,0,7,1,0,1
/Users/shravach/Documents/IISc/4th sem/Intelligent ui/datasets/VOC/images/test2007/004055.jpg,2,1,0,2,1,0,0
/Users/shravach/Documents/IISc/4th sem/Intelligent ui/datasets/VOC/images/test2007/004056.jpg,0,1,3,1,0,2,2
/Users/shravach/Documents/IISc/4th sem/Intelligent ui/datasets/VOC/images/test2007/004059.jpg,1,5,1,1,7,1,-2
/Users/shravach/Documents/IISc/4th sem/Intelligent ui/datasets/VOC/images/test2007/004061.jpg,1,1,0,1,1,0,0
/Users/shravach/Documents/IISc/4th sem/Intelligent ui/datasets/VOC/images/test2007/004062.jpg,1,0,0,1,0,0,0
/Users/shravach/Documents/IISc/4th sem/Intelligent ui/datasets/VOC/images/test2007/004063.jpg,2,0,0,2,0,0,0
/Users/shravach/Documents/IISc/4th sem/Intelligent ui/datasets/VOC/images/test2007/004064.jpg,2,0,0,2,1,0,-1
/Users/shravach/Documents/IISc/4th sem/Intelligent ui/datasets/VOC/images/test2007/004065.jpg,3,2,0,3,1,0,1
/Users/shravach/Documents/IISc/4th sem/Intelligent ui/datasets/VOC/images/test2007/004068.jpg,3,2,2,5,1,0,3
/Users/shravach/Documents/IISc/4th sem/Intelligent ui/datasets/VOC/images/test2007/004070.jpg,2,1,0,2,0,0,1
/Users/shravach/Documents/IISc/4th sem/Intelligent ui/datasets/VOC/images/test2007/004071.jpg,1,0,0,1,0,0,0
/Users/shravach/Documents/IISc/4th sem/Intelligent ui/datasets/VOC/images/test2007/004072.jpg,3,0,0,3,0,0,0
/Users/shravach/Documents/IISc/4th sem/Intelligent ui/datasets/VOC/images/test2007/004074.jpg,2,1,0,2,2,0,-1
/Users/shravach/Documents/IISc/4th sem/Intelligent ui/datasets/VOC/images/test2007/004078.jpg,1,0,0,1,0,0,0
/Users/shravach/Documents/IISc/4th sem/Intelligent ui/datasets/VOC/images/test2007/004079.jpg,1,0,0,1,0,0,0
/Users/shravach/Documents/IISc/4th sem/Intelligent ui/datasets/VOC/images/test2007/004080.jpg,1,0,0,1,0,0,0
/Users/shravach/Documents/IISc/4th sem/Intelligent ui/datasets/VOC/images/test2007/004081.jpg,1,3,1,1,1,1,2
/Users/shravach/Documents/IISc/4th sem/Intelligent ui/datasets/VOC/images/test2007/004083.jpg,2,0,0,2,0,0,0
/Users/shravach/Documents/IISc/4th sem/Intelligent ui/datasets/VOC/images/test2007/004084.jpg,2,0,0,2,0,0,0
/Users/shravach/Documents/IISc/4th sem/Intelligent ui/datasets/VOC/images/test2007/004086.jpg,2,0,0,2,0,0,0
/Users/shravach/Documents/IISc/4th sem/Intelligent ui/datasets/VOC/images/test2007/004088.jpg,1,0,0,1,0,0,0
/Users/shravach/Documents/IISc/4th sem/Intelligent ui/datasets/VOC/images/test2007/004090.jpg,3,0,0,3,0,0,0
/Users/shravach/Documents/IISc/4th sem/Intelligent ui/datasets/VOC/images/test2007/004094.jpg,1,0,1,1,0,1,0
/Users/shravach/Documents/IISc/4th sem/Intelligent ui/datasets/VOC/images/test2007/004096.jpg,1,0,0,1,0,0,0
/Users/shravach/Documents/IISc/4th sem/Intelligent ui/datasets/VOC/images/test2007/004097.jpg,1,1,0,1,1,0,0
/Users/shravach/Documents/IISc/4th sem/Intelligent ui/datasets/VOC/images/test2007/004098.jpg,4,2,0,3,3,1,-2
/Users/shravach/Documents/IISc/4th sem/Intelligent ui/datasets/VOC/images/test2007/004099.jpg,2,1,0,2,0,0,1
/Users/shravach/Documents/IISc/4th sem/Intelligent ui/datasets/VOC/images/test2007/004101.jpg,1,3,1,1,1,1,2
/Users/shravach/Documents/IISc/4th sem/Intelligent ui/datasets/VOC/images/test2007/004103.jpg,2,3,0,2,2,0,1
/Users/shravach/Documents/IISc/4th sem/Intelligent ui/datasets/VOC/images/test2007/004104.jpg,0,1,2,2,0,0,3
/Users/shravach/Documents/IISc/4th sem/Intelligent ui/datasets/VOC/images/test2007/004107.jpg,1,0,0,1,0,0,0
/Users/shravach/Documents/IISc/4th sem/Intelligent ui/datasets/VOC/images/test2007/004109.jpg,4,1,0,4,3,0,-2
/Users/shravach/Documents/IISc/4th sem/Intelligent ui/datasets/VOC/images/test2007/004112.jpg,2,1,0,2,0,0,1
/Users/shravach/Documents/IISc/4th sem/Intelligent ui/datasets/VOC/images/test2007/004114.jpg,1,0,0,1,0,0,0
/Users/shravach/Documents/IISc/4th sem/Intelligent ui/datasets/VOC/images/test2007/004115.jpg,1,0,0,1,0,0,0
/Users/shravach/Documents/IISc/4th sem/Intelligent ui/datasets/VOC/images/test2007/004116.jpg,2,1,0,2,0,0,1
/Users/shravach/Documents/IISc/4th sem/Intelligent ui/datasets/VOC/images/test2007/004118.jpg,6,2,0,6,3,0,-1
/Users/shravach/Documents/IISc/4th sem/Intelligent ui/datasets/VOC/images/test2007/004119.jpg,2,1,0,2,4,0,-3
/Users/shravach/Documents/IISc/4th sem/Intelligent ui/datasets/VOC/images/test2007/004123.jpg,1,1,0,1,1,0,0
/Users/shravach/Documents/IISc/4th sem/Intelligent ui/datasets/VOC/images/test2007/004124.jpg,2,0,0,2,1,0,-1
/Users/shravach/Documents/IISc/4th sem/Intelligent ui/datasets/VOC/images/test2007/004125.jpg,2,0,0,2,0,0,0
/Users/shravach/Documents/IISc/4th sem/Intelligent ui/datasets/VOC/images/test2007/004126.jpg,2,0,0,2,0,0,0
/Users/shravach/Documents/IISc/4th sem/Intelligent ui/datasets/VOC/images/test2007/004127.jpg,1,2,1,1,0,1,2
/Users/shravach/Documents/IISc/4th sem/Intelligent ui/datasets/VOC/images/test2007/004128.jpg,6,7,2,6,10,2,-3
/Users/shravach/Documents/IISc/4th sem/Intelligent ui/datasets/VOC/images/test2007/004130.jpg,0,1,1,1,0,0,2
/Users/shravach/Documents/IISc/4th sem/Intelligent ui/datasets/VOC/images/test2007/004132.jpg,4,1,0,4,0,0,1
/Users/shravach/Documents/IISc/4th sem/Intelligent ui/datasets/VOC/images/test2007/004134.jpg,4,0,5,6,4,3,-2
/Users/shravach/Documents/IISc/4th sem/Intelligent ui/datasets/VOC/images/test2007/004139.jpg,1,2,0,0,4,1,-3
/Users/shravach/Documents/IISc/4th sem/Intelligent ui/datasets/VOC/images/test2007/004144.jpg,2,0,1,3,2,0,-1
/Users/shravach/Documents/IISc/4th sem/Intelligent ui/datasets/VOC/images/test2007/004147.jpg,1,0,0,1,1,0,-1
/Users/shravach/Documents/IISc/4th sem/Intelligent ui/datasets/VOC/images/test2007/004151.jpg,1,1,0,1,1,0,0
/Users/shravach/Documents/IISc/4th sem/Intelligent ui/datasets/VOC/images/test2007/004153.jpg,1,0,0,1,0,0,0
/Users/shravach/Documents/IISc/4th sem/Intelligent ui/datasets/VOC/images/test2007/004154.jpg,8,2,1,9,5,0,-2
/Users/shravach/Documents/IISc/4th sem/Intelligent ui/datasets/VOC/images/test2007/004155.jpg,1,1,0,1,0,0,1
/Users/shravach/Documents/IISc/4th sem/Intelligent ui/datasets/VOC/images/test2007/004156.jpg,1,0,0,1,0,0,0
/Users/shravach/Documents/IISc/4th sem/Intelligent ui/datasets/VOC/images/test2007/004157.jpg,1,0,0,1,0,0,0
/Users/shravach/Documents/IISc/4th sem/Intelligent ui/datasets/VOC/images/test2007/004159.jpg,1,0,0,1,1,0,-1
/Users/shravach/Documents/IISc/4th sem/Intelligent ui/datasets/VOC/images/test2007/004160.jpg,1,1,0,1,1,0,0
/Users/shravach/Documents/IISc/4th sem/Intelligent ui/datasets/VOC/images/test2007/004161.jpg,1,0,0,1,0,0,0
/Users/shravach/Documents/IISc/4th sem/Intelligent ui/datasets/VOC/images/test2007/004162.jpg,0,1,3,2,3,1,0
/Users/shravach/Documents/IISc/4th sem/Intelligent ui/datasets/VOC/images/test2007/004165.jpg,1,1,0,1,0,0,1
/Users/shravach/Documents/IISc/4th sem/Intelligent ui/datasets/VOC/images/test2007/004166.jpg,1,7,1,1,7,1,0
/Users/shravach/Documents/IISc/4th sem/Intelligent ui/datasets/VOC/images/test2007/004167.jpg,5,3,0,4,3,1,-1
/Users/shravach/Documents/IISc/4th sem/Intelligent ui/datasets/VOC/images/test2007/004172.jpg,1,0,0,1,0,0,0
/Users/shravach/Documents/IISc/4th sem/Intelligent ui/datasets/VOC/images/test2007/004173.jpg,1,3,0,1,0,0,3
/Users/shravach/Documents/IISc/4th sem/Intelligent ui/datasets/VOC/images/test2007/004175.jpg,1,0,0,1,0,0,0
/Users/shravach/Documents/IISc/4th sem/Intelligent ui/datasets/VOC/images/test2007/004176.jpg,1,0,0,1,0,0,0
/Users/shravach/Documents/IISc/4th sem/Intelligent ui/datasets/VOC/images/test2007/004177.jpg,2,1,0,2,0,0,1
/Users/shravach/Documents/IISc/4th sem/Intelligent ui/datasets/VOC/images/test2007/004179.jpg,4,2,0,4,3,0,-1
/Users/shravach/Documents/IISc/4th sem/Intelligent ui/datasets/VOC/images/test2007/004180.jpg,1,3,0,1,4,0,-1
/Users/shravach/Documents/IISc/4th sem/Intelligent ui/datasets/VOC/images/test2007/004181.jpg,1,1,0,1,0,0,1
/Users/shravach/Documents/IISc/4th sem/Intelligent ui/datasets/VOC/images/test2007/004182.jpg,1,0,0,1,0,0,0
/Users/shravach/Documents/IISc/4th sem/Intelligent ui/datasets/VOC/images/test2007/004183.jpg,2,2,1,2,1,1,1
/Users/shravach/Documents/IISc/4th sem/Intelligent ui/datasets/VOC/images/test2007/004184.jpg,1,2,0,0,2,1,-1
/Users/shravach/Documents/IISc/4th sem/Intelligent ui/datasets/VOC/images/test2007/004187.jpg,2,0,0,2,1,0,-1
/Users/shravach/Documents/IISc/4th sem/Intelligent ui/datasets/VOC/images/test2007/004188.jpg,3,0,1,4,0,0,1
/Users/shravach/Documents/IISc/4th sem/Intelligent ui/datasets/VOC/images/test2007/004197.jpg,1,1,0,1,0,0,1
/Users/shravach/Documents/IISc/4th sem/Intelligent ui/datasets/VOC/images/test2007/004198.jpg,3,1,1,4,3,0,-1
/Users/shravach/Documents/IISc/4th sem/Intelligent ui/datasets/VOC/images/test2007/004199.jpg,1,0,0,1,0,0,0
/Users/shravach/Documents/IISc/4th sem/Intelligent ui/datasets/VOC/images/test2007/004202.jpg,2,0,0,2,0,0,0
/Users/shravach/Documents/IISc/4th sem/Intelligent ui/datasets/VOC/images/test2007/004206.jpg,1,1,0,1,0,0,1
/Users/shravach/Documents/IISc/4th sem/Intelligent ui/datasets/VOC/images/test2007/004207.jpg,1,1,0,1,2,0,-1
/Users/shravach/Documents/IISc/4th sem/Intelligent ui/datasets/VOC/images/test2007/004208.jpg,2,0,0,2,0,0,0
/Users/shravach/Documents/IISc/4th sem/Intelligent ui/datasets/VOC/images/test2007/004210.jpg,1,3,0,0,1,1,1
/Users/shravach/Documents/IISc/4th sem/Intelligent ui/datasets/VOC/images/test2007/004211.jpg,1,1,0,1,0,0,1
/Users/shravach/Documents/IISc/4th sem/Intelligent ui/datasets/VOC/images/test2007/004213.jpg,3,0,0,3,0,0,0
/Users/shravach/Documents/IISc/4th sem/Intelligent ui/datasets/VOC/images/test2007/004214.jpg,2,0,0,2,0,0,0
/Users/shravach/Documents/IISc/4th sem/Intelligent ui/datasets/VOC/images/test2007/004216.jpg,1,0,0,1,0,0,0
/Users/shravach/Documents/IISc/4th sem/Intelligent ui/datasets/VOC/images/test2007/004217.jpg,1,1,0,1,1,0,0
/Users/shravach/Documents/IISc/4th sem/Intelligent ui/datasets/VOC/images/test2007/004218.jpg,7,9,1,7,11,1,-2
/Users/shravach/Documents/IISc/4th sem/Intelligent ui/datasets/VOC/images/test2007/004219.jpg,6,1,0,6,1,0,0
/Users/shravach/Documents/IISc/4th sem/Intelligent ui/datasets/VOC/images/test2007/004222.jpg,3,3,0,3,1,0,2
/Users/shravach/Documents/IISc/4th sem/Intelligent ui/datasets/VOC/images/test2007/004225.jpg,1,2,1,2,1,0,2
/Users/shravach/Documents/IISc/4th sem/Intelligent ui/datasets/VOC/images/test2007/004226.jpg,1,1,0,0,1,1,-1
/Users/shravach/Documents/IISc/4th sem/Intelligent ui/datasets/VOC/images/test2007/004227.jpg,1,0,1,2,1,0,0
/Users/shravach/Documents/IISc/4th sem/Intelligent ui/datasets/VOC/images/test2007/004233.jpg,2,1,0,2,1,0,0
/Users/shravach/Documents/IISc/4th sem/Intelligent ui/datasets/VOC/images/test2007/004234.jpg,1,1,0,1,3,0,-2
/Users/shravach/Documents/IISc/4th sem/Intelligent ui/datasets/VOC/images/test2007/004235.jpg,1,0,0,1,0,0,0
/Users/shravach/Documents/IISc/4th sem/Intelligent ui/datasets/VOC/images/test2007/004236.jpg,4,14,0,4,7,0,7
/Users/shravach/Documents/IISc/4th sem/Intelligent ui/datasets/VOC/images/test2007/004238.jpg,3,0,0,3,0,0,0
/Users/shravach/Documents/IISc/4th sem/Intelligent ui/datasets/VOC/images/test2007/004240.jpg,2,0,0,2,0,0,0
/Users/shravach/Documents/IISc/4th sem/Intelligent ui/datasets/VOC/images/test2007/004243.jpg,7,5,4,9,6,2,1
/Users/shravach/Documents/IISc/4th sem/Intelligent ui/datasets/VOC/images/test2007/004245.jpg,3,0,0,3,0,0,0
/Users/shravach/Documents/IISc/4th sem/Intelligent ui/datasets/VOC/images/test2007/004248.jpg,3,2,1,3,3,1,-1
/Users/shravach/Documents/IISc/4th sem/Intelligent ui/datasets/VOC/images/test2007/004249.jpg,2,0,0,2,1,0,-1
/Users/shravach/Documents/IISc/4th sem/Intelligent ui/datasets/VOC/images/test2007/004250.jpg,7,4,0,6,9,1,-6
/Users/shravach/Documents/IISc/4th sem/Intelligent ui/datasets/VOC/images/test2007/004251.jpg,1,0,0,1,0,0,0
/Users/shravach/Documents/IISc/4th sem/Intelligent ui/datasets/VOC/images/test2007/004252.jpg,2,2,0,2,1,0,1
/Users/shravach/Documents/IISc/4th sem/Intelligent ui/datasets/VOC/images/test2007/004254.jpg,2,0,0,2,0,0,0
/Users/shravach/Documents/IISc/4th sem/Intelligent ui/datasets/VOC/images/test2007/004260.jpg,2,0,0,2,0,0,0
/Users/shravach/Documents/IISc/4th sem/Intelligent ui/datasets/VOC/images/test2007/004261.jpg,1,0,0,1,0,0,0
/Users/shravach/Documents/IISc/4th sem/Intelligent ui/datasets/VOC/images/test2007/004262.jpg,1,1,0,1,1,0,0
/Users/shravach/Documents/IISc/4th sem/Intelligent ui/datasets/VOC/images/test2007/004266.jpg,1,0,1,2,0,0,1
/Users/shravach/Documents/IISc/4th sem/Intelligent ui/datasets/VOC/images/test2007/004267.jpg,1,0,0,1,0,0,0
/Users/shravach/Documents/IISc/4th sem/Intelligent ui/datasets/VOC/images/test2007/004268.jpg,1,0,6,1,1,6,-1
/Users/shravach/Documents/IISc/4th sem/Intelligent ui/datasets/VOC/images/test2007/004276.jpg,5,1,1,5,1,1,0
/Users/shravach/Documents/IISc/4th sem/Intelligent ui/datasets/VOC/images/test2007/004277.jpg,1,0,0,1,0,0,0
/Users/shravach/Documents/IISc/4th sem/Intelligent ui/datasets/VOC/images/test2007/004278.jpg,1,0,0,1,0,0,0
/Users/shravach/Documents/IISc/4th sem/Intelligent ui/datasets/VOC/images/test2007/004282.jpg,1,0,0,1,0,0,0
/Users/shravach/Documents/IISc/4th sem/Intelligent ui/datasets/VOC/images/test2007/004285.jpg,3,1,0,2,1,1,-1
/Users/shravach/Documents/IISc/4th sem/Intelligent ui/datasets/VOC/images/test2007/004288.jpg,3,0,1,4,1,0,0
/Users/shravach/Documents/IISc/4th sem/Intelligent ui/datasets/VOC/images/test2007/004289.jpg,3,2,0,3,2,0,0
/Users/shravach/Documents/IISc/4th sem/Intelligent ui/datasets/VOC/images/test2007/004290.jpg,2,0,0,2,0,0,0
/Users/shravach/Documents/IISc/4th sem/Intelligent ui/datasets/VOC/images/test2007/004294.jpg,2,0,0,2,0,0,0
/Users/shravach/Documents/IISc/4th sem/Intelligent ui/datasets/VOC/images/test2007/004297.jpg,1,2,1,2,0,0,3
/Users/shravach/Documents/IISc/4th sem/Intelligent ui/datasets/VOC/images/test2007/004299.jpg,2,1,2,2,2,2,-1
/Users/shravach/Documents/IISc/4th sem/Intelligent ui/datasets/VOC/images/test2007/004301.jpg,2,1,0,2,1,0,0
/Users/shravach/Documents/IISc/4th sem/Intelligent ui/datasets/VOC/images/test2007/004302.jpg,1,1,0,1,0,0,1
/Users/shravach/Documents/IISc/4th sem/Intelligent ui/datasets/VOC/images/test2007/004305.jpg,4,1,1,4,3,1,-2
/Users/shravach/Documents/IISc/4th sem/Intelligent ui/datasets/VOC/images/test2007/004306.jpg,2,1,0,2,1,0,0
/Users/shravach/Documents/IISc/4th sem/Intelligent ui/datasets/VOC/images/test2007/004308.jpg,3,0,0,3,1,0,-1
/Users/shravach/Documents/IISc/4th sem/Intelligent ui/datasets/VOC/images/test2007/004309.jpg,2,4,0,2,2,0,2
/Users/shravach/Documents/IISc/4th sem/Intelligent ui/datasets/VOC/images/test2007/004311.jpg,2,2,2,3,2,1,1
/Users/shravach/Documents/IISc/4th sem/Intelligent ui/datasets/VOC/images/test2007/004313.jpg,1,0,0,1,0,0,0
/Users/shravach/Documents/IISc/4th sem/Intelligent ui/datasets/VOC/images/test2007/004314.jpg,1,0,0,1,0,0,0
/Users/shravach/Documents/IISc/4th sem/Intelligent ui/datasets/VOC/images/test2007/004316.jpg,1,1,0,1,1,0,0
/Users/shravach/Documents/IISc/4th sem/Intelligent ui/datasets/VOC/images/test2007/004317.jpg,2,1,2,3,1,1,1
/Users/shravach/Documents/IISc/4th sem/Intelligent ui/datasets/VOC/images/test2007/004319.jpg,1,4,0,1,5,0,-1
/Users/shravach/Documents/IISc/4th sem/Intelligent ui/datasets/VOC/images/test2007/004320.jpg,1,1,0,1,1,0,0
/Users/shravach/Documents/IISc/4th sem/Intelligent ui/datasets/VOC/images/test2007/004324.jpg,1,1,1,2,0,0,2
/Users/shravach/Documents/IISc/4th sem/Intelligent ui/datasets/VOC/images/test2007/004328.jpg,1,0,0,1,0,0,0
/Users/shravach/Documents/IISc/4th sem/Intelligent ui/datasets/VOC/images/test2007/004330.jpg,2,0,0,2,0,0,0
/Users/shravach/Documents/IISc/4th sem/Intelligent ui/datasets/VOC/images/test2007/004332.jpg,1,0,0,1,0,0,0
/Users/shravach/Documents/IISc/4th sem/Intelligent ui/datasets/VOC/images/test2007/004334.jpg,1,2,0,1,0,0,2
/Users/shravach/Documents/IISc/4th sem/Intelligent ui/datasets/VOC/images/test2007/004335.jpg,1,0,0,1,0,0,0
/Users/shravach/Documents/IISc/4th sem/Intelligent ui/datasets/VOC/images/test2007/004336.jpg,2,0,0,2,0,0,0
/Users/shravach/Documents/IISc/4th sem/Intelligent ui/datasets/VOC/images/test2007/004337.jpg,6,6,0,6,4,0,2
/Users/shravach/Documents/IISc/4th sem/Intelligent ui/datasets/VOC/images/test2007/004340.jpg,2,0,2,2,0,2,0
/Users/shravach/Documents/IISc/4th sem/Intelligent ui/datasets/VOC/images/test2007/004342.jpg,2,2,3,4,4,1,0
/Users/shravach/Documents/IISc/4th sem/Intelligent ui/datasets/VOC/images/test2007/004343.jpg,1,0,0,1,0,0,0
/Users/shravach/Documents/IISc/4th sem/Intelligent ui/datasets/VOC/images/test2007/004344.jpg,2,0,0,2,0,0,0
/Users/shravach/Documents/IISc/4th sem/Intelligent ui/datasets/VOC/images/test2007/004348.jpg,1,3,0,1,2,0,1
/Users/shravach/Documents/IISc/4th sem/Intelligent ui/datasets/VOC/images/test2007/004350.jpg,1,0,0,1,0,0,0
/Users/shravach/Documents/IISc/4th sem/Intelligent ui/datasets/VOC/images/test2007/004353.jpg,1,0,0,1,0,0,0
/Users/shravach/Documents/IISc/4th sem/Intelligent ui/datasets/VOC/images/test2007/004355.jpg,6,2,0,6,3,0,-1
/Users/shravach/Documents/IISc/4th sem/Intelligent ui/datasets/VOC/images/test2007/004357.jpg,3,2,1,4,0,0,3
/Users/shravach/Documents/IISc/4th sem/Intelligent ui/datasets/VOC/images/test2007/004358.jpg,0,1,1,1,0,0,2
/Users/shravach/Documents/IISc/4th sem/Intelligent ui/datasets/VOC/images/test2007/004362.jpg,2,0,0,2,0,0,0
/Users/shravach/Documents/IISc/4th sem/Intelligent ui/datasets/VOC/images/test2007/004363.jpg,1,3,2,2,3,1,1
/Users/shravach/Documents/IISc/4th sem/Intelligent ui/datasets/VOC/images/test2007/004366.jpg,3,2,1,4,2,0,1
/Users/shravach/Documents/IISc/4th sem/Intelligent ui/datasets/VOC/images/test2007/004373.jpg,2,2,3,5,3,0,2
/Users/shravach/Documents/IISc/4th sem/Intelligent ui/datasets/VOC/images/test2007/004374.jpg,1,0,0,1,0,0,0
/Users/shravach/Documents/IISc/4th sem/Intelligent ui/datasets/VOC/images/test2007/004375.jpg,2,0,0,0,2,2,-4
/Users/shravach/Documents/IISc/4th sem/Intelligent ui/datasets/VOC/images/test2007/004377.jpg,3,0,1,2,0,2,-1
/Users/shravach/Documents/IISc/4th sem/Intelligent ui/datasets/VOC/images/test2007/004378.jpg,4,0,0,4,2,0,-2
/Users/shravach/Documents/IISc/4th sem/Intelligent ui/datasets/VOC/images/test2007/004381.jpg,2,0,0,2,0,0,0
/Users/shravach/Documents/IISc/4th sem/Intelligent ui/datasets/VOC/images/test2007/004382.jpg,1,1,0,1,1,0,0
/Users/shravach/Documents/IISc/4th sem/Intelligent ui/datasets/VOC/images/test2007/004383.jpg,0,1,1,1,0,0,2
/Users/shravach/Documents/IISc/4th sem/Intelligent ui/datasets/VOC/images/test2007/004385.jpg,1,1,0,1,0,0,1
/Users/shravach/Documents/IISc/4th sem/Intelligent ui/datasets/VOC/images/test2007/004388.jpg,1,0,0,1,0,0,0
/Users/shravach/Documents/IISc/4th sem/Intelligent ui/datasets/VOC/images/test2007/004393.jpg,0,1,1,0,2,1,-1
/Users/shravach/Documents/IISc/4th sem/Intelligent ui/datasets/VOC/images/test2007/004394.jpg,1,0,0,1,0,0,0
/Users/shravach/Documents/IISc/4th sem/Intelligent ui/datasets/VOC/images/test2007/004395.jpg,2,0,0,2,0,0,0
/Users/shravach/Documents/IISc/4th sem/Intelligent ui/datasets/VOC/images/test2007/004398.jpg,1,0,0,1,0,0,0
/Users/shravach/Documents/IISc/4th sem/Intelligent ui/datasets/VOC/images/test2007/004399.jpg,1,1,0,1,1,0,0
/Users/shravach/Documents/IISc/4th sem/Intelligent ui/datasets/VOC/images/test2007/004400.jpg,1,0,0,1,0,0,0
/Users/shravach/Documents/IISc/4th sem/Intelligent ui/datasets/VOC/images/test2007/004401.jpg,1,1,0,1,0,0,1
/Users/shravach/Documents/IISc/4th sem/Intelligent ui/datasets/VOC/images/test2007/004402.jpg,1,0,0,1,0,0,0
/Users/shravach/Documents/IISc/4th sem/Intelligent ui/datasets/VOC/images/test2007/004403.jpg,1,0,0,1,0,0,0
/Users/shravach/Documents/IISc/4th sem/Intelligent ui/datasets/VOC/images/test2007/004406.jpg,1,1,0,1,0,0,1
/Users/shravach/Documents/IISc/4th sem/Intelligent ui/datasets/VOC/images/test2007/004407.jpg,1,0,0,1,0,0,0
/Users/shravach/Documents/IISc/4th sem/Intelligent ui/datasets/VOC/images/test2007/004408.jpg,3,4,2,4,2,1,3
/Users/shravach/Documents/IISc/4th sem/Intelligent ui/datasets/VOC/images/test2007/004410.jpg,2,0,0,2,2,0,-2
/Users/shravach/Documents/IISc/4th sem/Intelligent ui/datasets/VOC/images/test2007/004412.jpg,1,1,0,1,1,0,0
/Users/shravach/Documents/IISc/4th sem/Intelligent ui/datasets/VOC/images/test2007/004413.jpg,1,0,0,1,0,0,0
/Users/shravach/Documents/IISc/4th sem/Intelligent ui/datasets/VOC/images/test2007/004414.jpg,1,1,0,1,1,0,0
/Users/shravach/Documents/IISc/4th sem/Intelligent ui/datasets/VOC/images/test2007/004415.jpg,1,1,0,1,0,0,1
/Users/shravach/Documents/IISc/4th sem/Intelligent ui/datasets/VOC/images/test2007/004416.jpg,1,0,0,1,1,0,-1
/Users/shravach/Documents/IISc/4th sem/Intelligent ui/datasets/VOC/images/test2007/004417.jpg,6,1,0,6,2,0,-1
/Users/shravach/Documents/IISc/4th sem/Intelligent ui/datasets/VOC/images/test2007/004418.jpg,2,0,0,2,0,0,0
/Users/shravach/Documents/IISc/4th sem/Intelligent ui/datasets/VOC/images/test2007/004419.jpg,1,2,1,1,1,1,1
/Users/shravach/Documents/IISc/4th sem/Intelligent ui/datasets/VOC/images/test2007/004420.jpg,2,1,0,2,0,0,1
/Users/shravach/Documents/IISc/4th sem/Intelligent ui/datasets/VOC/images/test2007/004422.jpg,0,1,1,0,1,1,0
/Users/shravach/Documents/IISc/4th sem/Intelligent ui/datasets/VOC/images/test2007/004425.jpg,1,0,0,1,0,0,0
/Users/shravach/Documents/IISc/4th sem/Intelligent ui/datasets/VOC/images/test2007/004426.jpg,1,3,2,2,1,1,3
/Users/shravach/Documents/IISc/4th sem/Intelligent ui/datasets/VOC/images/test2007/004427.jpg,1,0,0,1,0,0,0
/Users/shravach/Documents/IISc/4th sem/Intelligent ui/datasets/VOC/images/test2007/004428.jpg,1,0,1,2,0,0,1
/Users/shravach/Documents/IISc/4th sem/Intelligent ui/datasets/VOC/images/test2007/004431.jpg,0,1,1,1,0,0,2
/Users/shravach/Documents/IISc/4th sem/Intelligent ui/datasets/VOC/images/test2007/004435.jpg,3,1,0,3,1,0,0
/Users/shravach/Documents/IISc/4th sem/Intelligent ui/datasets/VOC/images/test2007/004440.jpg,1,2,0,1,1,0,1
/Users/shravach/Documents/IISc/4th sem/Intelligent ui/datasets/VOC/images/test2007/004442.jpg,1,1,0,1,2,0,-1
/Users/shravach/Documents/IISc/4th sem/Intelligent ui/datasets/VOC/images/test2007/004443.jpg,2,2,1,3,5,0,-2
/Users/shravach/Documents/IISc/4th sem/Intelligent ui/datasets/VOC/images/test2007/004444.jpg,1,0,0,1,0,0,0
/Users/shravach/Documents/IISc/4th sem/Intelligent ui/datasets/VOC/images/test2007/004445.jpg,5,1,0,5,2,0,-1
/Users/shravach/Documents/IISc/4th sem/Intelligent ui/datasets/VOC/images/test2007/004447.jpg,5,1,0,5,4,0,-3
/Users/shravach/Documents/IISc/4th sem/Intelligent ui/datasets/VOC/images/test2007/004448.jpg,3,1,0,3,1,0,0
/Users/shravach/Documents/IISc/4th sem/Intelligent ui/datasets/VOC/images/test2007/004449.jpg,6,1,2,6,5,2,-4
/Users/shravach/Documents/IISc/4th sem/Intelligent ui/datasets/VOC/images/test2007/004451.jpg,3,3,0,3,1,0,2
/Users/shravach/Documents/IISc/4th sem/Intelligent ui/datasets/VOC/images/test2007/004453.jpg,1,1,0,1,0,0,1
/Users/shravach/Documents/IISc/4th sem/Intelligent ui/datasets/VOC/images/test2007/004454.jpg,1,0,0,1,0,0,0
/Users/shravach/Documents/IISc/4th sem/Intelligent ui/datasets/VOC/images/test2007/004456.jpg,2,0,0,2,0,0,0
/Users/shravach/Documents/IISc/4th sem/Intelligent ui/datasets/VOC/images/test2007/004458.jpg,1,0,0,1,0,0,0
/Users/shravach/Documents/IISc/4th sem/Intelligent ui/datasets/VOC/images/test2007/004460.jpg,1,1,0,1,0,0,1
/Users/shravach/Documents/IISc/4th sem/Intelligent ui/datasets/VOC/images/test2007/004461.jpg,1,1,0,1,0,0,1
/Users/shravach/Documents/IISc/4th sem/Intelligent ui/datasets/VOC/images/test2007/004462.jpg,5,2,0,5,1,0,1
/Users/shravach/Documents/IISc/4th sem/Intelligent ui/datasets/VOC/images/test2007/004465.jpg,4,2,0,4,3,0,-1
/Users/shravach/Documents/IISc/4th sem/Intelligent ui/datasets/VOC/images/test2007/004467.jpg,1,1,0,1,1,0,0
/Users/shravach/Documents/IISc/4th sem/Intelligent ui/datasets/VOC/images/test2007/004469.jpg,9,1,4,10,2,3,0
/Users/shravach/Documents/IISc/4th sem/Intelligent ui/datasets/VOC/images/test2007/004472.jpg,1,0,0,1,0,0,0
/Users/shravach/Documents/IISc/4th sem/Intelligent ui/datasets/VOC/images/test2007/004473.jpg,1,0,0,1,0,0,0
/Users/shravach/Documents/IISc/4th sem/Intelligent ui/datasets/VOC/images/test2007/004475.jpg,2,1,0,2,0,0,1
/Users/shravach/Documents/IISc/4th sem/Intelligent ui/datasets/VOC/images/test2007/004476.jpg,6,0,0,6,1,0,-1
/Users/shravach/Documents/IISc/4th sem/Intelligent ui/datasets/VOC/images/test2007/004477.jpg,1,0,0,1,1,0,-1
/Users/shravach/Documents/IISc/4th sem/Intelligent ui/datasets/VOC/images/test2007/004478.jpg,3,0,1,3,1,1,-1
/Users/shravach/Documents/IISc/4th sem/Intelligent ui/datasets/VOC/images/test2007/004480.jpg,2,1,0,2,2,0,-1
/Users/shravach/Documents/IISc/4th sem/Intelligent ui/datasets/VOC/images/test2007/004482.jpg,3,0,0,3,0,0,0
/Users/shravach/Documents/IISc/4th sem/Intelligent ui/datasets/VOC/images/test2007/004483.jpg,1,2,0,1,0,0,2
/Users/shravach/Documents/IISc/4th sem/Intelligent ui/datasets/VOC/images/test2007/004485.jpg,7,0,0,7,0,0,0
/Users/shravach/Documents/IISc/4th sem/Intelligent ui/datasets/VOC/images/test2007/004486.jpg,4,1,1,5,2,0,0
/Users/shravach/Documents/IISc/4th sem/Intelligent ui/datasets/VOC/images/test2007/004489.jpg,1,0,0,1,0,0,0
/Users/shravach/Documents/IISc/4th sem/Intelligent ui/datasets/VOC/images/test2007/004491.jpg,2,4,1,2,2,1,2
/Users/shravach/Documents/IISc/4th sem/Intelligent ui/datasets/VOC/images/test2007/004492.jpg,1,2,1,1,2,1,0
/Users/shravach/Documents/IISc/4th sem/Intelligent ui/datasets/VOC/images/test2007/004497.jpg,1,0,3,1,0,3,0
/Users/shravach/Documents/IISc/4th sem/Intelligent ui/datasets/VOC/images/test2007/004501.jpg,3,1,0,3,2,0,-1
/Users/shravach/Documents/IISc/4th sem/Intelligent ui/datasets/VOC/images/test2007/004503.jpg,1,0,0,1,0,0,0
/Users/shravach/Documents/IISc/4th sem/Intelligent ui/datasets/VOC/images/test2007/004504.jpg,1,2,0,1,0,0,2
/Users/shravach/Documents/IISc/4th sem/Intelligent ui/datasets/VOC/images/test2007/004505.jpg,1,0,0,1,0,0,0
/Users/shravach/Documents/IISc/4th sem/Intelligent ui/datasets/VOC/images/test2007/004506.jpg,1,1,0,1,0,0,1
/Users/shravach/Documents/IISc/4th sem/Intelligent ui/datasets/VOC/images/test2007/004511.jpg,2,2,0,2,0,0,2
/Users/shravach/Documents/IISc/4th sem/Intelligent ui/datasets/VOC/images/test2007/004513.jpg,0,1,1,1,1,0,1
/Users/shravach/Documents/IISc/4th sem/Intelligent ui/datasets/VOC/images/test2007/004515.jpg,2,2,0,2,1,0,1
/Users/shravach/Documents/IISc/4th sem/Intelligent ui/datasets/VOC/images/test2007/004516.jpg,3,2,1,3,1,1,1
/Users/shravach/Documents/IISc/4th sem/Intelligent ui/datasets/VOC/images/test2007/004521.jpg,1,2,1,1,2,1,0
/Users/shravach/Documents/IISc/4th sem/Intelligent ui/datasets/VOC/images/test2007/004522.jpg,1,0,0,1,0,0,0
/Users/shravach/Documents/IISc/4th sem/Intelligent ui/datasets/VOC/images/test2007/004523.jpg,4,2,1,4,3,1,-1
/Users/shravach/Documents/IISc/4th sem/Intelligent ui/datasets/VOC/images/test2007/004525.jpg,2,0,0,2,0,0,0
/Users/shravach/Documents/IISc/4th sem/Intelligent ui/datasets/VOC/images/test2007/004529.jpg,1,1,0,1,0,0,1
/Users/shravach/Documents/IISc/4th sem/Intelligent ui/datasets/VOC/images/test2007/004531.jpg,0,1,1,1,0,0,2
/Users/shravach/Documents/IISc/4th sem/Intelligent ui/datasets/VOC/images/test2007/004533.jpg,1,0,0,1,0,0,0
/Users/shravach/Documents/IISc/4th sem/Intelligent ui/datasets/VOC/images/test2007/004534.jpg,3,0,0,3,0,0,0
/Users/shravach/Documents/IISc/4th sem/Intelligent ui/datasets/VOC/images/test2007/004536.jpg,2,0,1,2,0,1,0
/Users/shravach/Documents/IISc/4th sem/Intelligent ui/datasets/VOC/images/test2007/004538.jpg,2,0,0,2,0,0,0
/Users/shravach/Documents/IISc/4th sem/Intelligent ui/datasets/VOC/images/test2007/004541.jpg,2,0,0,2,0,0,0
/Users/shravach/Documents/IISc/4th sem/Intelligent ui/datasets/VOC/images/test2007/004543.jpg,2,2,0,2,1,0,1
/Users/shravach/Documents/IISc/4th sem/Intelligent ui/datasets/VOC/images/test2007/004545.jpg,5,0,0,5,2,0,-2
/Users/shravach/Documents/IISc/4th sem/Intelligent ui/datasets/VOC/images/test2007/004546.jpg,2,0,0,2,1,0,-1
/Users/shravach/Documents/IISc/4th sem/Intelligent ui/datasets/VOC/images/test2007/004547.jpg,2,0,0,2,0,0,0
/Users/shravach/Documents/IISc/4th sem/Intelligent ui/datasets/VOC/images/test2007/004550.jpg,1,0,0,1,0,0,0
/Users/shravach/Documents/IISc/4th sem/Intelligent ui/datasets/VOC/images/test2007/004554.jpg,1,0,0,1,0,0,0
/Users/shravach/Documents/IISc/4th sem/Intelligent ui/datasets/VOC/images/test2007/004556.jpg,1,1,0,1,0,0,1
/Users/shravach/Documents/IISc/4th sem/Intelligent ui/datasets/VOC/images/test2007/004557.jpg,1,0,0,1,0,0,0
/Users/shravach/Documents/IISc/4th sem/Intelligent ui/datasets/VOC/images/test2007/004559.jpg,2,0,6,3,2,5,-1
/Users/shravach/Documents/IISc/4th sem/Intelligent ui/datasets/VOC/images/test2007/004560.jpg,4,1,1,5,1,0,1
/Users/shravach/Documents/IISc/4th sem/Intelligent ui/datasets/VOC/images/test2007/004561.jpg,2,0,0,2,0,0,0
/Users/shravach/Documents/IISc/4th sem/Intelligent ui/datasets/VOC/images/test2007/004564.jpg,2,0,0,2,0,0,0
/Users/shravach/Documents/IISc/4th sem/Intelligent ui/datasets/VOC/images/test2007/004567.jpg,1,1,0,1,1,0,0
/Users/shravach/Documents/IISc/4th sem/Intelligent ui/datasets/VOC/images/test2007/004568.jpg,1,1,0,1,1,0,0
/Users/shravach/Documents/IISc/4th sem/Intelligent ui/datasets/VOC/images/test2007/004569.jpg,1,0,1,2,0,0,1
/Users/shravach/Documents/IISc/4th sem/Intelligent ui/datasets/VOC/images/test2007/004572.jpg,1,0,0,1,0,0,0
/Users/shravach/Documents/IISc/4th sem/Intelligent ui/datasets/VOC/images/test2007/004573.jpg,3,1,0,3,0,0,1
/Users/shravach/Documents/IISc/4th sem/Intelligent ui/datasets/VOC/images/test2007/004575.jpg,1,0,0,1,2,0,-2
/Users/shravach/Documents/IISc/4th sem/Intelligent ui/datasets/VOC/images/test2007/004577.jpg,2,1,0,2,0,0,1
/Users/shravach/Documents/IISc/4th sem/Intelligent ui/datasets/VOC/images/test2007/004578.jpg,1,1,0,1,2,0,-1
/Users/shravach/Documents/IISc/4th sem/Intelligent ui/datasets/VOC/images/test2007/004580.jpg,3,4,1,3,4,1,0
/Users/shravach/Documents/IISc/4th sem/Intelligent ui/datasets/VOC/images/test2007/004582.jpg,2,1,0,2,0,0,1
/Users/shravach/Documents/IISc/4th sem/Intelligent ui/datasets/VOC/images/test2007/004583.jpg,0,1,1,1,1,0,1
/Users/shravach/Documents/IISc/4th sem/Intelligent ui/datasets/VOC/images/test2007/004586.jpg,1,0,0,1,0,0,0
/Users/shravach/Documents/IISc/4th sem/Intelligent ui/datasets/VOC/images/test2007/004589.jpg,2,0,0,2,0,0,0
/Users/shravach/Documents/IISc/4th sem/Intelligent ui/datasets/VOC/images/test2007/004590.jpg,6,3,0,6,0,0,3
/Users/shravach/Documents/IISc/4th sem/Intelligent ui/datasets/VOC/images/test2007/004593.jpg,0,1,1,1,0,0,2
/Users/shravach/Documents/IISc/4th sem/Intelligent ui/datasets/VOC/images/test2007/004594.jpg,1,2,0,1,6,0,-4
/Users/shravach/Documents/IISc/4th sem/Intelligent ui/datasets/VOC/images/test2007/004596.jpg,1,0,0,1,0,0,0
/Users/shravach/Documents/IISc/4th sem/Intelligent ui/datasets/VOC/images/test2007/004598.jpg,5,3,2,6,4,1,0
/Users/shravach/Documents/IISc/4th sem/Intelligent ui/datasets/VOC/images/test2007/004599.jpg,3,0,1,4,0,0,1
/Users/shravach/Documents/IISc/4th sem/Intelligent ui/datasets/VOC/images/test2007/004602.jpg,1,0,0,1,0,0,0
/Users/shravach/Documents/IISc/4th sem/Intelligent ui/datasets/VOC/images/test2007/004603.jpg,1,0,0,1,1,0,-1
/Users/shravach/Documents/IISc/4th sem/Intelligent ui/datasets/VOC/images/test2007/004608.jpg,1,0,0,1,0,0,0
/Users/shravach/Documents/IISc/4th sem/Intelligent ui/datasets/VOC/images/test2007/004610.jpg,2,1,1,2,1,1,0
/Users/shravach/Documents/IISc/4th sem/Intelligent ui/datasets/VOC/images/test2007/004613.jpg,1,0,0,1,1,0,-1
/Users/shravach/Documents/IISc/4th sem/Intelligent ui/datasets/VOC/images/test2007/004614.jpg,1,0,0,1,0,0,0
/Users/shravach/Documents/IISc/4th sem/Intelligent ui/datasets/VOC/images/test2007/004615.jpg,0,1,1,1,1,0,1
/Users/shravach/Documents/IISc/4th sem/Intelligent ui/datasets/VOC/images/test2007/004616.jpg,1,0,0,0,1,1,-2
/Users/shravach/Documents/IISc/4th sem/Intelligent ui/datasets/VOC/images/test2007/004617.jpg,3,0,0,3,0,0,0
/Users/shravach/Documents/IISc/4th sem/Intelligent ui/datasets/VOC/images/test2007/004619.jpg,1,0,0,1,0,0,0
/Users/shravach/Documents/IISc/4th sem/Intelligent ui/datasets/VOC/images/test2007/004620.jpg,0,1,2,2,0,0,3
/Users/shravach/Documents/IISc/4th sem/Intelligent ui/datasets/VOC/images/test2007/004621.jpg,1,0,0,1,0,0,0
/Users/shravach/Documents/IISc/4th sem/Intelligent ui/datasets/VOC/images/test2007/004624.jpg,1,0,0,1,0,0,0
/Users/shravach/Documents/IISc/4th sem/Intelligent ui/datasets/VOC/images/test2007/004629.jpg,8,3,0,8,1,0,2
/Users/shravach/Documents/IISc/4th sem/Intelligent ui/datasets/VOC/images/test2007/004633.jpg,0,0,1,0,0,1,0
/Users/shravach/Documents/IISc/4th sem/Intelligent ui/datasets/VOC/images/test2007/004635.jpg,1,2,1,2,0,0,3
/Users/shravach/Documents/IISc/4th sem/Intelligent ui/datasets/VOC/images/test2007/004637.jpg,4,0,0,4,0,0,0
/Users/shravach/Documents/IISc/4th sem/Intelligent ui/datasets/VOC/images/test2007/004638.jpg,1,0,0,1,0,0,0
/Users/shravach/Documents/IISc/4th sem/Intelligent ui/datasets/VOC/images/test2007/004639.jpg,1,1,0,1,0,0,1
/Users/shravach/Documents/IISc/4th sem/Intelligent ui/datasets/VOC/images/test2007/004640.jpg,12,4,1,13,2,0,3
/Users/shravach/Documents/IISc/4th sem/Intelligent ui/datasets/VOC/images/test2007/004641.jpg,2,0,0,2,1,0,-1
/Users/shravach/Documents/IISc/4th sem/Intelligent ui/datasets/VOC/images/test2007/004642.jpg,1,3,1,2,2,0,2
/Users/shravach/Documents/IISc/4th sem/Intelligent ui/datasets/VOC/images/test2007/004645.jpg,1,0,0,1,0,0,0
/Users/shravach/Documents/IISc/4th sem/Intelligent ui/datasets/VOC/images/test2007/004646.jpg,1,0,0,1,2,0,-2
/Users/shravach/Documents/IISc/4th sem/Intelligent ui/datasets/VOC/images/test2007/004650.jpg,2,5,0,2,2,0,3
/Users/shravach/Documents/IISc/4th sem/Intelligent ui/datasets/VOC/images/test2007/004657.jpg,1,1,0,0,1,1,-1
/Users/shravach/Documents/IISc/4th sem/Intelligent ui/datasets/VOC/images/test2007/004658.jpg,1,1,0,1,0,0,1
/Users/shravach/Documents/IISc/4th sem/Intelligent ui/datasets/VOC/images/test2007/004659.jpg,1,2,0,1,0,0,2
/Users/shravach/Documents/IISc/4th sem/Intelligent ui/datasets/VOC/images/test2007/004661.jpg,2,3,2,3,1,1,3
/Users/shravach/Documents/IISc/4th sem/Intelligent ui/datasets/VOC/images/test2007/004663.jpg,1,1,0,1,1,0,0
/Users/shravach/Documents/IISc/4th sem/Intelligent ui/datasets/VOC/images/test2007/004664.jpg,1,1,0,1,0,0,1
/Users/shravach/Documents/IISc/4th sem/Intelligent ui/datasets/VOC/images/test2007/004665.jpg,2,1,1,3,1,0,1
/Users/shravach/Documents/IISc/4th sem/Intelligent ui/datasets/VOC/images/test2007/004666.jpg,8,1,0,8,3,0,-2
/Users/shravach/Documents/IISc/4th sem/Intelligent ui/datasets/VOC/images/test2007/004667.jpg,1,1,3,4,0,0,4
/Users/shravach/Documents/IISc/4th sem/Intelligent ui/datasets/VOC/images/test2007/004668.jpg,2,1,2,4,0,0,3
/Users/shravach/Documents/IISc/4th sem/Intelligent ui/datasets/VOC/images/test2007/004669.jpg,0,2,2,1,1,1,2
/Users/shravach/Documents/IISc/4th sem/Intelligent ui/datasets/VOC/images/test2007/004670.jpg,1,0,0,1,0,0,0
/Users/shravach/Documents/IISc/4th sem/Intelligent ui/datasets/VOC/images/test2007/004677.jpg,1,0,1,1,0,1,0
/Users/shravach/Documents/IISc/4th sem/Intelligent ui/datasets/VOC/images/test2007/004678.jpg,1,1,1,2,0,0,2
/Users/shravach/Documents/IISc/4th sem/Intelligent ui/datasets/VOC/images/test2007/004680.jpg,1,0,0,1,0,0,0
/Users/shravach/Documents/IISc/4th sem/Intelligent ui/datasets/VOC/images/test2007/004681.jpg,1,0,0,1,0,0,0
/Users/shravach/Documents/IISc/4th sem/Intelligent ui/datasets/VOC/images/test2007/004684.jpg,1,0,0,1,1,0,-1
/Users/shravach/Documents/IISc/4th sem/Intelligent ui/datasets/VOC/images/test2007/004688.jpg,1,0,0,1,0,0,0
/Users/shravach/Documents/IISc/4th sem/Intelligent ui/datasets/VOC/images/test2007/004690.jpg,1,1,0,1,0,0,1
/Users/shravach/Documents/IISc/4th sem/Intelligent ui/datasets/VOC/images/test2007/004695.jpg,0,2,1,0,1,1,1
/Users/shravach/Documents/IISc/4th sem/Intelligent ui/datasets/VOC/images/test2007/004696.jpg,2,4,0,2,1,0,3
/Users/shravach/Documents/IISc/4th sem/Intelligent ui/datasets/VOC/images/test2007/004697.jpg,1,3,0,1,2,0,1
/Users/shravach/Documents/IISc/4th sem/Intelligent ui/datasets/VOC/images/test2007/004698.jpg,2,0,3,3,1,2,0
/Users/shravach/Documents/IISc/4th sem/Intelligent ui/datasets/VOC/images/test2007/004700.jpg,0,1,1,1,0,0,2
/Users/shravach/Documents/IISc/4th sem/Intelligent ui/datasets/VOC/images/test2007/004703.jpg,2,0,0,2,0,0,0
/Users/shravach/Documents/IISc/4th sem/Intelligent ui/datasets/VOC/images/test2007/004704.jpg,1,0,0,1,2,0,-2
/Users/shravach/Documents/IISc/4th sem/Intelligent ui/datasets/VOC/images/test2007/004709.jpg,1,1,0,1,1,0,0
/Users/shravach/Documents/IISc/4th sem/Intelligent ui/datasets/VOC/images/test2007/004711.jpg,1,1,1,1,0,1,1
/Users/shravach/Documents/IISc/4th sem/Intelligent ui/datasets/VOC/images/test2007/004712.jpg,2,3,3,2,2,3,1
/Users/shravach/Documents/IISc/4th sem/Intelligent ui/datasets/VOC/images/test2007/004713.jpg,1,0,0,1,0,0,0
/Users/shravach/Documents/IISc/4th sem/Intelligent ui/datasets/VOC/images/test2007/004716.jpg,1,1,1,2,1,0,1
/Users/shravach/Documents/IISc/4th sem/Intelligent ui/datasets/VOC/images/test2007/004717.jpg,3,1,1,3,1,1,0
/Users/shravach/Documents/IISc/4th sem/Intelligent ui/datasets/VOC/images/test2007/004720.jpg,2,0,0,2,0,0,0
/Users/shravach/Documents/IISc/4th sem/Intelligent ui/datasets/VOC/images/test2007/004721.jpg,4,0,1,5,1,0,0
/Users/shravach/Documents/IISc/4th sem/Intelligent ui/datasets/VOC/images/test2007/004724.jpg,1,0,0,1,0,0,0
/Users/shravach/Documents/IISc/4th sem/Intelligent ui/datasets/VOC/images/test2007/004725.jpg,2,7,0,2,4,0,3
/Users/shravach/Documents/IISc/4th sem/Intelligent ui/datasets/VOC/images/test2007/004726.jpg,2,0,0,2,1,0,-1
/Users/shravach/Documents/IISc/4th sem/Intelligent ui/datasets/VOC/images/test2007/004728.jpg,0,0,1,1,1,0,0
/Users/shravach/Documents/IISc/4th sem/Intelligent ui/datasets/VOC/images/test2007/004729.jpg,1,0,0,1,0,0,0
/Users/shravach/Documents/IISc/4th sem/Intelligent ui/datasets/VOC/images/test2007/004730.jpg,1,0,0,1,0,0,0
/Users/shravach/Documents/IISc/4th sem/Intelligent ui/datasets/VOC/images/test2007/004731.jpg,3,0,1,3,1,1,-1
/Users/shravach/Documents/IISc/4th sem/Intelligent ui/datasets/VOC/images/test2007/004733.jpg,1,0,0,1,0,0,0
/Users/shravach/Documents/IISc/4th sem/Intelligent ui/datasets/VOC/images/test2007/004734.jpg,1,0,0,1,0,0,0
/Users/shravach/Documents/IISc/4th sem/Intelligent ui/datasets/VOC/images/test2007/004736.jpg,1,0,0,1,0,0,0
/Users/shravach/Documents/IISc/4th sem/Intelligent ui/datasets/VOC/images/test2007/004738.jpg,2,1,0,2,0,0,1
/Users/shravach/Documents/IISc/4th sem/Intelligent ui/datasets/VOC/images/test2007/004739.jpg,3,1,0,3,2,0,-1
/Users/shravach/Documents/IISc/4th sem/Intelligent ui/datasets/VOC/images/test2007/004740.jpg,5,2,0,5,1,0,1
/Users/shravach/Documents/IISc/4th sem/Intelligent ui/datasets/VOC/images/test2007/004741.jpg,2,0,0,2,0,0,0
/Users/shravach/Documents/IISc/4th sem/Intelligent ui/datasets/VOC/images/test2007/004744.jpg,2,1,0,2,1,0,0
/Users/shravach/Documents/IISc/4th sem/Intelligent ui/datasets/VOC/images/test2007/004745.jpg,4,2,0,4,1,0,1
/Users/shravach/Documents/IISc/4th sem/Intelligent ui/datasets/VOC/images/test2007/004749.jpg,2,0,0,2,0,0,0
/Users/shravach/Documents/IISc/4th sem/Intelligent ui/datasets/VOC/images/test2007/004751.jpg,1,0,0,1,0,0,0
/Users/shravach/Documents/IISc/4th sem/Intelligent ui/datasets/VOC/images/test2007/004752.jpg,1,0,0,1,0,0,0
/Users/shravach/Documents/IISc/4th sem/Intelligent ui/datasets/VOC/images/test2007/004755.jpg,1,0,0,1,0,0,0
/Users/shravach/Documents/IISc/4th sem/Intelligent ui/datasets/VOC/images/test2007/004756.jpg,2,0,0,2,0,0,0
/Users/shravach/Documents/IISc/4th sem/Intelligent ui/datasets/VOC/images/test2007/004757.jpg,2,0,0,2,0,0,0
/Users/shravach/Documents/IISc/4th sem/Intelligent ui/datasets/VOC/images/test2007/004758.jpg,1,0,0,1,0,0,0
/Users/shravach/Documents/IISc/4th sem/Intelligent ui/datasets/VOC/images/test2007/004759.jpg,1,0,0,1,0,0,0
/Users/shravach/Documents/IISc/4th sem/Intelligent ui/datasets/VOC/images/test2007/004762.jpg,1,1,1,1,1,1,0
/Users/shravach/Documents/IISc/4th sem/Intelligent ui/datasets/VOC/images/test2007/004763.jpg,2,0,0,2,0,0,0
/Users/shravach/Documents/IISc/4th sem/Intelligent ui/datasets/VOC/images/test2007/004764.jpg,2,1,1,2,0,1,1
/Users/shravach/Documents/IISc/4th sem/Intelligent ui/datasets/VOC/images/test2007/004765.jpg,2,0,0,2,0,0,0
/Users/shravach/Documents/IISc/4th sem/Intelligent ui/datasets/VOC/images/test2007/004766.jpg,3,0,0,2,2,1,-3
/Users/shravach/Documents/IISc/4th sem/Intelligent ui/datasets/VOC/images/test2007/004767.jpg,1,1,0,1,1,0,0
/Users/shravach/Documents/IISc/4th sem/Intelligent ui/datasets/VOC/images/test2007/004769.jpg,1,1,4,3,3,2,0
/Users/shravach/Documents/IISc/4th sem/Intelligent ui/datasets/VOC/images/test2007/004771.jpg,5,2,0,5,1,0,1
/Users/shravach/Documents/IISc/4th sem/Intelligent ui/datasets/VOC/images/test2007/004772.jpg,1,1,0,1,0,0,1
/Users/shravach/Documents/IISc/4th sem/Intelligent ui/datasets/VOC/images/test2007/004774.jpg,1,0,0,1,0,0,0
/Users/shravach/Documents/IISc/4th sem/Intelligent ui/datasets/VOC/images/test2007/004775.jpg,1,0,0,1,0,0,0
/Users/shravach/Documents/IISc/4th sem/Intelligent ui/datasets/VOC/images/test2007/004778.jpg,1,0,0,1,0,0,0
/Users/shravach/Documents/IISc/4th sem/Intelligent ui/datasets/VOC/images/test2007/004780.jpg,3,3,2,3,3,2,0
/Users/shravach/Documents/IISc/4th sem/Intelligent ui/datasets/VOC/images/test2007/004781.jpg,7,1,0,4,0,3,-2
/Users/shravach/Documents/IISc/4th sem/Intelligent ui/datasets/VOC/images/test2007/004784.jpg,1,0,0,1,0,0,0
/Users/shravach/Documents/IISc/4th sem/Intelligent ui/datasets/VOC/images/test2007/004787.jpg,1,0,0,1,1,0,-1
/Users/shravach/Documents/IISc/4th sem/Intelligent ui/datasets/VOC/images/test2007/004791.jpg,4,6,1,4,6,1,0
/Users/shravach/Documents/IISc/4th sem/Intelligent ui/datasets/VOC/images/test2007/004795.jpg,1,0,0,1,0,0,0
/Users/shravach/Documents/IISc/4th sem/Intelligent ui/datasets/VOC/images/test2007/004798.jpg,0,1,1,1,0,0,2
/Users/shravach/Documents/IISc/4th sem/Intelligent ui/datasets/VOC/images/test2007/004800.jpg,3,0,0,3,0,0,0
/Users/shravach/Documents/IISc/4th sem/Intelligent ui/datasets/VOC/images/test2007/004802.jpg,1,0,0,1,0,0,0
/Users/shravach/Documents/IISc/4th sem/Intelligent ui/datasets/VOC/images/test2007/004803.jpg,2,0,0,2,0,0,0
/Users/shravach/Documents/IISc/4th sem/Intelligent ui/datasets/VOC/images/test2007/004804.jpg,1,1,2,1,2,2,-1
/Users/shravach/Documents/IISc/4th sem/Intelligent ui/datasets/VOC/images/test2007/004806.jpg,1,0,0,1,0,0,0
/Users/shravach/Documents/IISc/4th sem/Intelligent ui/datasets/VOC/images/test2007/004807.jpg,2,0,0,2,0,0,0
/Users/shravach/Documents/IISc/4th sem/Intelligent ui/datasets/VOC/images/test2007/004809.jpg,1,0,0,1,0,0,0
/Users/shravach/Documents/IISc/4th sem/Intelligent ui/datasets/VOC/images/test2007/004810.jpg,5,2,1,5,3,1,-1
/Users/shravach/Documents/IISc/4th sem/Intelligent ui/datasets/VOC/images/test2007/004811.jpg,2,0,0,2,0,0,0
/Users/shravach/Documents/IISc/4th sem/Intelligent ui/datasets/VOC/images/test2007/004813.jpg,3,2,0,3,0,0,2
/Users/shravach/Documents/IISc/4th sem/Intelligent ui/datasets/VOC/images/test2007/004817.jpg,1,0,0,1,0,0,0
/Users/shravach/Documents/IISc/4th sem/Intelligent ui/datasets/VOC/images/test2007/004819.jpg,10,2,1,11,2,0,1
/Users/shravach/Documents/IISc/4th sem/Intelligent ui/datasets/VOC/images/test2007/004820.jpg,1,1,0,1,0,0,1
/Users/shravach/Documents/IISc/4th sem/Intelligent ui/datasets/VOC/images/test2007/004821.jpg,1,0,0,1,0,0,0
/Users/shravach/Documents/IISc/4th sem/Intelligent ui/datasets/VOC/images/test2007/004822.jpg,2,0,0,2,0,0,0
/Users/shravach/Documents/IISc/4th sem/Intelligent ui/datasets/VOC/images/test2007/004824.jpg,2,0,0,2,0,0,0
/Users/shravach/Documents/IISc/4th sem/Intelligent ui/datasets/VOC/images/test2007/004827.jpg,4,13,0,4,17,0,-4
/Users/shravach/Documents/IISc/4th sem/Intelligent ui/datasets/VOC/images/test2007/004829.jpg,1,0,0,1,0,0,0
/Users/shravach/Documents/IISc/4th sem/Intelligent ui/datasets/VOC/images/test2007/004833.jpg,1,0,0,1,0,0,0
/Users/shravach/Documents/IISc/4th sem/Intelligent ui/datasets/VOC/images/test2007/004835.jpg,4,1,0,4,1,0,0
/Users/shravach/Documents/IISc/4th sem/Intelligent ui/datasets/VOC/images/test2007/004838.jpg,1,0,0,1,0,0,0
/Users/shravach/Documents/IISc/4th sem/Intelligent ui/datasets/VOC/images/test2007/004843.jpg,1,2,0,1,3,0,-1
/Users/shravach/Documents/IISc/4th sem/Intelligent ui/datasets/VOC/images/test2007/004844.jpg,4,0,0,4,0,0,0
/Users/shravach/Documents/IISc/4th sem/Intelligent ui/datasets/VOC/images/test2007/004845.jpg,1,0,0,1,0,0,0
/Users/shravach/Documents/IISc/4th sem/Intelligent ui/datasets/VOC/images/test2007/004847.jpg,1,0,0,1,0,0,0
/Users/shravach/Documents/IISc/4th sem/Intelligent ui/datasets/VOC/images/test2007/004851.jpg,1,1,0,1,0,0,1
/Users/shravach/Documents/IISc/4th sem/Intelligent ui/datasets/VOC/images/test2007/004853.jpg,1,0,0,1,0,0,0
/Users/shravach/Documents/IISc/4th sem/Intelligent ui/datasets/VOC/images/test2007/004854.jpg,2,0,0,2,0,0,0
/Users/shravach/Documents/IISc/4th sem/Intelligent ui/datasets/VOC/images/test2007/004855.jpg,4,1,0,4,4,0,-3
/Users/shravach/Documents/IISc/4th sem/Intelligent ui/datasets/VOC/images/test2007/004858.jpg,1,2,0,1,1,0,1
/Users/shravach/Documents/IISc/4th sem/Intelligent ui/datasets/VOC/images/test2007/004860.jpg,0,1,1,1,0,0,2
/Users/shravach/Documents/IISc/4th sem/Intelligent ui/datasets/VOC/images/test2007/004861.jpg,0,0,1,1,1,0,0
/Users/shravach/Documents/IISc/4th sem/Intelligent ui/datasets/VOC/images/test2007/004862.jpg,1,0,2,1,2,2,-2
/Users/shravach/Documents/IISc/4th sem/Intelligent ui/datasets/VOC/images/test2007/004864.jpg,5,3,0,5,2,0,1
/Users/shravach/Documents/IISc/4th sem/Intelligent ui/datasets/VOC/images/test2007/004865.jpg,1,0,0,1,0,0,0
/Users/shravach/Documents/IISc/4th sem/Intelligent ui/datasets/VOC/images/test2007/004870.jpg,4,1,0,4,0,0,1
/Users/shravach/Documents/IISc/4th sem/Intelligent ui/datasets/VOC/images/test2007/004871.jpg,1,1,0,1,1,0,0
/Users/shravach/Documents/IISc/4th sem/Intelligent ui/datasets/VOC/images/test2007/004874.jpg,2,0,0,2,0,0,0
/Users/shravach/Documents/IISc/4th sem/Intelligent ui/datasets/VOC/images/test2007/004875.jpg,0,3,1,1,0,0,4
/Users/shravach/Documents/IISc/4th sem/Intelligent ui/datasets/VOC/images/test2007/004877.jpg,1,2,1,1,2,1,0
/Users/shravach/Documents/IISc/4th sem/Intelligent ui/datasets/VOC/images/test2007/004880.jpg,2,0,0,2,0,0,0
/Users/shravach/Documents/IISc/4th sem/Intelligent ui/datasets/VOC/images/test2007/004881.jpg,1,1,0,1,1,0,0
/Users/shravach/Documents/IISc/4th sem/Intelligent ui/datasets/VOC/images/test2007/004883.jpg,1,0,0,1,0,0,0
/Users/shravach/Documents/IISc/4th sem/Intelligent ui/datasets/VOC/images/test2007/004884.jpg,1,1,0,1,0,0,1
/Users/shravach/Documents/IISc/4th sem/Intelligent ui/datasets/VOC/images/test2007/004887.jpg,2,0,0,2,0,0,0
/Users/shravach/Documents/IISc/4th sem/Intelligent ui/datasets/VOC/images/test2007/004888.jpg,2,0,0,2,0,0,0
/Users/shravach/Documents/IISc/4th sem/Intelligent ui/datasets/VOC/images/test2007/004889.jpg,3,2,0,3,2,0,0
/Users/shravach/Documents/IISc/4th sem/Intelligent ui/datasets/VOC/images/test2007/004891.jpg,1,0,0,1,0,0,0
/Users/shravach/Documents/IISc/4th sem/Intelligent ui/datasets/VOC/images/test2007/004892.jpg,4,2,2,4,4,2,-2
/Users/shravach/Documents/IISc/4th sem/Intelligent ui/datasets/VOC/images/test2007/004893.jpg,1,1,1,2,1,0,1
/Users/shravach/Documents/IISc/4th sem/Intelligent ui/datasets/VOC/images/test2007/004894.jpg,1,0,0,1,1,0,-1
/Users/shravach/Documents/IISc/4th sem/Intelligent ui/datasets/VOC/images/test2007/004899.jpg,2,1,0,2,2,0,-1
/Users/shravach/Documents/IISc/4th sem/Intelligent ui/datasets/VOC/images/test2007/004900.jpg,2,2,0,1,3,1,-2
/Users/shravach/Documents/IISc/4th sem/Intelligent ui/datasets/VOC/images/test2007/004901.jpg,1,0,0,1,0,0,0
/Users/shravach/Documents/IISc/4th sem/Intelligent ui/datasets/VOC/images/test2007/004904.jpg,5,1,0,5,1,0,0
/Users/shravach/Documents/IISc/4th sem/Intelligent ui/datasets/VOC/images/test2007/004906.jpg,1,0,0,1,0,0,0
/Users/shravach/Documents/IISc/4th sem/Intelligent ui/datasets/VOC/images/test2007/004908.jpg,1,2,0,1,1,0,1
/Users/shravach/Documents/IISc/4th sem/Intelligent ui/datasets/VOC/images/test2007/004909.jpg,1,0,0,1,0,0,0
/Users/shravach/Documents/IISc/4th sem/Intelligent ui/datasets/VOC/images/test2007/004914.jpg,1,0,0,1,0,0,0
/Users/shravach/Documents/IISc/4th sem/Intelligent ui/datasets/VOC/images/test2007/004915.jpg,1,0,1,2,1,0,0
/Users/shravach/Documents/IISc/4th sem/Intelligent ui/datasets/VOC/images/test2007/004917.jpg,2,0,0,2,0,0,0
/Users/shravach/Documents/IISc/4th sem/Intelligent ui/datasets/VOC/images/test2007/004918.jpg,1,1,1,1,1,1,0
/Users/shravach/Documents/IISc/4th sem/Intelligent ui/datasets/VOC/images/test2007/004919.jpg,0,1,1,1,0,0,2
/Users/shravach/Documents/IISc/4th sem/Intelligent ui/datasets/VOC/images/test2007/004920.jpg,0,1,2,1,0,1,2
/Users/shravach/Documents/IISc/4th sem/Intelligent ui/datasets/VOC/images/test2007/004921.jpg,1,0,0,1,0,0,0
/Users/shravach/Documents/IISc/4th sem/Intelligent ui/datasets/VOC/images/test2007/004922.jpg,1,1,2,2,3,1,-1
/Users/shravach/Documents/IISc/4th sem/Intelligent ui/datasets/VOC/images/test2007/004923.jpg,3,1,2,4,1,1,1
/Users/shravach/Documents/IISc/4th sem/Intelligent ui/datasets/VOC/images/test2007/004924.jpg,1,1,0,1,1,0,0
/Users/shravach/Documents/IISc/4th sem/Intelligent ui/datasets/VOC/images/test2007/004925.jpg,2,0,0,2,0,0,0
/Users/shravach/Documents/IISc/4th sem/Intelligent ui/datasets/VOC/images/test2007/004927.jpg,6,11,0,6,9,0,2
/Users/shravach/Documents/IISc/4th sem/Intelligent ui/datasets/VOC/images/test2007/004930.jpg,2,1,0,2,0,0,1
/Users/shravach/Documents/IISc/4th sem/Intelligent ui/datasets/VOC/images/test2007/004932.jpg,2,0,0,2,0,0,0
/Users/shravach/Documents/IISc/4th sem/Intelligent ui/datasets/VOC/images/test2007/004933.jpg,1,0,0,1,2,0,-2
/Users/shravach/Documents/IISc/4th sem/Intelligent ui/datasets/VOC/images/test2007/004934.jpg,1,1,1,2,1,0,1
/Users/shravach/Documents/IISc/4th sem/Intelligent ui/datasets/VOC/images/test2007/004937.jpg,6,6,1,6,5,1,1
/Users/shravach/Documents/IISc/4th sem/Intelligent ui/datasets/VOC/images/test2007/004940.jpg,1,0,0,1,0,0,0
/Users/shravach/Documents/IISc/4th sem/Intelligent ui/datasets/VOC/images/test2007/004941.jpg,1,1,1,2,0,0,2
/Users/shravach/Documents/IISc/4th sem/Intelligent ui/datasets/VOC/images/test2007/004942.jpg,1,0,0,1,0,0,0
/Users/shravach/Documents/IISc/4th sem/Intelligent ui/datasets/VOC/images/test2007/004944.jpg,1,1,2,2,2,1,0
/Users/shravach/Documents/IISc/4th sem/Intelligent ui/datasets/VOC/images/test2007/004945.jpg,0,1,1,0,1,1,0
/Users/shravach/Documents/IISc/4th sem/Intelligent ui/datasets/VOC/images/test2007/004947.jpg,3,1,0,3,0,0,1
/Users/shravach/Documents/IISc/4th sem/Intelligent ui/datasets/VOC/images/test2007/004949.jpg,3,1,1,4,4,0,-2
/Users/shravach/Documents/IISc/4th sem/Intelligent ui/datasets/VOC/images/test2007/004952.jpg,1,1,0,1,0,0,1
/Users/shravach/Documents/IISc/4th sem/Intelligent ui/datasets/VOC/images/test2007/004957.jpg,1,0,0,1,0,0,0
/Users/shravach/Documents/IISc/4th sem/Intelligent ui/datasets/VOC/images/test2007/004959.jpg,9,4,0,7,3,2,-1
/Users/shravach/Documents/IISc/4th sem/Intelligent ui/datasets/VOC/images/test2007/004964.jpg,2,1,1,3,3,0,-1
/Users/shravach/Documents/IISc/4th sem/Intelligent ui/datasets/VOC/images/test2007/004965.jpg,2,0,0,2,0,0,0
/Users/shravach/Documents/IISc/4th sem/Intelligent ui/datasets/VOC/images/test2007/004969.jpg,1,0,0,1,0,0,0
/Users/shravach/Documents/IISc/4th sem/Intelligent ui/datasets/VOC/images/test2007/004970.jpg,1,1,0,1,0,0,1
/Users/shravach/Documents/IISc/4th sem/Intelligent ui/datasets/VOC/images/test2007/004971.jpg,2,2,1,2,1,1,1
/Users/shravach/Documents/IISc/4th sem/Intelligent ui/datasets/VOC/images/test2007/004975.jpg,1,0,0,1,0,0,0
/Users/shravach/Documents/IISc/4th sem/Intelligent ui/datasets/VOC/images/test2007/004978.jpg,4,3,1,4,3,1,0
/Users/shravach/Documents/IISc/4th sem/Intelligent ui/datasets/VOC/images/test2007/004979.jpg,1,1,0,1,0,0,1
/Users/shravach/Documents/IISc/4th sem/Intelligent ui/datasets/VOC/images/test2007/004980.jpg,4,3,0,4,3,0,0
/Users/shravach/Documents/IISc/4th sem/Intelligent ui/datasets/VOC/images/test2007/004981.jpg,1,1,0,1,1,0,0
/Users/shravach/Documents/IISc/4th sem/Intelligent ui/datasets/VOC/images/test2007/004988.jpg,1,0,0,1,0,0,0
/Users/shravach/Documents/IISc/4th sem/Intelligent ui/datasets/VOC/images/test2007/004989.jpg,1,1,0,1,0,0,1
/Users/shravach/Documents/IISc/4th sem/Intelligent ui/datasets/VOC/images/test2007/004993.jpg,1,0,0,1,0,0,0
/Users/shravach/Documents/IISc/4th sem/Intelligent ui/datasets/VOC/images/test2007/004996.jpg,1,0,0,1,0,0,0
/Users/shravach/Documents/IISc/4th sem/Intelligent ui/datasets/VOC/images/test2007/005000.jpg,1,2,0,1,3,0,-1
/Users/shravach/Documents/IISc/4th sem/Intelligent ui/datasets/VOC/images/test2007/005002.jpg,2,0,1,2,0,1,0
/Users/shravach/Documents/IISc/4th sem/Intelligent ui/datasets/VOC/images/test2007/005005.jpg,2,0,0,2,0,0,0
/Users/shravach/Documents/IISc/4th sem/Intelligent ui/datasets/VOC/images/test2007/005008.jpg,1,0,0,1,0,0,0
/Users/shravach/Documents/IISc/4th sem/Intelligent ui/datasets/VOC/images/test2007/005009.jpg,1,1,0,1,1,0,0
/Users/shravach/Documents/IISc/4th sem/Intelligent ui/datasets/VOC/images/test2007/005010.jpg,1,2,0,1,1,0,1
/Users/shravach/Documents/IISc/4th sem/Intelligent ui/datasets/VOC/images/test2007/005011.jpg,1,2,0,0,2,1,-1
/Users/shravach/Documents/IISc/4th sem/Intelligent ui/datasets/VOC/images/test2007/005012.jpg,2,1,1,2,1,1,0
/Users/shravach/Documents/IISc/4th sem/Intelligent ui/datasets/VOC/images/test2007/005013.jpg,1,0,0,1,0,0,0
/Users/shravach/Documents/IISc/4th sem/Intelligent ui/datasets/VOC/images/test2007/005015.jpg,1,0,0,1,0,0,0
/Users/shravach/Documents/IISc/4th sem/Intelligent ui/datasets/VOC/images/test2007/005017.jpg,7,1,0,6,4,1,-4
/Users/shravach/Documents/IISc/4th sem/Intelligent ui/datasets/VOC/images/test2007/005019.jpg,1,2,1,2,1,0,2
/Users/shravach/Documents/IISc/4th sem/Intelligent ui/datasets/VOC/images/test2007/005021.jpg,1,0,0,1,0,0,0
/Users/shravach/Documents/IISc/4th sem/Intelligent ui/datasets/VOC/images/test2007/005022.jpg,1,0,0,1,0,0,0
/Users/shravach/Documents/IISc/4th sem/Intelligent ui/datasets/VOC/images/test2007/005025.jpg,2,4,2,4,3,0,3
/Users/shravach/Documents/IISc/4th sem/Intelligent ui/datasets/VOC/images/test2007/005030.jpg,1,2,0,1,1,0,1
/Users/shravach/Documents/IISc/4th sem/Intelligent ui/datasets/VOC/images/test2007/005031.jpg,4,0,0,4,0,0,0
/Users/shravach/Documents/IISc/4th sem/Intelligent ui/datasets/VOC/images/test2007/005034.jpg,1,1,0,1,0,0,1
/Users/shravach/Documents/IISc/4th sem/Intelligent ui/datasets/VOC/images/test2007/005035.jpg,6,4,1,6,2,1,2
/Users/shravach/Documents/IISc/4th sem/Intelligent ui/datasets/VOC/images/test2007/005038.jpg,1,0,0,1,0,0,0
/Users/shravach/Documents/IISc/4th sem/Intelligent ui/datasets/VOC/images/test2007/005040.jpg,2,0,0,2,0,0,0
/Users/shravach/Documents/IISc/4th sem/Intelligent ui/datasets/VOC/images/test2007/005041.jpg,5,3,1,5,3,1,0
/Users/shravach/Documents/IISc/4th sem/Intelligent ui/datasets/VOC/images/test2007/005043.jpg,1,0,0,1,0,0,0
/Users/shravach/Documents/IISc/4th sem/Intelligent ui/datasets/VOC/images/test2007/005044.jpg,5,2,1,6,3,0,0
/Users/shravach/Documents/IISc/4th sem/Intelligent ui/datasets/VOC/images/test2007/005046.jpg,1,0,0,1,0,0,0
/Users/shravach/Documents/IISc/4th sem/Intelligent ui/datasets/VOC/images/test2007/005048.jpg,1,0,0,1,0,0,0
/Users/shravach/Documents/IISc/4th sem/Intelligent ui/datasets/VOC/images/test2007/005049.jpg,6,2,0,6,2,0,0
/Users/shravach/Documents/IISc/4th sem/Intelligent ui/datasets/VOC/images/test2007/005050.jpg,1,1,1,2,1,0,1
/Users/shravach/Documents/IISc/4th sem/Intelligent ui/datasets/VOC/images/test2007/005051.jpg,1,0,1,2,0,0,1
/Users/shravach/Documents/IISc/4th sem/Intelligent ui/datasets/VOC/images/test2007/005053.jpg,2,2,1,3,1,0,2
/Users/shravach/Documents/IISc/4th sem/Intelligent ui/datasets/VOC/images/test2007/005059.jpg,1,0,0,1,0,0,0
/Users/shravach/Documents/IISc/4th sem/Intelligent ui/datasets/VOC/images/test2007/005060.jpg,8,1,1,8,3,1,-2
/Users/shravach/Documents/IISc/4th sem/Intelligent ui/datasets/VOC/images/test2007/005066.jpg,1,1,0,1,1,0,0
/Users/shravach/Documents/IISc/4th sem/Intelligent ui/datasets/VOC/images/test2007/005069.jpg,2,0,0,2,0,0,0
/Users/shravach/Documents/IISc/4th sem/Intelligent ui/datasets/VOC/images/test2007/005070.jpg,1,0,0,1,0,0,0
/Users/shravach/Documents/IISc/4th sem/Intelligent ui/datasets/VOC/images/test2007/005074.jpg,2,0,3,2,2,3,-2
/Users/shravach/Documents/IISc/4th sem/Intelligent ui/datasets/VOC/images/test2007/005075.jpg,1,0,0,1,0,0,0
/Users/shravach/Documents/IISc/4th sem/Intelligent ui/datasets/VOC/images/test2007/005076.jpg,1,1,0,1,0,0,1
/Users/shravach/Documents/IISc/4th sem/Intelligent ui/datasets/VOC/images/test2007/005080.jpg,1,0,0,1,0,0,0
/Users/shravach/Documents/IISc/4th sem/Intelligent ui/datasets/VOC/images/test2007/005082.jpg,4,0,0,4,0,0,0
/Users/shravach/Documents/IISc/4th sem/Intelligent ui/datasets/VOC/images/test2007/005083.jpg,1,0,0,1,0,0,0
/Users/shravach/Documents/IISc/4th sem/Intelligent ui/datasets/VOC/images/test2007/005087.jpg,2,5,0,2,3,0,2
/Users/shravach/Documents/IISc/4th sem/Intelligent ui/datasets/VOC/images/test2007/005088.jpg,8,3,2,8,1,2,2
/Users/shravach/Documents/IISc/4th sem/Intelligent ui/datasets/VOC/images/test2007/005089.jpg,1,0,0,1,0,0,0
/Users/shravach/Documents/IISc/4th sem/Intelligent ui/datasets/VOC/images/test2007/005091.jpg,3,1,0,3,0,0,1
/Users/shravach/Documents/IISc/4th sem/Intelligent ui/datasets/VOC/images/test2007/005092.jpg,6,1,0,5,1,1,-1
/Users/shravach/Documents/IISc/4th sem/Intelligent ui/datasets/VOC/images/test2007/005095.jpg,1,2,0,1,3,0,-1
/Users/shravach/Documents/IISc/4th sem/Intelligent ui/datasets/VOC/images/test2007/005096.jpg,1,0,0,1,0,0,0
/Users/shravach/Documents/IISc/4th sem/Intelligent ui/datasets/VOC/images/test2007/005098.jpg,2,2,0,2,1,0,1
/Users/shravach/Documents/IISc/4th sem/Intelligent ui/datasets/VOC/images/test2007/005099.jpg,1,0,0,1,0,0,0
/Users/shravach/Documents/IISc/4th sem/Intelligent ui/datasets/VOC/images/test2007/005100.jpg,2,3,0,2,5,0,-2
/Users/shravach/Documents/IISc/4th sem/Intelligent ui/datasets/VOC/images/test2007/005103.jpg,2,0,0,2,0,0,0
/Users/shravach/Documents/IISc/4th sem/Intelligent ui/datasets/VOC/images/test2007/005105.jpg,4,0,1,4,0,1,0
/Users/shravach/Documents/IISc/4th sem/Intelligent ui/datasets/VOC/images/test2007/005106.jpg,2,1,0,2,1,0,0
/Users/shravach/Documents/IISc/4th sem/Intelligent ui/datasets/VOC/images/test2007/005109.jpg,1,0,0,1,0,0,0
/Users/shravach/Documents/IISc/4th sem/Intelligent ui/datasets/VOC/images/test2007/005112.jpg,5,5,0,5,3,0,2
/Users/shravach/Documents/IISc/4th sem/Intelligent ui/datasets/VOC/images/test2007/005113.jpg,1,0,0,1,0,0,0
/Users/shravach/Documents/IISc/4th sem/Intelligent ui/datasets/VOC/images/test2007/005115.jpg,1,0,0,1,0,0,0
/Users/shravach/Documents/IISc/4th sem/Intelligent ui/datasets/VOC/images/test2007/005117.jpg,2,0,0,2,0,0,0
/Users/shravach/Documents/IISc/4th sem/Intelligent ui/datasets/VOC/images/test2007/005118.jpg,2,1,1,3,2,0,0
/Users/shravach/Documents/IISc/4th sem/Intelligent ui/datasets/VOC/images/test2007/005119.jpg,2,0,0,2,0,0,0
/Users/shravach/Documents/IISc/4th sem/Intelligent ui/datasets/VOC/images/test2007/005120.jpg,3,1,0,3,1,0,0
/Users/shravach/Documents/IISc/4th sem/Intelligent ui/datasets/VOC/images/test2007/005123.jpg,1,0,0,1,0,0,0
/Users/shravach/Documents/IISc/4th sem/Intelligent ui/datasets/VOC/images/test2007/005125.jpg,2,0,0,2,0,0,0
/Users/shravach/Documents/IISc/4th sem/Intelligent ui/datasets/VOC/images/test2007/005126.jpg,1,0,0,1,0,0,0
/Users/shravach/Documents/IISc/4th sem/Intelligent ui/datasets/VOC/images/test2007/005127.jpg,1,0,0,1,0,0,0
/Users/shravach/Documents/IISc/4th sem/Intelligent ui/datasets/VOC/images/test2007/005132.jpg,2,0,0,2,0,0,0
/Users/shravach/Documents/IISc/4th sem/Intelligent ui/datasets/VOC/images/test2007/005133.jpg,2,0,0,2,0,0,0
/Users/shravach/Documents/IISc/4th sem/Intelligent ui/datasets/VOC/images/test2007/005137.jpg,1,3,0,1,4,0,-1
/Users/shravach/Documents/IISc/4th sem/Intelligent ui/datasets/VOC/images/test2007/005139.jpg,2,0,0,2,0,0,0
/Users/shravach/Documents/IISc/4th sem/Intelligent ui/datasets/VOC/images/test2007/005140.jpg,3,0,0,3,0,0,0
/Users/shravach/Documents/IISc/4th sem/Intelligent ui/datasets/VOC/images/test2007/005141.jpg,3,1,0,3,1,0,0
/Users/shravach/Documents/IISc/4th sem/Intelligent ui/datasets/VOC/images/test2007/005142.jpg,1,0,0,1,0,0,0
/Users/shravach/Documents/IISc/4th sem/Intelligent ui/datasets/VOC/images/test2007/005147.jpg,6,1,0,6,1,0,0
/Users/shravach/Documents/IISc/4th sem/Intelligent ui/datasets/VOC/images/test2007/005148.jpg,4,5,0,4,5,0,0
/Users/shravach/Documents/IISc/4th sem/Intelligent ui/datasets/VOC/images/test2007/005149.jpg,1,1,1,2,0,0,2
/Users/shravach/Documents/IISc/4th sem/Intelligent ui/datasets/VOC/images/test2007/005151.jpg,4,0,0,4,0,0,0
/Users/shravach/Documents/IISc/4th sem/Intelligent ui/datasets/VOC/images/test2007/005152.jpg,2,1,0,2,0,0,1
/Users/shravach/Documents/IISc/4th sem/Intelligent ui/datasets/VOC/images/test2007/005154.jpg,1,0,0,1,0,0,0
/Users/shravach/Documents/IISc/4th sem/Intelligent ui/datasets/VOC/images/test2007/005155.jpg,1,0,0,1,0,0,0
/Users/shravach/Documents/IISc/4th sem/Intelligent ui/datasets/VOC/images/test2007/005157.jpg,1,1,0,1,1,0,0
/Users/shravach/Documents/IISc/4th sem/Intelligent ui/datasets/VOC/images/test2007/005158.jpg,1,0,0,1,1,0,-1
/Users/shravach/Documents/IISc/4th sem/Intelligent ui/datasets/VOC/images/test2007/005162.jpg,0,1,1,1,0,0,2
/Users/shravach/Documents/IISc/4th sem/Intelligent ui/datasets/VOC/images/test2007/005163.jpg,0,1,2,0,2,2,-1
/Users/shravach/Documents/IISc/4th sem/Intelligent ui/datasets/VOC/images/test2007/005164.jpg,3,0,0,3,0,0,0
/Users/shravach/Documents/IISc/4th sem/Intelligent ui/datasets/VOC/images/test2007/005165.jpg,0,1,1,1,0,0,2
/Users/shravach/Documents/IISc/4th sem/Intelligent ui/datasets/VOC/images/test2007/005166.jpg,2,2,0,2,2,0,0
/Users/shravach/Documents/IISc/4th sem/Intelligent ui/datasets/VOC/images/test2007/005167.jpg,1,1,0,1,0,0,1
/Users/shravach/Documents/IISc/4th sem/Intelligent ui/datasets/VOC/images/test2007/005170.jpg,6,0,0,5,1,1,-2
/Users/shravach/Documents/IISc/4th sem/Intelligent ui/datasets/VOC/images/test2007/005172.jpg,1,0,0,0,1,1,-2
/Users/shravach/Documents/IISc/4th sem/Intelligent ui/datasets/VOC/images/test2007/005174.jpg,2,3,0,2,4,0,-1
/Users/shravach/Documents/IISc/4th sem/Intelligent ui/datasets/VOC/images/test2007/005178.jpg,1,0,0,1,0,0,0
/Users/shravach/Documents/IISc/4th sem/Intelligent ui/datasets/VOC/images/test2007/005180.jpg,4,5,1,4,5,1,0
/Users/shravach/Documents/IISc/4th sem/Intelligent ui/datasets/VOC/images/test2007/005182.jpg,2,0,0,2,0,0,0
/Users/shravach/Documents/IISc/4th sem/Intelligent ui/datasets/VOC/images/test2007/005184.jpg,5,1,2,5,1,2,0
/Users/shravach/Documents/IISc/4th sem/Intelligent ui/datasets/VOC/images/test2007/005187.jpg,1,1,1,2,2,0,0
/Users/shravach/Documents/IISc/4th sem/Intelligent ui/datasets/VOC/images/test2007/005188.jpg,1,0,0,1,0,0,0
/Users/shravach/Documents/IISc/4th sem/Intelligent ui/datasets/VOC/images/test2007/005192.jpg,3,0,0,3,3,0,-3
/Users/shravach/Documents/IISc/4th sem/Intelligent ui/datasets/VOC/images/test2007/005193.jpg,2,0,0,2,0,0,0
/Users/shravach/Documents/IISc/4th sem/Intelligent ui/datasets/VOC/images/test2007/005194.jpg,1,0,0,1,0,0,0
/Users/shravach/Documents/IISc/4th sem/Intelligent ui/datasets/VOC/images/test2007/005196.jpg,3,1,1,3,1,1,0
/Users/shravach/Documents/IISc/4th sem/Intelligent ui/datasets/VOC/images/test2007/005197.jpg,2,1,1,2,0,1,1
/Users/shravach/Documents/IISc/4th sem/Intelligent ui/datasets/VOC/images/test2007/005198.jpg,1,0,0,1,0,0,0
/Users/shravach/Documents/IISc/4th sem/Intelligent ui/datasets/VOC/images/test2007/005200.jpg,1,0,0,1,0,0,0
/Users/shravach/Documents/IISc/4th sem/Intelligent ui/datasets/VOC/images/test2007/005201.jpg,1,0,0,1,0,0,0
/Users/shravach/Documents/IISc/4th sem/Intelligent ui/datasets/VOC/images/test2007/005204.jpg,2,0,0,2,0,0,0
/Users/shravach/Documents/IISc/4th sem/Intelligent ui/datasets/VOC/images/test2007/005205.jpg,10,1,0,10,0,0,1
/Users/shravach/Documents/IISc/4th sem/Intelligent ui/datasets/VOC/images/test2007/005206.jpg,1,1,0,1,0,0,1
/Users/shravach/Documents/IISc/4th sem/Intelligent ui/datasets/VOC/images/test2007/005207.jpg,1,0,0,1,0,0,0
/Users/shravach/Documents/IISc/4th sem/Intelligent ui/datasets/VOC/images/test2007/005211.jpg,1,0,0,1,0,0,0
/Users/shravach/Documents/IISc/4th sem/Intelligent ui/datasets/VOC/images/test2007/005213.jpg,1,0,0,1,1,0,-1
/Users/shravach/Documents/IISc/4th sem/Intelligent ui/datasets/VOC/images/test2007/005216.jpg,1,0,0,1,0,0,0
/Users/shravach/Documents/IISc/4th sem/Intelligent ui/datasets/VOC/images/test2007/005218.jpg,1,1,1,2,0,0,2
/Users/shravach/Documents/IISc/4th sem/Intelligent ui/datasets/VOC/images/test2007/005221.jpg,1,0,0,1,0,0,0
/Users/shravach/Documents/IISc/4th sem/Intelligent ui/datasets/VOC/images/test2007/005225.jpg,2,0,0,2,2,0,-2
/Users/shravach/Documents/IISc/4th sem/Intelligent ui/datasets/VOC/images/test2007/005226.jpg,7,1,0,7,4,0,-3
/Users/shravach/Documents/IISc/4th sem/Intelligent ui/datasets/VOC/images/test2007/005227.jpg,1,0,0,1,0,0,0
/Users/shravach/Documents/IISc/4th sem/Intelligent ui/datasets/VOC/images/test2007/005228.jpg,1,1,1,2,1,0,1
/Users/shravach/Documents/IISc/4th sem/Intelligent ui/datasets/VOC/images/test2007/005232.jpg,2,0,0,2,0,0,0
/Users/shravach/Documents/IISc/4th sem/Intelligent ui/datasets/VOC/images/test2007/005233.jpg,7,6,3,7,5,3,1
/Users/shravach/Documents/IISc/4th sem/Intelligent ui/datasets/VOC/images/test2007/005234.jpg,1,2,0,1,1,0,1
/Users/shravach/Documents/IISc/4th sem/Intelligent ui/datasets/VOC/images/test2007/005235.jpg,1,0,0,1,0,0,0
/Users/shravach/Documents/IISc/4th sem/Intelligent ui/datasets/VOC/images/test2007/005237.jpg,2,1,0,2,6,0,-5
/Users/shravach/Documents/IISc/4th sem/Intelligent ui/datasets/VOC/images/test2007/005238.jpg,1,2,0,1,0,0,2
/Users/shravach/Documents/IISc/4th sem/Intelligent ui/datasets/VOC/images/test2007/005240.jpg,1,0,1,1,1,1,-1
/Users/shravach/Documents/IISc/4th sem/Intelligent ui/datasets/VOC/images/test2007/005241.jpg,1,3,0,1,0,0,3
/Users/shravach/Documents/IISc/4th sem/Intelligent ui/datasets/VOC/images/test2007/005243.jpg,1,0,0,1,0,0,0
/Users/shravach/Documents/IISc/4th sem/Intelligent ui/datasets/VOC/images/test2007/005247.jpg,1,1,0,1,1,0,0
/Users/shravach/Documents/IISc/4th sem/Intelligent ui/datasets/VOC/images/test2007/005249.jpg,1,0,0,1,0,0,0
/Users/shravach/Documents/IISc/4th sem/Intelligent ui/datasets/VOC/images/test2007/005250.jpg,1,0,1,1,0,1,0
/Users/shravach/Documents/IISc/4th sem/Intelligent ui/datasets/VOC/images/test2007/005251.jpg,3,0,0,3,0,0,0
/Users/shravach/Documents/IISc/4th sem/Intelligent ui/datasets/VOC/images/test2007/005252.jpg,3,0,0,3,0,0,0
/Users/shravach/Documents/IISc/4th sem/Intelligent ui/datasets/VOC/images/test2007/005255.jpg,3,3,0,3,2,0,1
/Users/shravach/Documents/IISc/4th sem/Intelligent ui/datasets/VOC/images/test2007/005256.jpg,1,0,0,1,1,0,-1
/Users/shravach/Documents/IISc/4th sem/Intelligent ui/datasets/VOC/images/test2007/005261.jpg,5,2,0,5,1,0,1
/Users/shravach/Documents/IISc/4th sem/Intelligent ui/datasets/VOC/images/test2007/005265.jpg,1,0,0,1,0,0,0
/Users/shravach/Documents/IISc/4th sem/Intelligent ui/datasets/VOC/images/test2007/005266.jpg,3,1,1,2,1,2,-1
/Users/shravach/Documents/IISc/4th sem/Intelligent ui/datasets/VOC/images/test2007/005271.jpg,1,0,0,1,0,0,0
/Users/shravach/Documents/IISc/4th sem/Intelligent ui/datasets/VOC/images/test2007/005272.jpg,2,5,0,2,3,0,2
/Users/shravach/Documents/IISc/4th sem/Intelligent ui/datasets/VOC/images/test2007/005275.jpg,1,0,0,1,0,0,0
/Users/shravach/Documents/IISc/4th sem/Intelligent ui/datasets/VOC/images/test2007/005276.jpg,7,1,1,6,1,2,-1
/Users/shravach/Documents/IISc/4th sem/Intelligent ui/datasets/VOC/images/test2007/005277.jpg,1,0,0,1,0,0,0
/Users/shravach/Documents/IISc/4th sem/Intelligent ui/datasets/VOC/images/test2007/005279.jpg,1,0,0,1,0,0,0
/Users/shravach/Documents/IISc/4th sem/Intelligent ui/datasets/VOC/images/test2007/005280.jpg,1,0,0,1,1,0,-1
/Users/shravach/Documents/IISc/4th sem/Intelligent ui/datasets/VOC/images/test2007/005282.jpg,1,1,0,1,0,0,1
/Users/shravach/Documents/IISc/4th sem/Intelligent ui/datasets/VOC/images/test2007/005284.jpg,3,2,1,3,5,1,-3
/Users/shravach/Documents/IISc/4th sem/Intelligent ui/datasets/VOC/images/test2007/005286.jpg,1,0,1,2,0,0,1
/Users/shravach/Documents/IISc/4th sem/Intelligent ui/datasets/VOC/images/test2007/005287.jpg,2,1,0,2,3,0,-2
/Users/shravach/Documents/IISc/4th sem/Intelligent ui/datasets/VOC/images/test2007/005289.jpg,2,1,0,2,0,0,1
/Users/shravach/Documents/IISc/4th sem/Intelligent ui/datasets/VOC/images/test2007/005291.jpg,1,0,3,3,1,1,1
/Users/shravach/Documents/IISc/4th sem/Intelligent ui/datasets/VOC/images/test2007/005294.jpg,1,0,0,1,0,0,0
/Users/shravach/Documents/IISc/4th sem/Intelligent ui/datasets/VOC/images/test2007/005295.jpg,2,4,1,3,1,0,4
/Users/shravach/Documents/IISc/4th sem/Intelligent ui/datasets/VOC/images/test2007/005296.jpg,1,1,1,2,2,0,0
/Users/shravach/Documents/IISc/4th sem/Intelligent ui/datasets/VOC/images/test2007/005299.jpg,2,2,1,2,2,1,0
/Users/shravach/Documents/IISc/4th sem/Intelligent ui/datasets/VOC/images/test2007/005300.jpg,1,1,0,1,0,0,1
/Users/shravach/Documents/IISc/4th sem/Intelligent ui/datasets/VOC/images/test2007/005301.jpg,5,0,3,5,0,3,0
/Users/shravach/Documents/IISc/4th sem/Intelligent ui/datasets/VOC/images/test2007/005302.jpg,3,6,0,2,6,1,-1
/Users/shravach/Documents/IISc/4th sem/Intelligent ui/datasets/VOC/images/test2007/005308.jpg,5,2,1,5,1,1,1
/Users/shravach/Documents/IISc/4th sem/Intelligent ui/datasets/VOC/images/test2007/005309.jpg,1,0,0,1,0,0,0
/Users/shravach/Documents/IISc/4th sem/Intelligent ui/datasets/VOC/images/test2007/005313.jpg,2,1,0,2,1,0,0
/Users/shravach/Documents/IISc/4th sem/Intelligent ui/datasets/VOC/images/test2007/005316.jpg,4,2,2,6,1,0,3
/Users/shravach/Documents/IISc/4th sem/Intelligent ui/datasets/VOC/images/test2007/005317.jpg,1,0,0,1,0,0,0
/Users/shravach/Documents/IISc/4th sem/Intelligent ui/datasets/VOC/images/test2007/005321.jpg,1,0,1,2,0,0,1
/Users/shravach/Documents/IISc/4th sem/Intelligent ui/datasets/VOC/images/test2007/005322.jpg,1,1,0,1,1,0,0
/Users/shravach/Documents/IISc/4th sem/Intelligent ui/datasets/VOC/images/test2007/005323.jpg,1,5,1,1,1,1,4
/Users/shravach/Documents/IISc/4th sem/Intelligent ui/datasets/VOC/images/test2007/005324.jpg,2,2,0,2,2,0,0
/Users/shravach/Documents/IISc/4th sem/Intelligent ui/datasets/VOC/images/test2007/005329.jpg,2,1,2,2,3,2,-2
/Users/shravach/Documents/IISc/4th sem/Intelligent ui/datasets/VOC/images/test2007/005330.jpg,1,0,0,1,0,0,0
/Users/shravach/Documents/IISc/4th sem/Intelligent ui/datasets/VOC/images/test2007/005332.jpg,1,1,1,2,1,0,1
/Users/shravach/Documents/IISc/4th sem/Intelligent ui/datasets/VOC/images/test2007/005333.jpg,2,0,0,2,0,0,0
/Users/shravach/Documents/IISc/4th sem/Intelligent ui/datasets/VOC/images/test2007/005334.jpg,1,0,0,1,0,0,0
/Users/shravach/Documents/IISc/4th sem/Intelligent ui/datasets/VOC/images/test2007/005335.jpg,2,2,0,2,1,0,1
/Users/shravach/Documents/IISc/4th sem/Intelligent ui/datasets/VOC/images/test2007/005339.jpg,4,1,0,3,1,1,-1
/Users/shravach/Documents/IISc/4th sem/Intelligent ui/datasets/VOC/images/test2007/005341.jpg,1,1,0,1,0,0,1
/Users/shravach/Documents/IISc/4th sem/Intelligent ui/datasets/VOC/images/test2007/005342.jpg,4,0,0,4,0,0,0
/Users/shravach/Documents/IISc/4th sem/Intelligent ui/datasets/VOC/images/test2007/005347.jpg,4,0,1,4,3,1,-3
/Users/shravach/Documents/IISc/4th sem/Intelligent ui/datasets/VOC/images/test2007/005353.jpg,1,0,0,1,0,0,0
/Users/shravach/Documents/IISc/4th sem/Intelligent ui/datasets/VOC/images/test2007/005354.jpg,4,0,0,4,1,0,-1
/Users/shravach/Documents/IISc/4th sem/Intelligent ui/datasets/VOC/images/test2007/005356.jpg,2,0,0,2,0,0,0
/Users/shravach/Documents/IISc/4th sem/Intelligent ui/datasets/VOC/images/test2007/005357.jpg,2,0,0,2,0,0,0
/Users/shravach/Documents/IISc/4th sem/Intelligent ui/datasets/VOC/images/test2007/005359.jpg,1,0,0,1,0,0,0
/Users/shravach/Documents/IISc/4th sem/Intelligent ui/datasets/VOC/images/test2007/005361.jpg,0,1,1,1,0,0,2
/Users/shravach/Documents/IISc/4th sem/Intelligent ui/datasets/VOC/images/test2007/005362.jpg,4,4,1,4,2,1,2
/Users/shravach/Documents/IISc/4th sem/Intelligent ui/datasets/VOC/images/test2007/005364.jpg,1,0,0,1,0,0,0
/Users/shravach/Documents/IISc/4th sem/Intelligent ui/datasets/VOC/images/test2007/005366.jpg,2,5,0,2,7,0,-2
/Users/shravach/Documents/IISc/4th sem/Intelligent ui/datasets/VOC/images/test2007/005372.jpg,1,0,0,1,0,0,0
/Users/shravach/Documents/IISc/4th sem/Intelligent ui/datasets/VOC/images/test2007/005375.jpg,2,0,0,2,0,0,0
/Users/shravach/Documents/IISc/4th sem/Intelligent ui/datasets/VOC/images/test2007/005376.jpg,0,3,1,0,1,1,2
/Users/shravach/Documents/IISc/4th sem/Intelligent ui/datasets/VOC/images/test2007/005377.jpg,4,1,0,4,0,0,1
/Users/shravach/Documents/IISc/4th sem/Intelligent ui/datasets/VOC/images/test2007/005381.jpg,1,1,0,1,1,0,0
/Users/shravach/Documents/IISc/4th sem/Intelligent ui/datasets/VOC/images/test2007/005382.jpg,1,1,0,1,0,0,1
/Users/shravach/Documents/IISc/4th sem/Intelligent ui/datasets/VOC/images/test2007/005386.jpg,1,0,0,1,0,0,0
/Users/shravach/Documents/IISc/4th sem/Intelligent ui/datasets/VOC/images/test2007/005390.jpg,1,0,0,1,0,0,0
/Users/shravach/Documents/IISc/4th sem/Intelligent ui/datasets/VOC/images/test2007/005392.jpg,3,0,1,3,0,1,0
/Users/shravach/Documents/IISc/4th sem/Intelligent ui/datasets/VOC/images/test2007/005394.jpg,1,0,0,1,0,0,0
/Users/shravach/Documents/IISc/4th sem/Intelligent ui/datasets/VOC/images/test2007/005399.jpg,2,0,0,2,1,0,-1
/Users/shravach/Documents/IISc/4th sem/Intelligent ui/datasets/VOC/images/test2007/005400.jpg,2,0,0,2,0,0,0
/Users/shravach/Documents/IISc/4th sem/Intelligent ui/datasets/VOC/images/test2007/005401.jpg,1,1,0,1,1,0,0
/Users/shravach/Documents/IISc/4th sem/Intelligent ui/datasets/VOC/images/test2007/005402.jpg,0,1,1,1,1,0,1
/Users/shravach/Documents/IISc/4th sem/Intelligent ui/datasets/VOC/images/test2007/005403.jpg,1,1,0,1,0,0,1
/Users/shravach/Documents/IISc/4th sem/Intelligent ui/datasets/VOC/images/test2007/005409.jpg,2,0,0,2,0,0,0
/Users/shravach/Documents/IISc/4th sem/Intelligent ui/datasets/VOC/images/test2007/005411.jpg,2,2,0,2,1,0,1
/Users/shravach/Documents/IISc/4th sem/Intelligent ui/datasets/VOC/images/test2007/005412.jpg,14,6,1,11,5,4,-2
/Users/shravach/Documents/IISc/4th sem/Intelligent ui/datasets/VOC/images/test2007/005415.jpg,3,2,3,3,5,3,-3
/Users/shravach/Documents/IISc/4th sem/Intelligent ui/datasets/VOC/images/test2007/005422.jpg,1,0,0,1,0,0,0
/Users/shravach/Documents/IISc/4th sem/Intelligent ui/datasets/VOC/images/test2007/005425.jpg,2,0,0,2,1,0,-1
/Users/shravach/Documents/IISc/4th sem/Intelligent ui/datasets/VOC/images/test2007/005426.jpg,1,0,0,1,0,0,0
/Users/shravach/Documents/IISc/4th sem/Intelligent ui/datasets/VOC/images/test2007/005427.jpg,1,0,0,1,2,0,-2
/Users/shravach/Documents/IISc/4th sem/Intelligent ui/datasets/VOC/images/test2007/005428.jpg,1,1,0,1,0,0,1
/Users/shravach/Documents/IISc/4th sem/Intelligent ui/datasets/VOC/images/test2007/005432.jpg,1,0,0,1,0,0,0
/Users/shravach/Documents/IISc/4th sem/Intelligent ui/datasets/VOC/images/test2007/005435.jpg,1,0,0,1,0,0,0
/Users/shravach/Documents/IISc/4th sem/Intelligent ui/datasets/VOC/images/test2007/005437.jpg,1,1,0,1,0,0,1
/Users/shravach/Documents/IISc/4th sem/Intelligent ui/datasets/VOC/images/test2007/005442.jpg,7,3,1,7,2,1,1
/Users/shravach/Documents/IISc/4th sem/Intelligent ui/datasets/VOC/images/test2007/005443.jpg,1,0,0,1,0,0,0
/Users/shravach/Documents/IISc/4th sem/Intelligent ui/datasets/VOC/images/test2007/005444.jpg,1,1,0,1,0,0,1
/Users/shravach/Documents/IISc/4th sem/Intelligent ui/datasets/VOC/images/test2007/005446.jpg,1,1,0,1,1,0,0
/Users/shravach/Documents/IISc/4th sem/Intelligent ui/datasets/VOC/images/test2007/005447.jpg,6,3,0,6,2,0,1
/Users/shravach/Documents/IISc/4th sem/Intelligent ui/datasets/VOC/images/test2007/005449.jpg,1,0,0,1,1,0,-1
/Users/shravach/Documents/IISc/4th sem/Intelligent ui/datasets/VOC/images/test2007/005452.jpg,0,1,1,1,1,0,1
/Users/shravach/Documents/IISc/4th sem/Intelligent ui/datasets/VOC/images/test2007/005456.jpg,3,1,0,3,0,0,1
/Users/shravach/Documents/IISc/4th sem/Intelligent ui/datasets/VOC/images/test2007/005458.jpg,2,1,0,2,0,0,1
/Users/shravach/Documents/IISc/4th sem/Intelligent ui/datasets/VOC/images/test2007/005459.jpg,3,2,1,4,3,0,0
/Users/shravach/Documents/IISc/4th sem/Intelligent ui/datasets/VOC/images/test2007/005460.jpg,1,1,0,1,1,0,0
/Users/shravach/Documents/IISc/4th sem/Intelligent ui/datasets/VOC/images/test2007/005462.jpg,1,1,0,1,0,0,1
/Users/shravach/Documents/IISc/4th sem/Intelligent ui/datasets/VOC/images/test2007/005463.jpg,1,1,0,1,0,0,1
/Users/shravach/Documents/IISc/4th sem/Intelligent ui/datasets/VOC/images/test2007/005464.jpg,1,1,1,2,3,0,-1
/Users/shravach/Documents/IISc/4th sem/Intelligent ui/datasets/VOC/images/test2007/005466.jpg,2,2,0,2,2,0,0
/Users/shravach/Documents/IISc/4th sem/Intelligent ui/datasets/VOC/images/test2007/005468.jpg,4,1,0,4,3,0,-2
/Users/shravach/Documents/IISc/4th sem/Intelligent ui/datasets/VOC/images/test2007/005472.jpg,1,0,0,1,0,0,0
/Users/shravach/Documents/IISc/4th sem/Intelligent ui/datasets/VOC/images/test2007/005473.jpg,1,0,1,2,1,0,0
/Users/shravach/Documents/IISc/4th sem/Intelligent ui/datasets/VOC/images/test2007/005474.jpg,1,0,0,1,1,0,-1
/Users/shravach/Documents/IISc/4th sem/Intelligent ui/datasets/VOC/images/test2007/005476.jpg,1,0,0,1,0,0,0
/Users/shravach/Documents/IISc/4th sem/Intelligent ui/datasets/VOC/images/test2007/005477.jpg,5,0,1,4,2,2,-3
/Users/shravach/Documents/IISc/4th sem/Intelligent ui/datasets/VOC/images/test2007/005479.jpg,2,0,0,2,0,0,0
/Users/shravach/Documents/IISc/4th sem/Intelligent ui/datasets/VOC/images/test2007/005480.jpg,1,0,0,1,0,0,0
/Users/shravach/Documents/IISc/4th sem/Intelligent ui/datasets/VOC/images/test2007/005482.jpg,1,1,1,2,0,0,2
/Users/shravach/Documents/IISc/4th sem/Intelligent ui/datasets/VOC/images/test2007/005484.jpg,2,4,0,2,2,0,2
/Users/shravach/Documents/IISc/4th sem/Intelligent ui/datasets/VOC/images/test2007/005488.jpg,2,0,0,2,0,0,0
/Users/shravach/Documents/IISc/4th sem/Intelligent ui/datasets/VOC/images/test2007/005490.jpg,1,3,0,1,2,0,1
/Users/shravach/Documents/IISc/4th sem/Intelligent ui/datasets/VOC/images/test2007/005491.jpg,2,2,0,2,1,0,1
/Users/shravach/Documents/IISc/4th sem/Intelligent ui/datasets/VOC/images/test2007/005492.jpg,1,0,0,1,0,0,0
/Users/shravach/Documents/IISc/4th sem/Intelligent ui/datasets/VOC/images/test2007/005493.jpg,1,0,0,1,0,0,0
/Users/shravach/Documents/IISc/4th sem/Intelligent ui/datasets/VOC/images/test2007/005494.jpg,2,0,0,2,0,0,0
/Users/shravach/Documents/IISc/4th sem/Intelligent ui/datasets/VOC/images/test2007/005495.jpg,1,0,0,1,0,0,0
/Users/shravach/Documents/IISc/4th sem/Intelligent ui/datasets/VOC/images/test2007/005498.jpg,3,0,0,3,0,0,0
/Users/shravach/Documents/IISc/4th sem/Intelligent ui/datasets/VOC/images/test2007/005500.jpg,2,0,0,2,0,0,0
/Users/shravach/Documents/IISc/4th sem/Intelligent ui/datasets/VOC/images/test2007/005501.jpg,1,0,0,1,0,0,0
/Users/shravach/Documents/IISc/4th sem/Intelligent ui/datasets/VOC/images/test2007/005502.jpg,2,1,1,2,1,1,0
/Users/shravach/Documents/IISc/4th sem/Intelligent ui/datasets/VOC/images/test2007/005503.jpg,1,0,1,1,1,1,-1
/Users/shravach/Documents/IISc/4th sem/Intelligent ui/datasets/VOC/images/test2007/005504.jpg,1,0,0,1,0,0,0
/Users/shravach/Documents/IISc/4th sem/Intelligent ui/datasets/VOC/images/test2007/005505.jpg,1,0,1,2,0,0,1
/Users/shravach/Documents/IISc/4th sem/Intelligent ui/datasets/VOC/images/test2007/005506.jpg,4,4,0,4,2,0,2
/Users/shravach/Documents/IISc/4th sem/Intelligent ui/datasets/VOC/images/test2007/005512.jpg,2,2,0,2,0,0,2
/Users/shravach/Documents/IISc/4th sem/Intelligent ui/datasets/VOC/images/test2007/005513.jpg,2,0,0,2,0,0,0
/Users/shravach/Documents/IISc/4th sem/Intelligent ui/datasets/VOC/images/test2007/005516.jpg,1,0,0,1,1,0,-1
/Users/shravach/Documents/IISc/4th sem/Intelligent ui/datasets/VOC/images/test2007/005520.jpg,8,2,0,7,0,1,1
/Users/shravach/Documents/IISc/4th sem/Intelligent ui/datasets/VOC/images/test2007/005523.jpg,4,3,2,5,5,1,-1
/Users/shravach/Documents/IISc/4th sem/Intelligent ui/datasets/VOC/images/test2007/005525.jpg,1,2,0,1,2,0,0
/Users/shravach/Documents/IISc/4th sem/Intelligent ui/datasets/VOC/images/test2007/005528.jpg,1,0,0,1,0,0,0
/Users/shravach/Documents/IISc/4th sem/Intelligent ui/datasets/VOC/images/test2007/005529.jpg,1,1,0,1,0,0,1
/Users/shravach/Documents/IISc/4th sem/Intelligent ui/datasets/VOC/images/test2007/005532.jpg,3,2,3,6,10,0,-5
/Users/shravach/Documents/IISc/4th sem/Intelligent ui/datasets/VOC/images/test2007/005533.jpg,4,4,2,4,1,2,3
/Users/shravach/Documents/IISc/4th sem/Intelligent ui/datasets/VOC/images/test2007/005534.jpg,1,1,0,1,2,0,-1
/Users/shravach/Documents/IISc/4th sem/Intelligent ui/datasets/VOC/images/test2007/005537.jpg,1,0,0,1,0,0,0
/Users/shravach/Documents/IISc/4th sem/Intelligent ui/datasets/VOC/images/test2007/005538.jpg,2,1,0,2,0,0,1
/Users/shravach/Documents/IISc/4th sem/Intelligent ui/datasets/VOC/images/test2007/005540.jpg,2,0,2,2,1,2,-1
/Users/shravach/Documents/IISc/4th sem/Intelligent ui/datasets/VOC/images/test2007/005543.jpg,1,4,0,1,3,0,1
/Users/shravach/Documents/IISc/4th sem/Intelligent ui/datasets/VOC/images/test2007/005545.jpg,1,1,1,1,1,1,0
/Users/shravach/Documents/IISc/4th sem/Intelligent ui/datasets/VOC/images/test2007/005546.jpg,6,1,0,6,1,0,0
/Users/shravach/Documents/IISc/4th sem/Intelligent ui/datasets/VOC/images/test2007/005548.jpg,2,0,1,3,2,0,-1
/Users/shravach/Documents/IISc/4th sem/Intelligent ui/datasets/VOC/images/test2007/005551.jpg,1,2,0,1,2,0,0
/Users/shravach/Documents/IISc/4th sem/Intelligent ui/datasets/VOC/images/test2007/005553.jpg,2,0,0,2,0,0,0
/Users/shravach/Documents/IISc/4th sem/Intelligent ui/datasets/VOC/images/test2007/005555.jpg,2,3,0,2,1,0,2
/Users/shravach/Documents/IISc/4th sem/Intelligent ui/datasets/VOC/images/test2007/005556.jpg,2,2,0,2,4,0,-2
/Users/shravach/Documents/IISc/4th sem/Intelligent ui/datasets/VOC/images/test2007/005557.jpg,1,0,0,1,0,0,0
/Users/shravach/Documents/IISc/4th sem/Intelligent ui/datasets/VOC/images/test2007/005558.jpg,2,3,0,2,4,0,-1
/Users/shravach/Documents/IISc/4th sem/Intelligent ui/datasets/VOC/images/test2007/005560.jpg,2,0,0,2,0,0,0
/Users/shravach/Documents/IISc/4th sem/Intelligent ui/datasets/VOC/images/test2007/005561.jpg,2,2,1,3,3,0,0
/Users/shravach/Documents/IISc/4th sem/Intelligent ui/datasets/VOC/images/test2007/005562.jpg,1,0,0,1,0,0,0
/Users/shravach/Documents/IISc/4th sem/Intelligent ui/datasets/VOC/images/test2007/005564.jpg,1,0,0,1,0,0,0
/Users/shravach/Documents/IISc/4th sem/Intelligent ui/datasets/VOC/images/test2007/005565.jpg,0,0,1,0,0,1,0
/Users/shravach/Documents/IISc/4th sem/Intelligent ui/datasets/VOC/images/test2007/005567.jpg,1,3,2,1,1,2,2
/Users/shravach/Documents/IISc/4th sem/Intelligent ui/datasets/VOC/images/test2007/005569.jpg,1,1,0,1,0,0,1
/Users/shravach/Documents/IISc/4th sem/Intelligent ui/datasets/VOC/images/test2007/005570.jpg,9,3,0,9,2,0,1
/Users/shravach/Documents/IISc/4th sem/Intelligent ui/datasets/VOC/images/test2007/005571.jpg,1,0,0,1,2,0,-2
/Users/shravach/Documents/IISc/4th sem/Intelligent ui/datasets/VOC/images/test2007/005572.jpg,1,0,0,1,0,0,0
/Users/shravach/Documents/IISc/4th sem/Intelligent ui/datasets/VOC/images/test2007/005575.jpg,1,0,0,1,0,0,0
/Users/shravach/Documents/IISc/4th sem/Intelligent ui/datasets/VOC/images/test2007/005578.jpg,2,1,0,2,1,0,0
/Users/shravach/Documents/IISc/4th sem/Intelligent ui/datasets/VOC/images/test2007/005580.jpg,1,0,0,1,0,0,0
/Users/shravach/Documents/IISc/4th sem/Intelligent ui/datasets/VOC/images/test2007/005581.jpg,2,2,0,2,0,0,2
/Users/shravach/Documents/IISc/4th sem/Intelligent ui/datasets/VOC/images/test2007/005587.jpg,1,2,0,1,0,0,2
/Users/shravach/Documents/IISc/4th sem/Intelligent ui/datasets/VOC/images/test2007/005589.jpg,2,1,1,2,1,1,0
/Users/shravach/Documents/IISc/4th sem/Intelligent ui/datasets/VOC/images/test2007/005594.jpg,1,0,0,1,0,0,0
/Users/shravach/Documents/IISc/4th sem/Intelligent ui/datasets/VOC/images/test2007/005595.jpg,2,2,0,2,2,0,0
/Users/shravach/Documents/IISc/4th sem/Intelligent ui/datasets/VOC/images/test2007/005596.jpg,6,2,1,6,6,1,-4
/Users/shravach/Documents/IISc/4th sem/Intelligent ui/datasets/VOC/images/test2007/005597.jpg,6,5,0,6,8,0,-3
/Users/shravach/Documents/IISc/4th sem/Intelligent ui/datasets/VOC/images/test2007/005598.jpg,1,0,0,1,0,0,0
/Users/shravach/Documents/IISc/4th sem/Intelligent ui/datasets/VOC/images/test2007/005602.jpg,2,0,0,1,0,1,-1
/Users/shravach/Documents/IISc/4th sem/Intelligent ui/datasets/VOC/images/test2007/005604.jpg,2,1,1,3,1,0,1
/Users/shravach/Documents/IISc/4th sem/Intelligent ui/datasets/VOC/images/test2007/005607.jpg,1,0,0,1,0,0,0
/Users/shravach/Documents/IISc/4th sem/Intelligent ui/datasets/VOC/images/test2007/005610.jpg,2,0,0,2,0,0,0
/Users/shravach/Documents/IISc/4th sem/Intelligent ui/datasets/VOC/images/test2007/005612.jpg,3,2,1,3,1,1,1
/Users/shravach/Documents/IISc/4th sem/Intelligent ui/datasets/VOC/images/test2007/005616.jpg,1,1,1,1,1,1,0
/Users/shravach/Documents/IISc/4th sem/Intelligent ui/datasets/VOC/images/test2007/005617.jpg,1,1,1,2,0,0,2
/Users/shravach/Documents/IISc/4th sem/Intelligent ui/datasets/VOC/images/test2007/005619.jpg,1,0,0,1,0,0,0
/Users/shravach/Documents/IISc/4th sem/Intelligent ui/datasets/VOC/images/test2007/005621.jpg,0,1,2,1,0,1,2
/Users/shravach/Documents/IISc/4th sem/Intelligent ui/datasets/VOC/images/test2007/005622.jpg,9,1,2,9,4,2,-3
/Users/shravach/Documents/IISc/4th sem/Intelligent ui/datasets/VOC/images/test2007/005623.jpg,1,2,0,1,2,0,0
/Users/shravach/Documents/IISc/4th sem/Intelligent ui/datasets/VOC/images/test2007/005626.jpg,1,1,0,1,2,0,-1
/Users/shravach/Documents/IISc/4th sem/Intelligent ui/datasets/VOC/images/test2007/005627.jpg,5,6,0,5,5,0,1
/Users/shravach/Documents/IISc/4th sem/Intelligent ui/datasets/VOC/images/test2007/005628.jpg,1,3,0,1,2,0,1
/Users/shravach/Documents/IISc/4th sem/Intelligent ui/datasets/VOC/images/test2007/005632.jpg,1,0,0,1,0,0,0
/Users/shravach/Documents/IISc/4th sem/Intelligent ui/datasets/VOC/images/test2007/005633.jpg,1,2,1,1,3,1,-1
/Users/shravach/Documents/IISc/4th sem/Intelligent ui/datasets/VOC/images/test2007/005634.jpg,1,0,0,1,1,0,-1
/Users/shravach/Documents/IISc/4th sem/Intelligent ui/datasets/VOC/images/test2007/005635.jpg,5,2,1,6,6,0,-3
/Users/shravach/Documents/IISc/4th sem/Intelligent ui/datasets/VOC/images/test2007/005638.jpg,2,1,0,2,1,0,0
/Users/shravach/Documents/IISc/4th sem/Intelligent ui/datasets/VOC/images/test2007/005642.jpg,1,0,0,1,0,0,0
/Users/shravach/Documents/IISc/4th sem/Intelligent ui/datasets/VOC/images/test2007/005643.jpg,1,0,0,1,0,0,0
/Users/shravach/Documents/IISc/4th sem/Intelligent ui/datasets/VOC/images/test2007/005646.jpg,2,0,1,3,0,0,1
/Users/shravach/Documents/IISc/4th sem/Intelligent ui/datasets/VOC/images/test2007/005649.jpg,1,0,0,1,0,0,0
/Users/shravach/Documents/IISc/4th sem/Intelligent ui/datasets/VOC/images/test2007/005650.jpg,1,1,0,1,2,0,-1
/Users/shravach/Documents/IISc/4th sem/Intelligent ui/datasets/VOC/images/test2007/005651.jpg,1,1,0,1,1,0,0
/Users/shravach/Documents/IISc/4th sem/Intelligent ui/datasets/VOC/images/test2007/005656.jpg,6,7,1,6,2,1,5
/Users/shravach/Documents/IISc/4th sem/Intelligent ui/datasets/VOC/images/test2007/005659.jpg,2,0,1,3,0,0,1
/Users/shravach/Documents/IISc/4th sem/Intelligent ui/datasets/VOC/images/test2007/005661.jpg,3,1,0,3,0,0,1
/Users/shravach/Documents/IISc/4th sem/Intelligent ui/datasets/VOC/images/test2007/005663.jpg,2,0,1,3,0,0,1
/Users/shravach/Documents/IISc/4th sem/Intelligent ui/datasets/VOC/images/test2007/005665.jpg,13,3,0,9,1,4,-2
/Users/shravach/Documents/IISc/4th sem/Intelligent ui/datasets/VOC/images/test2007/005666.jpg,3,3,0,3,3,0,0
/Users/shravach/Documents/IISc/4th sem/Intelligent ui/datasets/VOC/images/test2007/005667.jpg,1,6,1,2,9,0,-2
/Users/shravach/Documents/IISc/4th sem/Intelligent ui/datasets/VOC/images/test2007/005670.jpg,2,2,3,3,2,2,1
/Users/shravach/Documents/IISc/4th sem/Intelligent ui/datasets/VOC/images/test2007/005671.jpg,1,1,0,1,0,0,1
/Users/shravach/Documents/IISc/4th sem/Intelligent ui/datasets/VOC/images/test2007/005673.jpg,6,0,2,8,1,0,1
/Users/shravach/Documents/IISc/4th sem/Intelligent ui/datasets/VOC/images/test2007/005675.jpg,2,2,0,1,3,1,-2
/Users/shravach/Documents/IISc/4th sem/Intelligent ui/datasets/VOC/images/test2007/005677.jpg,2,1,2,2,1,2,0
/Users/shravach/Documents/IISc/4th sem/Intelligent ui/datasets/VOC/images/test2007/005678.jpg,1,1,1,2,0,0,2
/Users/shravach/Documents/IISc/4th sem/Intelligent ui/datasets/VOC/images/test2007/005681.jpg,1,0,0,1,0,0,0
/Users/shravach/Documents/IISc/4th sem/Intelligent ui/datasets/VOC/images/test2007/005683.jpg,1,1,0,1,0,0,1
/Users/shravach/Documents/IISc/4th sem/Intelligent ui/datasets/VOC/images/test2007/005684.jpg,0,1,1,0,0,1,1
/Users/shravach/Documents/IISc/4th sem/Intelligent ui/datasets/VOC/images/test2007/005688.jpg,2,0,0,2,0,0,0
/Users/shravach/Documents/IISc/4th sem/Intelligent ui/datasets/VOC/images/test2007/005689.jpg,1,0,0,1,0,0,0
/Users/shravach/Documents/IISc/4th sem/Intelligent ui/datasets/VOC/images/test2007/005690.jpg,1,0,0,1,0,0,0
/Users/shravach/Documents/IISc/4th sem/Intelligent ui/datasets/VOC/images/test2007/005691.jpg,1,0,0,1,1,0,-1
/Users/shravach/Documents/IISc/4th sem/Intelligent ui/datasets/VOC/images/test2007/005692.jpg,1,0,0,1,0,0,0
/Users/shravach/Documents/IISc/4th sem/Intelligent ui/datasets/VOC/images/test2007/005694.jpg,1,0,0,1,0,0,0
/Users/shravach/Documents/IISc/4th sem/Intelligent ui/datasets/VOC/images/test2007/005698.jpg,6,5,0,6,3,0,2
/Users/shravach/Documents/IISc/4th sem/Intelligent ui/datasets/VOC/images/test2007/005703.jpg,4,2,0,4,0,0,2
/Users/shravach/Documents/IISc/4th sem/Intelligent ui/datasets/VOC/images/test2007/005706.jpg,1,0,0,1,0,0,0
/Users/shravach/Documents/IISc/4th sem/Intelligent ui/datasets/VOC/images/test2007/005707.jpg,1,2,0,1,4,0,-2
/Users/shravach/Documents/IISc/4th sem/Intelligent ui/datasets/VOC/images/test2007/005708.jpg,5,0,1,6,1,0,0
/Users/shravach/Documents/IISc/4th sem/Intelligent ui/datasets/VOC/images/test2007/005709.jpg,2,0,0,2,0,0,0
/Users/shravach/Documents/IISc/4th sem/Intelligent ui/datasets/VOC/images/test2007/005711.jpg,2,1,1,2,1,1,0
/Users/shravach/Documents/IISc/4th sem/Intelligent ui/datasets/VOC/images/test2007/005712.jpg,2,0,0,1,2,1,-3
/Users/shravach/Documents/IISc/4th sem/Intelligent ui/datasets/VOC/images/test2007/005717.jpg,10,1,0,10,2,0,-1
/Users/shravach/Documents/IISc/4th sem/Intelligent ui/datasets/VOC/images/test2007/005720.jpg,2,2,0,2,3,0,-1
/Users/shravach/Documents/IISc/4th sem/Intelligent ui/datasets/VOC/images/test2007/005721.jpg,5,0,0,5,0,0,0
/Users/shravach/Documents/IISc/4th sem/Intelligent ui/datasets/VOC/images/test2007/005722.jpg,2,0,0,2,0,0,0
/Users/shravach/Documents/IISc/4th sem/Intelligent ui/datasets/VOC/images/test2007/005724.jpg,2,0,0,2,0,0,0
/Users/shravach/Documents/IISc/4th sem/Intelligent ui/datasets/VOC/images/test2007/005725.jpg,3,1,1,3,1,1,0
/Users/shravach/Documents/IISc/4th sem/Intelligent ui/datasets/VOC/images/test2007/005726.jpg,1,1,0,1,2,0,-1
/Users/shravach/Documents/IISc/4th sem/Intelligent ui/datasets/VOC/images/test2007/005727.jpg,1,0,0,1,3,0,-3
/Users/shravach/Documents/IISc/4th sem/Intelligent ui/datasets/VOC/images/test2007/005733.jpg,2,0,0,2,0,0,0
/Users/shravach/Documents/IISc/4th sem/Intelligent ui/datasets/VOC/images/test2007/005734.jpg,1,2,1,2,0,0,3
/Users/shravach/Documents/IISc/4th sem/Intelligent ui/datasets/VOC/images/test2007/005737.jpg,1,1,0,1,2,0,-1
/Users/shravach/Documents/IISc/4th sem/Intelligent ui/datasets/VOC/images/test2007/005739.jpg,2,1,0,2,2,0,-1
/Users/shravach/Documents/IISc/4th sem/Intelligent ui/datasets/VOC/images/test2007/005744.jpg,1,0,0,1,1,0,-1
/Users/shravach/Documents/IISc/4th sem/Intelligent ui/datasets/VOC/images/test2007/005745.jpg,1,4,1,2,1,0,4
/Users/shravach/Documents/IISc/4th sem/Intelligent ui/datasets/VOC/images/test2007/005746.jpg,4,0,0,4,0,0,0
/Users/shravach/Documents/IISc/4th sem/Intelligent ui/datasets/VOC/images/test2007/005748.jpg,2,0,0,2,1,0,-1
/Users/shravach/Documents/IISc/4th sem/Intelligent ui/datasets/VOC/images/test2007/005750.jpg,1,1,1,1,1,1,0
/Users/shravach/Documents/IISc/4th sem/Intelligent ui/datasets/VOC/images/test2007/005751.jpg,1,0,0,1,0,0,0
/Users/shravach/Documents/IISc/4th sem/Intelligent ui/datasets/VOC/images/test2007/005753.jpg,3,2,1,4,1,0,2
/Users/shravach/Documents/IISc/4th sem/Intelligent ui/datasets/VOC/images/test2007/005754.jpg,5,0,1,5,1,1,-1
/Users/shravach/Documents/IISc/4th sem/Intelligent ui/datasets/VOC/images/test2007/005758.jpg,2,3,0,2,0,0,3
/Users/shravach/Documents/IISc/4th sem/Intelligent ui/datasets/VOC/images/test2007/005759.jpg,4,0,1,4,2,1,-2
/Users/shravach/Documents/IISc/4th sem/Intelligent ui/datasets/VOC/images/test2007/005763.jpg,2,1,1,1,2,2,-2
/Users/shravach/Documents/IISc/4th sem/Intelligent ui/datasets/VOC/images/test2007/005766.jpg,6,2,0,6,4,0,-2
/Users/shravach/Documents/IISc/4th sem/Intelligent ui/datasets/VOC/images/test2007/005767.jpg,1,2,1,1,1,1,1
/Users/shravach/Documents/IISc/4th sem/Intelligent ui/datasets/VOC/images/test2007/005770.jpg,1,0,0,1,0,0,0
/Users/shravach/Documents/IISc/4th sem/Intelligent ui/datasets/VOC/images/test2007/005771.jpg,4,5,0,4,10,0,-5
/Users/shravach/Documents/IISc/4th sem/Intelligent ui/datasets/VOC/images/test2007/005772.jpg,1,1,0,1,0,0,1
/Users/shravach/Documents/IISc/4th sem/Intelligent ui/datasets/VOC/images/test2007/005774.jpg,2,1,0,2,2,0,-1
/Users/shravach/Documents/IISc/4th sem/Intelligent ui/datasets/VOC/images/test2007/005775.jpg,1,0,1,2,0,0,1
/Users/shravach/Documents/IISc/4th sem/Intelligent ui/datasets/VOC/images/test2007/005776.jpg,1,0,0,1,0,0,0
/Users/shravach/Documents/IISc/4th sem/Intelligent ui/datasets/VOC/images/test2007/005777.jpg,4,0,0,4,0,0,0
/Users/shravach/Documents/IISc/4th sem/Intelligent ui/datasets/VOC/images/test2007/005778.jpg,4,1,1,5,2,0,0
/Users/shravach/Documents/IISc/4th sem/Intelligent ui/datasets/VOC/images/test2007/005785.jpg,1,0,0,1,2,0,-2
/Users/shravach/Documents/IISc/4th sem/Intelligent ui/datasets/VOC/images/test2007/005787.jpg,1,0,0,1,0,0,0
/Users/shravach/Documents/IISc/4th sem/Intelligent ui/datasets/VOC/images/test2007/005792.jpg,2,0,0,2,0,0,0
/Users/shravach/Documents/IISc/4th sem/Intelligent ui/datasets/VOC/images/test2007/005793.jpg,1,1,0,1,0,0,1
/Users/shravach/Documents/IISc/4th sem/Intelligent ui/datasets/VOC/images/test2007/005795.jpg,1,0,0,1,0,0,0
/Users/shravach/Documents/IISc/4th sem/Intelligent ui/datasets/VOC/images/test2007/005797.jpg,2,3,1,3,1,0,3
/Users/shravach/Documents/IISc/4th sem/Intelligent ui/datasets/VOC/images/test2007/005798.jpg,8,0,0,8,0,0,0
/Users/shravach/Documents/IISc/4th sem/Intelligent ui/datasets/VOC/images/test2007/005800.jpg,1,0,0,1,1,0,-1
/Users/shravach/Documents/IISc/4th sem/Intelligent ui/datasets/VOC/images/test2007/005801.jpg,1,0,0,1,0,0,0
/Users/shravach/Documents/IISc/4th sem/Intelligent ui/datasets/VOC/images/test2007/005802.jpg,1,0,0,1,0,0,0
/Users/shravach/Documents/IISc/4th sem/Intelligent ui/datasets/VOC/images/test2007/005804.jpg,5,2,0,5,1,0,1
/Users/shravach/Documents/IISc/4th sem/Intelligent ui/datasets/VOC/images/test2007/005807.jpg,1,0,0,1,0,0,0
/Users/shravach/Documents/IISc/4th sem/Intelligent ui/datasets/VOC/images/test2007/005808.jpg,3,1,0,3,2,0,-1
/Users/shravach/Documents/IISc/4th sem/Intelligent ui/datasets/VOC/images/test2007/005809.jpg,6,1,0,6,1,0,0
/Users/shravach/Documents/IISc/4th sem/Intelligent ui/datasets/VOC/images/test2007/005810.jpg,1,0,0,1,0,0,0
/Users/shravach/Documents/IISc/4th sem/Intelligent ui/datasets/VOC/images/test2007/005816.jpg,2,0,0,2,0,0,0
/Users/shravach/Documents/IISc/4th sem/Intelligent ui/datasets/VOC/images/test2007/005820.jpg,1,0,0,1,0,0,0
/Users/shravach/Documents/IISc/4th sem/Intelligent ui/datasets/VOC/images/test2007/005822.jpg,2,0,0,2,0,0,0
/Users/shravach/Documents/IISc/4th sem/Intelligent ui/datasets/VOC/images/test2007/005823.jpg,4,1,0,4,0,0,1
/Users/shravach/Documents/IISc/4th sem/Intelligent ui/datasets/VOC/images/test2007/005827.jpg,1,1,1,1,1,1,0
/Users/shravach/Documents/IISc/4th sem/Intelligent ui/datasets/VOC/images/test2007/005832.jpg,2,0,0,2,0,0,0
/Users/shravach/Documents/IISc/4th sem/Intelligent ui/datasets/VOC/images/test2007/005833.jpg,1,2,0,1,3,0,-1
/Users/shravach/Documents/IISc/4th sem/Intelligent ui/datasets/VOC/images/test2007/005834.jpg,1,0,0,1,0,0,0
/Users/shravach/Documents/IISc/4th sem/Intelligent ui/datasets/VOC/images/test2007/005835.jpg,6,1,0,6,1,0,0
/Users/shravach/Documents/IISc/4th sem/Intelligent ui/datasets/VOC/images/test2007/005837.jpg,1,0,0,1,0,0,0
/Users/shravach/Documents/IISc/4th sem/Intelligent ui/datasets/VOC/images/test2007/005842.jpg,4,0,1,5,1,0,0
/Users/shravach/Documents/IISc/4th sem/Intelligent ui/datasets/VOC/images/test2007/005844.jpg,2,5,3,4,1,1,6
/Users/shravach/Documents/IISc/4th sem/Intelligent ui/datasets/VOC/images/test2007/005846.jpg,1,0,0,1,0,0,0
/Users/shravach/Documents/IISc/4th sem/Intelligent ui/datasets/VOC/images/test2007/005847.jpg,1,0,1,1,0,1,0
/Users/shravach/Documents/IISc/4th sem/Intelligent ui/datasets/VOC/images/test2007/005848.jpg,2,0,0,2,0,0,0
/Users/shravach/Documents/IISc/4th sem/Intelligent ui/datasets/VOC/images/test2007/005849.jpg,3,4,2,3,6,2,-2
/Users/shravach/Documents/IISc/4th sem/Intelligent ui/datasets/VOC/images/test2007/005855.jpg,1,2,0,1,1,0,1
/Users/shravach/Documents/IISc/4th sem/Intelligent ui/datasets/VOC/images/test2007/005857.jpg,2,0,0,2,0,0,0
/Users/shravach/Documents/IISc/4th sem/Intelligent ui/datasets/VOC/images/test2007/005858.jpg,5,1,0,5,1,0,0
/Users/shravach/Documents/IISc/4th sem/Intelligent ui/datasets/VOC/images/test2007/005862.jpg,2,0,0,2,0,0,0
/Users/shravach/Documents/IISc/4th sem/Intelligent ui/datasets/VOC/images/test2007/005865.jpg,7,3,0,7,1,0,2
/Users/shravach/Documents/IISc/4th sem/Intelligent ui/datasets/VOC/images/test2007/005866.jpg,0,1,5,3,1,2,3
/Users/shravach/Documents/IISc/4th sem/Intelligent ui/datasets/VOC/images/test2007/005869.jpg,3,2,0,3,3,0,-1
/Users/shravach/Documents/IISc/4th sem/Intelligent ui/datasets/VOC/images/test2007/005870.jpg,2,1,2,4,1,0,2
/Users/shravach/Documents/IISc/4th sem/Intelligent ui/datasets/VOC/images/test2007/005871.jpg,0,1,1,1,0,0,2
/Users/shravach/Documents/IISc/4th sem/Intelligent ui/datasets/VOC/images/test2007/005872.jpg,1,1,0,1,1,0,0
/Users/shravach/Documents/IISc/4th sem/Intelligent ui/datasets/VOC/images/test2007/005876.jpg,1,0,0,1,0,0,0
/Users/shravach/Documents/IISc/4th sem/Intelligent ui/datasets/VOC/images/test2007/005880.jpg,0,1,1,0,0,1,1
/Users/shravach/Documents/IISc/4th sem/Intelligent ui/datasets/VOC/images/test2007/005882.jpg,3,3,0,3,2,0,1
/Users/shravach/Documents/IISc/4th sem/Intelligent ui/datasets/VOC/images/test2007/005883.jpg,2,5,5,6,6,1,3
/Users/shravach/Documents/IISc/4th sem/Intelligent ui/datasets/VOC/images/test2007/005886.jpg,1,0,0,1,0,0,0
/Users/shravach/Documents/IISc/4th sem/Intelligent ui/datasets/VOC/images/test2007/005887.jpg,2,0,0,2,0,0,0
/Users/shravach/Documents/IISc/4th sem/Intelligent ui/datasets/VOC/images/test2007/005890.jpg,2,0,0,2,1,0,-1
/Users/shravach/Documents/IISc/4th sem/Intelligent ui/datasets/VOC/images/test2007/005891.jpg,0,2,1,0,1,1,1
/Users/shravach/Documents/IISc/4th sem/Intelligent ui/datasets/VOC/images/test2007/005892.jpg,1,0,0,1,1,0,-1
/Users/shravach/Documents/IISc/4th sem/Intelligent ui/datasets/VOC/images/test2007/005896.jpg,1,0,0,1,0,0,0
/Users/shravach/Documents/IISc/4th sem/Intelligent ui/datasets/VOC/images/test2007/005898.jpg,6,5,2,7,3,1,3
/Users/shravach/Documents/IISc/4th sem/Intelligent ui/datasets/VOC/images/test2007/005900.jpg,6,0,0,6,0,0,0
/Users/shravach/Documents/IISc/4th sem/Intelligent ui/datasets/VOC/images/test2007/005902.jpg,3,0,0,3,0,0,0
/Users/shravach/Documents/IISc/4th sem/Intelligent ui/datasets/VOC/images/test2007/005904.jpg,1,0,0,1,0,0,0
/Users/shravach/Documents/IISc/4th sem/Intelligent ui/datasets/VOC/images/test2007/005907.jpg,5,5,2,6,2,1,4
/Users/shravach/Documents/IISc/4th sem/Intelligent ui/datasets/VOC/images/test2007/005913.jpg,1,0,0,1,1,0,-1
/Users/shravach/Documents/IISc/4th sem/Intelligent ui/datasets/VOC/images/test2007/005915.jpg,2,0,0,2,0,0,0
/Users/shravach/Documents/IISc/4th sem/Intelligent ui/datasets/VOC/images/test2007/005916.jpg,3,0,0,3,0,0,0
/Users/shravach/Documents/IISc/4th sem/Intelligent ui/datasets/VOC/images/test2007/005921.jpg,6,3,0,5,2,1,0
/Users/shravach/Documents/IISc/4th sem/Intelligent ui/datasets/VOC/images/test2007/005922.jpg,4,0,0,4,0,0,0
/Users/shravach/Documents/IISc/4th sem/Intelligent ui/datasets/VOC/images/test2007/005924.jpg,2,2,0,2,2,0,0
/Users/shravach/Documents/IISc/4th sem/Intelligent ui/datasets/VOC/images/test2007/005925.jpg,4,0,0,4,0,0,0
/Users/shravach/Documents/IISc/4th sem/Intelligent ui/datasets/VOC/images/test2007/005926.jpg,2,1,1,2,0,1,1
/Users/shravach/Documents/IISc/4th sem/Intelligent ui/datasets/VOC/images/test2007/005927.jpg,1,0,0,1,0,0,0
/Users/shravach/Documents/IISc/4th sem/Intelligent ui/datasets/VOC/images/test2007/005929.jpg,1,0,0,1,0,0,0
/Users/shravach/Documents/IISc/4th sem/Intelligent ui/datasets/VOC/images/test2007/005931.jpg,7,0,0,7,0,0,0
/Users/shravach/Documents/IISc/4th sem/Intelligent ui/datasets/VOC/images/test2007/005932.jpg,1,2,0,1,1,0,1
/Users/shravach/Documents/IISc/4th sem/Intelligent ui/datasets/VOC/images/test2007/005933.jpg,1,0,0,1,0,0,0
/Users/shravach/Documents/IISc/4th sem/Intelligent ui/datasets/VOC/images/test2007/005934.jpg,0,1,1,1,0,0,2
/Users/shravach/Documents/IISc/4th sem/Intelligent ui/datasets/VOC/images/test2007/005935.jpg,1,2,0,1,2,0,0
/Users/shravach/Documents/IISc/4th sem/Intelligent ui/datasets/VOC/images/test2007/005936.jpg,1,0,1,2,0,0,1
/Users/shravach/Documents/IISc/4th sem/Intelligent ui/datasets/VOC/images/test2007/005937.jpg,4,2,1,4,2,1,0
/Users/shravach/Documents/IISc/4th sem/Intelligent ui/datasets/VOC/images/test2007/005939.jpg,1,1,0,1,0,0,1
/Users/shravach/Documents/IISc/4th sem/Intelligent ui/datasets/VOC/images/test2007/005941.jpg,3,2,1,4,1,0,2
/Users/shravach/Documents/IISc/4th sem/Intelligent ui/datasets/VOC/images/test2007/005942.jpg,2,0,0,2,0,0,0
/Users/shravach/Documents/IISc/4th sem/Intelligent ui/datasets/VOC/images/test2007/005943.jpg,3,0,0,3,0,0,0
/Users/shravach/Documents/IISc/4th sem/Intelligent ui/datasets/VOC/images/test2007/005944.jpg,2,0,0,2,0,0,0
/Users/shravach/Documents/IISc/4th sem/Intelligent ui/datasets/VOC/images/test2007/005945.jpg,3,0,0,3,0,0,0
/Users/shravach/Documents/IISc/4th sem/Intelligent ui/datasets/VOC/images/test2007/005946.jpg,1,0,0,1,0,0,0
/Users/shravach/Documents/IISc/4th sem/Intelligent ui/datasets/VOC/images/test2007/005949.jpg,1,0,0,1,0,0,0
/Users/shravach/Documents/IISc/4th sem/Intelligent ui/datasets/VOC/images/test2007/005950.jpg,2,3,0,2,1,0,2
/Users/shravach/Documents/IISc/4th sem/Intelligent ui/datasets/VOC/images/test2007/005953.jpg,1,0,0,1,1,0,-1
/Users/shravach/Documents/IISc/4th sem/Intelligent ui/datasets/VOC/images/test2007/005955.jpg,1,0,0,0,2,1,-3
/Users/shravach/Documents/IISc/4th sem/Intelligent ui/datasets/VOC/images/test2007/005957.jpg,1,0,0,1,0,0,0
/Users/shravach/Documents/IISc/4th sem/Intelligent ui/datasets/VOC/images/test2007/005958.jpg,2,0,0,2,0,0,0
/Users/shravach/Documents/IISc/4th sem/Intelligent ui/datasets/VOC/images/test2007/005959.jpg,1,0,1,1,1,1,-1
/Users/shravach/Documents/IISc/4th sem/Intelligent ui/datasets/VOC/images/test2007/005962.jpg,1,0,0,1,0,0,0
/Users/shravach/Documents/IISc/4th sem/Intelligent ui/datasets/VOC/images/test2007/005965.jpg,1,0,0,1,0,0,0
/Users/shravach/Documents/IISc/4th sem/Intelligent ui/datasets/VOC/images/test2007/005966.jpg,2,0,0,2,0,0,0
/Users/shravach/Documents/IISc/4th sem/Intelligent ui/datasets/VOC/images/test2007/005967.jpg,2,0,0,2,0,0,0
/Users/shravach/Documents/IISc/4th sem/Intelligent ui/datasets/VOC/images/test2007/005969.jpg,1,0,0,1,2,0,-2
/Users/shravach/Documents/IISc/4th sem/Intelligent ui/datasets/VOC/images/test2007/005972.jpg,1,2,0,1,0,0,2
/Users/shravach/Documents/IISc/4th sem/Intelligent ui/datasets/VOC/images/test2007/005973.jpg,2,1,0,2,0,0,1
/Users/shravach/Documents/IISc/4th sem/Intelligent ui/datasets/VOC/images/test2007/005974.jpg,1,0,0,1,0,0,0
/Users/shravach/Documents/IISc/4th sem/Intelligent ui/datasets/VOC/images/test2007/005976.jpg,2,2,1,2,1,1,1
/Users/shravach/Documents/IISc/4th sem/Intelligent ui/datasets/VOC/images/test2007/005977.jpg,1,1,1,2,4,0,-2
/Users/shravach/Documents/IISc/4th sem/Intelligent ui/datasets/VOC/images/test2007/005978.jpg,1,0,0,1,0,0,0
/Users/shravach/Documents/IISc/4th sem/Intelligent ui/datasets/VOC/images/test2007/005982.jpg,4,3,2,5,2,1,2
/Users/shravach/Documents/IISc/4th sem/Intelligent ui/datasets/VOC/images/test2007/005986.jpg,1,0,0,1,0,0,0
/Users/shravach/Documents/IISc/4th sem/Intelligent ui/datasets/VOC/images/test2007/005987.jpg,1,0,0,1,0,0,0
/Users/shravach/Documents/IISc/4th sem/Intelligent ui/datasets/VOC/images/test2007/005993.jpg,1,0,0,1,1,0,-1
/Users/shravach/Documents/IISc/4th sem/Intelligent ui/datasets/VOC/images/test2007/005994.jpg,1,2,0,1,4,0,-2
/Users/shravach/Documents/IISc/4th sem/Intelligent ui/datasets/VOC/images/test2007/005997.jpg,1,0,1,2,0,0,1
/Users/shravach/Documents/IISc/4th sem/Intelligent ui/datasets/VOC/images/test2007/005999.jpg,1,1,0,1,1,0,0
/Users/shravach/Documents/IISc/4th sem/Intelligent ui/datasets/VOC/images/test2007/006002.jpg,1,0,1,1,1,1,-1
/Users/shravach/Documents/IISc/4th sem/Intelligent ui/datasets/VOC/images/test2007/006003.jpg,2,2,0,2,0,0,2
/Users/shravach/Documents/IISc/4th sem/Intelligent ui/datasets/VOC/images/test2007/006006.jpg,1,0,0,1,0,0,0
/Users/shravach/Documents/IISc/4th sem/Intelligent ui/datasets/VOC/images/test2007/006007.jpg,1,0,0,1,0,0,0
/Users/shravach/Documents/IISc/4th sem/Intelligent ui/datasets/VOC/images/test2007/006008.jpg,1,0,0,1,0,0,0
/Users/shravach/Documents/IISc/4th sem/Intelligent ui/datasets/VOC/images/test2007/006010.jpg,6,1,0,6,5,0,-4
/Users/shravach/Documents/IISc/4th sem/Intelligent ui/datasets/VOC/images/test2007/006013.jpg,1,0,1,2,0,0,1
/Users/shravach/Documents/IISc/4th sem/Intelligent ui/datasets/VOC/images/test2007/006014.jpg,1,2,0,1,0,0,2
/Users/shravach/Documents/IISc/4th sem/Intelligent ui/datasets/VOC/images/test2007/006015.jpg,0,2,1,1,1,0,2
/Users/shravach/Documents/IISc/4th sem/Intelligent ui/datasets/VOC/images/test2007/006016.jpg,3,0,0,3,2,0,-2
/Users/shravach/Documents/IISc/4th sem/Intelligent ui/datasets/VOC/images/test2007/006017.jpg,3,0,0,3,1,0,-1
/Users/shravach/Documents/IISc/4th sem/Intelligent ui/datasets/VOC/images/test2007/006019.jpg,1,0,0,1,0,0,0
/Users/shravach/Documents/IISc/4th sem/Intelligent ui/datasets/VOC/images/test2007/006021.jpg,1,0,0,1,0,0,0
/Users/shravach/Documents/IISc/4th sem/Intelligent ui/datasets/VOC/images/test2007/006022.jpg,1,1,1,1,0,1,1
/Users/shravach/Documents/IISc/4th sem/Intelligent ui/datasets/VOC/images/test2007/006024.jpg,2,0,0,2,0,0,0
/Users/shravach/Documents/IISc/4th sem/Intelligent ui/datasets/VOC/images/test2007/006031.jpg,1,0,0,1,0,0,0
/Users/shravach/Documents/IISc/4th sem/Intelligent ui/datasets/VOC/images/test2007/006032.jpg,8,1,0,8,0,0,1
/Users/shravach/Documents/IISc/4th sem/Intelligent ui/datasets/VOC/images/test2007/006034.jpg,1,0,0,1,0,0,0
/Users/shravach/Documents/IISc/4th sem/Intelligent ui/datasets/VOC/images/test2007/006036.jpg,2,1,0,2,0,0,1
/Users/shravach/Documents/IISc/4th sem/Intelligent ui/datasets/VOC/images/test2007/006037.jpg,1,0,0,1,0,0,0
/Users/shravach/Documents/IISc/4th sem/Intelligent ui/datasets/VOC/images/test2007/006039.jpg,1,0,0,1,0,0,0
/Users/shravach/Documents/IISc/4th sem/Intelligent ui/datasets/VOC/images/test2007/006040.jpg,5,1,0,5,1,0,0
/Users/shravach/Documents/IISc/4th sem/Intelligent ui/datasets/VOC/images/test2007/006044.jpg,1,0,0,1,0,0,0
/Users/shravach/Documents/IISc/4th sem/Intelligent ui/datasets/VOC/images/test2007/006047.jpg,3,1,0,3,1,0,0
/Users/shravach/Documents/IISc/4th sem/Intelligent ui/datasets/VOC/images/test2007/006048.jpg,1,0,1,1,0,1,0
/Users/shravach/Documents/IISc/4th sem/Intelligent ui/datasets/VOC/images/test2007/006049.jpg,0,1,4,2,2,2,1
/Users/shravach/Documents/IISc/4th sem/Intelligent ui/datasets/VOC/images/test2007/006050.jpg,2,1,1,2,0,1,1
/Users/shravach/Documents/IISc/4th sem/Intelligent ui/datasets/VOC/images/test2007/006051.jpg,6,4,0,6,6,0,-2
/Users/shravach/Documents/IISc/4th sem/Intelligent ui/datasets/VOC/images/test2007/006052.jpg,1,0,0,1,0,0,0
/Users/shravach/Documents/IISc/4th sem/Intelligent ui/datasets/VOC/images/test2007/006053.jpg,1,0,0,1,0,0,0
/Users/shravach/Documents/IISc/4th sem/Intelligent ui/datasets/VOC/images/test2007/006054.jpg,2,0,2,4,2,0,0
/Users/shravach/Documents/IISc/4th sem/Intelligent ui/datasets/VOC/images/test2007/006056.jpg,3,0,1,4,3,0,-2
/Users/shravach/Documents/IISc/4th sem/Intelligent ui/datasets/VOC/images/test2007/006057.jpg,5,0,0,5,1,0,-1
/Users/shravach/Documents/IISc/4th sem/Intelligent ui/datasets/VOC/images/test2007/006059.jpg,2,0,0,2,0,0,0
/Users/shravach/Documents/IISc/4th sem/Intelligent ui/datasets/VOC/images/test2007/006060.jpg,2,0,0,2,2,0,-2
/Users/shravach/Documents/IISc/4th sem/Intelligent ui/datasets/VOC/images/test2007/006063.jpg,1,0,0,1,0,0,0
/Users/shravach/Documents/IISc/4th sem/Intelligent ui/datasets/VOC/images/test2007/006064.jpg,1,0,0,1,0,0,0
/Users/shravach/Documents/IISc/4th sem/Intelligent ui/datasets/VOC/images/test2007/006068.jpg,1,2,0,1,1,0,1
/Users/shravach/Documents/IISc/4th sem/Intelligent ui/datasets/VOC/images/test2007/006072.jpg,2,0,0,2,0,0,0
/Users/shravach/Documents/IISc/4th sem/Intelligent ui/datasets/VOC/images/test2007/006075.jpg,1,0,0,1,0,0,0
/Users/shravach/Documents/IISc/4th sem/Intelligent ui/datasets/VOC/images/test2007/006076.jpg,1,0,1,1,0,1,0
/Users/shravach/Documents/IISc/4th sem/Intelligent ui/datasets/VOC/images/test2007/006077.jpg,1,1,0,1,0,0,1
/Users/shravach/Documents/IISc/4th sem/Intelligent ui/datasets/VOC/images/test2007/006080.jpg,1,0,0,1,0,0,0
/Users/shravach/Documents/IISc/4th sem/Intelligent ui/datasets/VOC/images/test2007/006081.jpg,3,1,0,3,0,0,1
/Users/shravach/Documents/IISc/4th sem/Intelligent ui/datasets/VOC/images/test2007/006082.jpg,2,0,1,3,0,0,1
/Users/shravach/Documents/IISc/4th sem/Intelligent ui/datasets/VOC/images/test2007/006083.jpg,2,2,0,2,1,0,1
/Users/shravach/Documents/IISc/4th sem/Intelligent ui/datasets/VOC/images/test2007/006085.jpg,3,2,0,3,3,0,-1
/Users/shravach/Documents/IISc/4th sem/Intelligent ui/datasets/VOC/images/test2007/006086.jpg,1,2,0,1,1,0,1
/Users/shravach/Documents/IISc/4th sem/Intelligent ui/datasets/VOC/images/test2007/006087.jpg,1,0,0,1,0,0,0
/Users/shravach/Documents/IISc/4th sem/Intelligent ui/datasets/VOC/images/test2007/006090.jpg,1,2,0,1,0,0,2
/Users/shravach/Documents/IISc/4th sem/Intelligent ui/datasets/VOC/images/test2007/006092.jpg,2,3,0,2,1,0,2
/Users/shravach/Documents/IISc/4th sem/Intelligent ui/datasets/VOC/images/test2007/006093.jpg,4,2,1,4,2,1,0
/Users/shravach/Documents/IISc/4th sem/Intelligent ui/datasets/VOC/images/test2007/006094.jpg,0,1,2,0,1,2,0
/Users/shravach/Documents/IISc/4th sem/Intelligent ui/datasets/VOC/images/test2007/006099.jpg,1,0,0,1,0,0,0
/Users/shravach/Documents/IISc/4th sem/Intelligent ui/datasets/VOC/images/test2007/006101.jpg,3,1,0,3,0,0,1
/Users/shravach/Documents/IISc/4th sem/Intelligent ui/datasets/VOC/images/test2007/006102.jpg,1,0,0,1,0,0,0
/Users/shravach/Documents/IISc/4th sem/Intelligent ui/datasets/VOC/images/test2007/006106.jpg,2,0,0,2,0,0,0
/Users/shravach/Documents/IISc/4th sem/Intelligent ui/datasets/VOC/images/test2007/006109.jpg,1,0,0,1,0,0,0
/Users/shravach/Documents/IISc/4th sem/Intelligent ui/datasets/VOC/images/test2007/006110.jpg,1,1,1,1,1,1,0
/Users/shravach/Documents/IISc/4th sem/Intelligent ui/datasets/VOC/images/test2007/006112.jpg,1,0,0,1,0,0,0
/Users/shravach/Documents/IISc/4th sem/Intelligent ui/datasets/VOC/images/test2007/006113.jpg,4,3,0,4,2,0,1
/Users/shravach/Documents/IISc/4th sem/Intelligent ui/datasets/VOC/images/test2007/006114.jpg,1,1,0,1,0,0,1
/Users/shravach/Documents/IISc/4th sem/Intelligent ui/datasets/VOC/images/test2007/006115.jpg,3,2,0,2,0,1,1
/Users/shravach/Documents/IISc/4th sem/Intelligent ui/datasets/VOC/images/test2007/006116.jpg,1,0,0,1,0,0,0
/Users/shravach/Documents/IISc/4th sem/Intelligent ui/datasets/VOC/images/test2007/006118.jpg,2,0,0,2,0,0,0
/Users/shravach/Documents/IISc/4th sem/Intelligent ui/datasets/VOC/images/test2007/006119.jpg,2,0,0,2,0,0,0
/Users/shravach/Documents/IISc/4th sem/Intelligent ui/datasets/VOC/images/test2007/006121.jpg,3,0,0,3,0,0,0
/Users/shravach/Documents/IISc/4th sem/Intelligent ui/datasets/VOC/images/test2007/006122.jpg,3,0,0,3,1,0,-1
/Users/shravach/Documents/IISc/4th sem/Intelligent ui/datasets/VOC/images/test2007/006126.jpg,2,1,1,3,0,0,2
/Users/shravach/Documents/IISc/4th sem/Intelligent ui/datasets/VOC/images/test2007/006127.jpg,1,0,0,1,0,0,0
/Users/shravach/Documents/IISc/4th sem/Intelligent ui/datasets/VOC/images/test2007/006132.jpg,1,1,1,2,0,0,2
/Users/shravach/Documents/IISc/4th sem/Intelligent ui/datasets/VOC/images/test2007/006137.jpg,2,0,1,2,0,1,0
/Users/shravach/Documents/IISc/4th sem/Intelligent ui/datasets/VOC/images/test2007/006138.jpg,1,0,0,1,0,0,0
/Users/shravach/Documents/IISc/4th sem/Intelligent ui/datasets/VOC/images/test2007/006142.jpg,2,1,4,4,3,2,0
/Users/shravach/Documents/IISc/4th sem/Intelligent ui/datasets/VOC/images/test2007/006143.jpg,2,0,0,2,0,0,0
/Users/shravach/Documents/IISc/4th sem/Intelligent ui/datasets/VOC/images/test2007/006144.jpg,2,0,0,2,1,0,-1
/Users/shravach/Documents/IISc/4th sem/Intelligent ui/datasets/VOC/images/test2007/006145.jpg,6,2,2,6,3,2,-1
/Users/shravach/Documents/IISc/4th sem/Intelligent ui/datasets/VOC/images/test2007/006147.jpg,2,1,0,2,0,0,1
/Users/shravach/Documents/IISc/4th sem/Intelligent ui/datasets/VOC/images/test2007/006149.jpg,0,1,1,1,0,0,2
/Users/shravach/Documents/IISc/4th sem/Intelligent ui/datasets/VOC/images/test2007/006152.jpg,4,3,3,5,2,2,2
/Users/shravach/Documents/IISc/4th sem/Intelligent ui/datasets/VOC/images/test2007/006154.jpg,1,0,0,1,0,0,0
/Users/shravach/Documents/IISc/4th sem/Intelligent ui/datasets/VOC/images/test2007/006155.jpg,7,2,1,6,5,2,-4
/Users/shravach/Documents/IISc/4th sem/Intelligent ui/datasets/VOC/images/test2007/006157.jpg,2,2,0,2,0,0,2
/Users/shravach/Documents/IISc/4th sem/Intelligent ui/datasets/VOC/images/test2007/006160.jpg,1,0,0,1,0,0,0
/Users/shravach/Documents/IISc/4th sem/Intelligent ui/datasets/VOC/images/test2007/006164.jpg,1,1,0,1,1,0,0
/Users/shravach/Documents/IISc/4th sem/Intelligent ui/datasets/VOC/images/test2007/006165.jpg,2,0,0,2,0,0,0
/Users/shravach/Documents/IISc/4th sem/Intelligent ui/datasets/VOC/images/test2007/006167.jpg,3,1,0,3,0,0,1
/Users/shravach/Documents/IISc/4th sem/Intelligent ui/datasets/VOC/images/test2007/006168.jpg,1,0,0,1,0,0,0
/Users/shravach/Documents/IISc/4th sem/Intelligent ui/datasets/VOC/images/test2007/006169.jpg,5,1,0,5,1,0,0
/Users/shravach/Documents/IISc/4th sem/Intelligent ui/datasets/VOC/images/test2007/006173.jpg,7,0,0,7,1,0,-1
/Users/shravach/Documents/IISc/4th sem/Intelligent ui/datasets/VOC/images/test2007/006178.jpg,8,1,0,8,0,0,1
/Users/shravach/Documents/IISc/4th sem/Intelligent ui/datasets/VOC/images/test2007/006182.jpg,2,0,0,2,0,0,0
/Users/shravach/Documents/IISc/4th sem/Intelligent ui/datasets/VOC/images/test2007/006186.jpg,1,0,0,1,0,0,0
/Users/shravach/Documents/IISc/4th sem/Intelligent ui/datasets/VOC/images/test2007/006191.jpg,1,0,0,1,0,0,0
/Users/shravach/Documents/IISc/4th sem/Intelligent ui/datasets/VOC/images/test2007/006192.jpg,2,0,0,2,0,0,0
/Users/shravach/Documents/IISc/4th sem/Intelligent ui/datasets/VOC/images/test2007/006193.jpg,5,2,0,5,1,0,1
/Users/shravach/Documents/IISc/4th sem/Intelligent ui/datasets/VOC/images/test2007/006194.jpg,1,0,0,1,0,0,0
/Users/shravach/Documents/IISc/4th sem/Intelligent ui/datasets/VOC/images/test2007/006195.jpg,7,1,0,5,2,2,-3
/Users/shravach/Documents/IISc/4th sem/Intelligent ui/datasets/VOC/images/test2007/006197.jpg,1,0,0,1,0,0,0
/Users/shravach/Documents/IISc/4th sem/Intelligent ui/datasets/VOC/images/test2007/006199.jpg,2,0,0,2,0,0,0
/Users/shravach/Documents/IISc/4th sem/Intelligent ui/datasets/VOC/images/test2007/006200.jpg,2,0,1,3,0,0,1
/Users/shravach/Documents/IISc/4th sem/Intelligent ui/datasets/VOC/images/test2007/006204.jpg,1,1,0,0,1,1,-1
/Users/shravach/Documents/IISc/4th sem/Intelligent ui/datasets/VOC/images/test2007/006205.jpg,2,1,0,2,2,0,-1
/Users/shravach/Documents/IISc/4th sem/Intelligent ui/datasets/VOC/images/test2007/006207.jpg,2,0,0,2,0,0,0
/Users/shravach/Documents/IISc/4th sem/Intelligent ui/datasets/VOC/images/test2007/006211.jpg,1,0,0,1,0,0,0
/Users/shravach/Documents/IISc/4th sem/Intelligent ui/datasets/VOC/images/test2007/006213.jpg,4,1,0,4,1,0,0
/Users/shravach/Documents/IISc/4th sem/Intelligent ui/datasets/VOC/images/test2007/006217.jpg,5,3,3,7,4,1,1
/Users/shravach/Documents/IISc/4th sem/Intelligent ui/datasets/VOC/images/test2007/006226.jpg,12,5,2,12,8,2,-3
/Users/shravach/Documents/IISc/4th sem/Intelligent ui/datasets/VOC/images/test2007/006227.jpg,0,1,1,1,0,0,2
/Users/shravach/Documents/IISc/4th sem/Intelligent ui/datasets/VOC/images/test2007/006228.jpg,1,1,0,1,1,0,0
/Users/shravach/Documents/IISc/4th sem/Intelligent ui/datasets/VOC/images/test2007/006231.jpg,0,0,1,0,0,1,0
/Users/shravach/Documents/IISc/4th sem/Intelligent ui/datasets/VOC/images/test2007/006232.jpg,1,1,0,1,0,0,1
/Users/shravach/Documents/IISc/4th sem/Intelligent ui/datasets/VOC/images/test2007/006237.jpg,2,0,0,2,0,0,0
/Users/shravach/Documents/IISc/4th sem/Intelligent ui/datasets/VOC/images/test2007/006239.jpg,1,2,2,2,2,1,1
/Users/shravach/Documents/IISc/4th sem/Intelligent ui/datasets/VOC/images/test2007/006242.jpg,4,0,0,4,0,0,0
/Users/shravach/Documents/IISc/4th sem/Intelligent ui/datasets/VOC/images/test2007/006244.jpg,1,0,0,1,0,0,0
/Users/shravach/Documents/IISc/4th sem/Intelligent ui/datasets/VOC/images/test2007/006245.jpg,1,0,0,1,0,0,0
/Users/shravach/Documents/IISc/4th sem/Intelligent ui/datasets/VOC/images/test2007/006246.jpg,0,1,1,1,0,0,2
/Users/shravach/Documents/IISc/4th sem/Intelligent ui/datasets/VOC/images/test2007/006248.jpg,5,1,1,5,2,1,-1
/Users/shravach/Documents/IISc/4th sem/Intelligent ui/datasets/VOC/images/test2007/006253.jpg,2,1,0,2,0,0,1
/Users/shravach/Documents/IISc/4th sem/Intelligent ui/datasets/VOC/images/test2007/006255.jpg,1,0,0,1,0,0,0
/Users/shravach/Documents/IISc/4th sem/Intelligent ui/datasets/VOC/images/test2007/006256.jpg,2,0,0,2,0,0,0
/Users/shravach/Documents/IISc/4th sem/Intelligent ui/datasets/VOC/images/test2007/006257.jpg,1,1,2,3,2,0,1
/Users/shravach/Documents/IISc/4th sem/Intelligent ui/datasets/VOC/images/test2007/006263.jpg,1,0,0,1,0,0,0
/Users/shravach/Documents/IISc/4th sem/Intelligent ui/datasets/VOC/images/test2007/006265.jpg,1,0,0,1,0,0,0
/Users/shravach/Documents/IISc/4th sem/Intelligent ui/datasets/VOC/images/test2007/006266.jpg,5,1,0,5,0,0,1
/Users/shravach/Documents/IISc/4th sem/Intelligent ui/datasets/VOC/images/test2007/006268.jpg,1,0,0,1,0,0,0
/Users/shravach/Documents/IISc/4th sem/Intelligent ui/datasets/VOC/images/test2007/006271.jpg,1,2,0,1,2,0,0
/Users/shravach/Documents/IISc/4th sem/Intelligent ui/datasets/VOC/images/test2007/006273.jpg,2,1,0,2,1,0,0
/Users/shravach/Documents/IISc/4th sem/Intelligent ui/datasets/VOC/images/test2007/006274.jpg,4,6,2,5,6,1,1
/Users/shravach/Documents/IISc/4th sem/Intelligent ui/datasets/VOC/images/test2007/006278.jpg,1,0,0,1,0,0,0
/Users/shravach/Documents/IISc/4th sem/Intelligent ui/datasets/VOC/images/test2007/006280.jpg,1,0,0,1,0,0,0
/Users/shravach/Documents/IISc/4th sem/Intelligent ui/datasets/VOC/images/test2007/006283.jpg,2,0,0,2,0,0,0
/Users/shravach/Documents/IISc/4th sem/Intelligent ui/datasets/VOC/images/test2007/006287.jpg,2,0,0,2,0,0,0
/Users/shravach/Documents/IISc/4th sem/Intelligent ui/datasets/VOC/images/test2007/006288.jpg,2,2,1,3,4,0,-1
/Users/shravach/Documents/IISc/4th sem/Intelligent ui/datasets/VOC/images/test2007/006292.jpg,4,1,0,4,1,0,0
/Users/shravach/Documents/IISc/4th sem/Intelligent ui/datasets/VOC/images/test2007/006293.jpg,1,0,0,1,1,0,-1
/Users/shravach/Documents/IISc/4th sem/Intelligent ui/datasets/VOC/images/test2007/006294.jpg,1,0,0,1,0,0,0
/Users/shravach/Documents/IISc/4th sem/Intelligent ui/datasets/VOC/images/test2007/006297.jpg,3,0,0,3,1,0,-1
/Users/shravach/Documents/IISc/4th sem/Intelligent ui/datasets/VOC/images/test2007/006298.jpg,1,0,0,1,0,0,0
/Users/shravach/Documents/IISc/4th sem/Intelligent ui/datasets/VOC/images/test2007/006302.jpg,2,3,0,2,2,0,1
/Users/shravach/Documents/IISc/4th sem/Intelligent ui/datasets/VOC/images/test2007/006303.jpg,0,2,2,1,3,1,0
/Users/shravach/Documents/IISc/4th sem/Intelligent ui/datasets/VOC/images/test2007/006307.jpg,2,2,3,3,3,2,0
/Users/shravach/Documents/IISc/4th sem/Intelligent ui/datasets/VOC/images/test2007/006308.jpg,1,1,1,2,1,0,1
/Users/shravach/Documents/IISc/4th sem/Intelligent ui/datasets/VOC/images/test2007/006310.jpg,1,0,0,1,0,0,0
/Users/shravach/Documents/IISc/4th sem/Intelligent ui/datasets/VOC/images/test2007/006311.jpg,0,2,2,1,3,1,0
/Users/shravach/Documents/IISc/4th sem/Intelligent ui/datasets/VOC/images/test2007/006312.jpg,1,0,1,2,2,0,-1
/Users/shravach/Documents/IISc/4th sem/Intelligent ui/datasets/VOC/images/test2007/006313.jpg,4,4,1,4,3,1,1
/Users/shravach/Documents/IISc/4th sem/Intelligent ui/datasets/VOC/images/test2007/006315.jpg,0,1,1,1,0,0,2
/Users/shravach/Documents/IISc/4th sem/Intelligent ui/datasets/VOC/images/test2007/006316.jpg,3,0,0,3,0,0,0
/Users/shravach/Documents/IISc/4th sem/Intelligent ui/datasets/VOC/images/test2007/006317.jpg,3,0,0,3,1,0,-1
/Users/shravach/Documents/IISc/4th sem/Intelligent ui/datasets/VOC/images/test2007/006322.jpg,1,0,0,1,0,0,0
/Users/shravach/Documents/IISc/4th sem/Intelligent ui/datasets/VOC/images/test2007/006324.jpg,2,1,0,2,0,0,1
/Users/shravach/Documents/IISc/4th sem/Intelligent ui/datasets/VOC/images/test2007/006326.jpg,2,0,0,2,0,0,0
/Users/shravach/Documents/IISc/4th sem/Intelligent ui/datasets/VOC/images/test2007/006327.jpg,4,4,0,4,5,0,-1
/Users/shravach/Documents/IISc/4th sem/Intelligent ui/datasets/VOC/images/test2007/006328.jpg,1,0,0,1,0,0,0
/Users/shravach/Documents/IISc/4th sem/Intelligent ui/datasets/VOC/images/test2007/006331.jpg,1,0,0,1,0,0,0
/Users/shravach/Documents/IISc/4th sem/Intelligent ui/datasets/VOC/images/test2007/006332.jpg,2,4,0,2,5,0,-1
/Users/shravach/Documents/IISc/4th sem/Intelligent ui/datasets/VOC/images/test2007/006333.jpg,3,0,0,2,1,1,-2
/Users/shravach/Documents/IISc/4th sem/Intelligent ui/datasets/VOC/images/test2007/006334.jpg,4,1,2,6,2,0,1
/Users/shravach/Documents/IISc/4th sem/Intelligent ui/datasets/VOC/images/test2007/006336.jpg,1,0,0,1,0,0,0
/Users/shravach/Documents/IISc/4th sem/Intelligent ui/datasets/VOC/images/test2007/006340.jpg,1,0,3,1,0,3,0
/Users/shravach/Documents/IISc/4th sem/Intelligent ui/datasets/VOC/images/test2007/006342.jpg,1,0,0,1,1,0,-1
/Users/shravach/Documents/IISc/4th sem/Intelligent ui/datasets/VOC/images/test2007/006343.jpg,0,0,1,0,0,1,0
/Users/shravach/Documents/IISc/4th sem/Intelligent ui/datasets/VOC/images/test2007/006345.jpg,1,0,0,1,0,0,0
/Users/shravach/Documents/IISc/4th sem/Intelligent ui/datasets/VOC/images/test2007/006347.jpg,1,0,2,1,0,2,0
/Users/shravach/Documents/IISc/4th sem/Intelligent ui/datasets/VOC/images/test2007/006354.jpg,1,1,1,2,1,0,1
/Users/shravach/Documents/IISc/4th sem/Intelligent ui/datasets/VOC/images/test2007/006356.jpg,1,0,0,1,0,0,0
/Users/shravach/Documents/IISc/4th sem/Intelligent ui/datasets/VOC/images/test2007/006358.jpg,6,4,2,7,2,1,3
/Users/shravach/Documents/IISc/4th sem/Intelligent ui/datasets/VOC/images/test2007/006359.jpg,2,1,2,2,1,2,0
/Users/shravach/Documents/IISc/4th sem/Intelligent ui/datasets/VOC/images/test2007/006360.jpg,3,0,0,3,1,0,-1
/Users/shravach/Documents/IISc/4th sem/Intelligent ui/datasets/VOC/images/test2007/006361.jpg,3,2,0,3,3,0,-1
/Users/shravach/Documents/IISc/4th sem/Intelligent ui/datasets/VOC/images/test2007/006364.jpg,2,0,1,2,0,1,0
/Users/shravach/Documents/IISc/4th sem/Intelligent ui/datasets/VOC/images/test2007/006365.jpg,2,0,0,2,0,0,0
/Users/shravach/Documents/IISc/4th sem/Intelligent ui/datasets/VOC/images/test2007/006368.jpg,2,0,0,2,0,0,0
/Users/shravach/Documents/IISc/4th sem/Intelligent ui/datasets/VOC/images/test2007/006370.jpg,1,10,0,1,11,0,-1
/Users/shravach/Documents/IISc/4th sem/Intelligent ui/datasets/VOC/images/test2007/006372.jpg,1,0,0,1,0,0,0
/Users/shravach/Documents/IISc/4th sem/Intelligent ui/datasets/VOC/images/test2007/006373.jpg,2,0,0,2,1,0,-1
/Users/shravach/Documents/IISc/4th sem/Intelligent ui/datasets/VOC/images/test2007/006376.jpg,3,0,0,3,0,0,0
/Users/shravach/Documents/IISc/4th sem/Intelligent ui/datasets/VOC/images/test2007/006378.jpg,4,0,0,4,0,0,0
/Users/shravach/Documents/IISc/4th sem/Intelligent ui/datasets/VOC/images/test2007/006379.jpg,2,1,1,2,1,1,0
/Users/shravach/Documents/IISc/4th sem/Intelligent ui/datasets/VOC/images/test2007/006380.jpg,13,5,4,10,4,7,-2
/Users/shravach/Documents/IISc/4th sem/Intelligent ui/datasets/VOC/images/test2007/006383.jpg,1,1,0,1,1,0,0
/Users/shravach/Documents/IISc/4th sem/Intelligent ui/datasets/VOC/images/test2007/006384.jpg,2,1,0,2,0,0,1
/Users/shravach/Documents/IISc/4th sem/Intelligent ui/datasets/VOC/images/test2007/006386.jpg,4,2,0,4,1,0,1
/Users/shravach/Documents/IISc/4th sem/Intelligent ui/datasets/VOC/images/test2007/006388.jpg,1,0,0,1,0,0,0
/Users/shravach/Documents/IISc/4th sem/Intelligent ui/datasets/VOC/images/test2007/006389.jpg,1,0,0,1,0,0,0
/Users/shravach/Documents/IISc/4th sem/Intelligent ui/datasets/VOC/images/test2007/006390.jpg,2,0,2,2,0,2,0
/Users/shravach/Documents/IISc/4th sem/Intelligent ui/datasets/VOC/images/test2007/006393.jpg,2,2,2,2,3,2,-1
/Users/shravach/Documents/IISc/4th sem/Intelligent ui/datasets/VOC/images/test2007/006394.jpg,1,0,0,1,0,0,0
/Users/shravach/Documents/IISc/4th sem/Intelligent ui/datasets/VOC/images/test2007/006397.jpg,1,0,1,1,0,1,0
/Users/shravach/Documents/IISc/4th sem/Intelligent ui/datasets/VOC/images/test2007/006399.jpg,2,2,0,2,0,0,2
/Users/shravach/Documents/IISc/4th sem/Intelligent ui/datasets/VOC/images/test2007/006401.jpg,6,8,0,6,6,0,2
/Users/shravach/Documents/IISc/4th sem/Intelligent ui/datasets/VOC/images/test2007/006402.jpg,2,0,0,1,0,1,-1
/Users/shravach/Documents/IISc/4th sem/Intelligent ui/datasets/VOC/images/test2007/006403.jpg,2,2,0,1,1,1,0
/Users/shravach/Documents/IISc/4th sem/Intelligent ui/datasets/VOC/images/test2007/006405.jpg,2,1,0,1,1,1,-1
/Users/shravach/Documents/IISc/4th sem/Intelligent ui/datasets/VOC/images/test2007/006406.jpg,3,3,2,5,0,0,5
/Users/shravach/Documents/IISc/4th sem/Intelligent ui/datasets/VOC/images/test2007/006407.jpg,3,1,0,2,1,1,-1
/Users/shravach/Documents/IISc/4th sem/Intelligent ui/datasets/VOC/images/test2007/006408.jpg,1,0,0,1,0,0,0
/Users/shravach/Documents/IISc/4th sem/Intelligent ui/datasets/VOC/images/test2007/006410.jpg,2,0,0,2,1,0,-1
/Users/shravach/Documents/IISc/4th sem/Intelligent ui/datasets/VOC/images/test2007/006412.jpg,1,0,0,1,0,0,0
/Users/shravach/Documents/IISc/4th sem/Intelligent ui/datasets/VOC/images/test2007/006413.jpg,2,2,0,2,0,0,2
/Users/shravach/Documents/IISc/4th sem/Intelligent ui/datasets/VOC/images/test2007/006414.jpg,0,3,2,2,1,0,4
/Users/shravach/Documents/IISc/4th sem/Intelligent ui/datasets/VOC/images/test2007/006415.jpg,1,0,0,1,0,0,0
/Users/shravach/Documents/IISc/4th sem/Intelligent ui/datasets/VOC/images/test2007/006416.jpg,1,0,0,1,0,0,0
/Users/shravach/Documents/IISc/4th sem/Intelligent ui/datasets/VOC/images/test2007/006420.jpg,0,2,1,1,0,0,3
/Users/shravach/Documents/IISc/4th sem/Intelligent ui/datasets/VOC/images/test2007/006422.jpg,2,0,0,2,0,0,0
/Users/shravach/Documents/IISc/4th sem/Intelligent ui/datasets/VOC/images/test2007/006423.jpg,1,1,1,1,0,1,1
/Users/shravach/Documents/IISc/4th sem/Intelligent ui/datasets/VOC/images/test2007/006426.jpg,3,4,0,3,2,0,2
/Users/shravach/Documents/IISc/4th sem/Intelligent ui/datasets/VOC/images/test2007/006431.jpg,2,0,0,2,0,0,0
/Users/shravach/Documents/IISc/4th sem/Intelligent ui/datasets/VOC/images/test2007/006432.jpg,7,3,0,7,1,0,2
/Users/shravach/Documents/IISc/4th sem/Intelligent ui/datasets/VOC/images/test2007/006435.jpg,1,0,1,1,0,1,0
/Users/shravach/Documents/IISc/4th sem/Intelligent ui/datasets/VOC/images/test2007/006439.jpg,1,0,0,1,0,0,0
/Users/shravach/Documents/IISc/4th sem/Intelligent ui/datasets/VOC/images/test2007/006441.jpg,1,1,0,1,0,0,1
/Users/shravach/Documents/IISc/4th sem/Intelligent ui/datasets/VOC/images/test2007/006446.jpg,3,0,0,3,0,0,0
/Users/shravach/Documents/IISc/4th sem/Intelligent ui/datasets/VOC/images/test2007/006451.jpg,1,0,1,2,1,0,0
/Users/shravach/Documents/IISc/4th sem/Intelligent ui/datasets/VOC/images/test2007/006452.jpg,3,1,0,3,3,0,-2
/Users/shravach/Documents/IISc/4th sem/Intelligent ui/datasets/VOC/images/test2007/006453.jpg,5,0,0,5,1,0,-1
/Users/shravach/Documents/IISc/4th sem/Intelligent ui/datasets/VOC/images/test2007/006454.jpg,1,0,0,1,0,0,0
/Users/shravach/Documents/IISc/4th sem/Intelligent ui/datasets/VOC/images/test2007/006457.jpg,1,1,1,2,0,0,2
/Users/shravach/Documents/IISc/4th sem/Intelligent ui/datasets/VOC/images/test2007/006460.jpg,1,0,1,2,0,0,1
/Users/shravach/Documents/IISc/4th sem/Intelligent ui/datasets/VOC/images/test2007/006461.jpg,3,4,1,3,3,1,1
/Users/shravach/Documents/IISc/4th sem/Intelligent ui/datasets/VOC/images/test2007/006464.jpg,2,0,0,2,0,0,0
/Users/shravach/Documents/IISc/4th sem/Intelligent ui/datasets/VOC/images/test2007/006467.jpg,1,0,0,1,0,0,0
/Users/shravach/Documents/IISc/4th sem/Intelligent ui/datasets/VOC/images/test2007/006469.jpg,6,2,2,6,5,2,-3
/Users/shravach/Documents/IISc/4th sem/Intelligent ui/datasets/VOC/images/test2007/006471.jpg,0,1,5,1,8,4,-6
/Users/shravach/Documents/IISc/4th sem/Intelligent ui/datasets/VOC/images/test2007/006477.jpg,4,0,0,4,0,0,0
/Users/shravach/Documents/IISc/4th sem/Intelligent ui/datasets/VOC/images/test2007/006478.jpg,3,4,1,3,2,1,2
/Users/shravach/Documents/IISc/4th sem/Intelligent ui/datasets/VOC/images/test2007/006479.jpg,1,0,0,1,1,0,-1
/Users/shravach/Documents/IISc/4th sem/Intelligent ui/datasets/VOC/images/test2007/006481.jpg,5,1,0,5,3,0,-2
/Users/shravach/Documents/IISc/4th sem/Intelligent ui/datasets/VOC/images/test2007/006485.jpg,1,0,0,1,0,0,0
/Users/shravach/Documents/IISc/4th sem/Intelligent ui/datasets/VOC/images/test2007/006487.jpg,1,0,2,2,0,1,1
/Users/shravach/Documents/IISc/4th sem/Intelligent ui/datasets/VOC/images/test2007/006489.jpg,2,0,0,2,0,0,0
/Users/shravach/Documents/IISc/4th sem/Intelligent ui/datasets/VOC/images/test2007/006490.jpg,3,0,1,3,1,1,-1
/Users/shravach/Documents/IISc/4th sem/Intelligent ui/datasets/VOC/images/test2007/006491.jpg,2,0,0,2,0,0,0
/Users/shravach/Documents/IISc/4th sem/Intelligent ui/datasets/VOC/images/test2007/006493.jpg,1,1,1,1,0,1,1
/Users/shravach/Documents/IISc/4th sem/Intelligent ui/datasets/VOC/images/test2007/006494.jpg,1,0,0,1,0,0,0
/Users/shravach/Documents/IISc/4th sem/Intelligent ui/datasets/VOC/images/test2007/006496.jpg,2,0,1,2,1,1,-1
/Users/shravach/Documents/IISc/4th sem/Intelligent ui/datasets/VOC/images/test2007/006498.jpg,1,0,0,1,0,0,0
/Users/shravach/Documents/IISc/4th sem/Intelligent ui/datasets/VOC/images/test2007/006500.jpg,35,12,2,34,10,3,1
/Users/shravach/Documents/IISc/4th sem/Intelligent ui/datasets/VOC/images/test2007/006502.jpg,1,1,0,1,1,0,0
/Users/shravach/Documents/IISc/4th sem/Intelligent ui/datasets/VOC/images/test2007/006504.jpg,0,2,1,1,3,0,0
/Users/shravach/Documents/IISc/4th sem/Intelligent ui/datasets/VOC/images/test2007/006505.jpg,4,0,0,4,1,0,-1
/Users/shravach/Documents/IISc/4th sem/Intelligent ui/datasets/VOC/images/test2007/006508.jpg,2,0,1,3,1,0,0
/Users/shravach/Documents/IISc/4th sem/Intelligent ui/datasets/VOC/images/test2007/006510.jpg,1,0,0,1,0,0,0
/Users/shravach/Documents/IISc/4th sem/Intelligent ui/datasets/VOC/images/test2007/006511.jpg,0,2,1,1,0,0,3
/Users/shravach/Documents/IISc/4th sem/Intelligent ui/datasets/VOC/images/test2007/006513.jpg,1,0,0,1,0,0,0
/Users/shravach/Documents/IISc/4th sem/Intelligent ui/datasets/VOC/images/test2007/006514.jpg,1,0,1,1,0,1,0
/Users/shravach/Documents/IISc/4th sem/Intelligent ui/datasets/VOC/images/test2007/006516.jpg,0,3,2,2,3,0,2
/Users/shravach/Documents/IISc/4th sem/Intelligent ui/datasets/VOC/images/test2007/006517.jpg,5,2,1,5,7,1,-5
/Users/shravach/Documents/IISc/4th sem/Intelligent ui/datasets/VOC/images/test2007/006518.jpg,1,0,1,1,0,1,0
/Users/shravach/Documents/IISc/4th sem/Intelligent ui/datasets/VOC/images/test2007/006521.jpg,2,0,0,2,0,0,0
/Users/shravach/Documents/IISc/4th sem/Intelligent ui/datasets/VOC/images/test2007/006522.jpg,1,1,0,1,0,0,1
/Users/shravach/Documents/IISc/4th sem/Intelligent ui/datasets/VOC/images/test2007/006525.jpg,1,0,0,1,0,0,0
/Users/shravach/Documents/IISc/4th sem/Intelligent ui/datasets/VOC/images/test2007/006526.jpg,1,0,0,1,0,0,0
/Users/shravach/Documents/IISc/4th sem/Intelligent ui/datasets/VOC/images/test2007/006527.jpg,5,3,0,5,4,0,-1
/Users/shravach/Documents/IISc/4th sem/Intelligent ui/datasets/VOC/images/test2007/006528.jpg,1,0,0,1,0,0,0
/Users/shravach/Documents/IISc/4th sem/Intelligent ui/datasets/VOC/images/test2007/006531.jpg,1,1,1,1,1,1,0
/Users/shravach/Documents/IISc/4th sem/Intelligent ui/datasets/VOC/images/test2007/006533.jpg,1,0,0,1,0,0,0
/Users/shravach/Documents/IISc/4th sem/Intelligent ui/datasets/VOC/images/test2007/006535.jpg,2,0,0,2,0,0,0
/Users/shravach/Documents/IISc/4th sem/Intelligent ui/datasets/VOC/images/test2007/006537.jpg,1,0,0,1,0,0,0
/Users/shravach/Documents/IISc/4th sem/Intelligent ui/datasets/VOC/images/test2007/006539.jpg,2,2,0,2,3,0,-1
/Users/shravach/Documents/IISc/4th sem/Intelligent ui/datasets/VOC/images/test2007/006540.jpg,2,1,0,2,1,0,0
/Users/shravach/Documents/IISc/4th sem/Intelligent ui/datasets/VOC/images/test2007/006541.jpg,3,0,4,7,4,0,0
/Users/shravach/Documents/IISc/4th sem/Intelligent ui/datasets/VOC/images/test2007/006544.jpg,4,1,0,4,0,0,1
/Users/shravach/Documents/IISc/4th sem/Intelligent ui/datasets/VOC/images/test2007/006545.jpg,1,2,0,1,1,0,1
/Users/shravach/Documents/IISc/4th sem/Intelligent ui/datasets/VOC/images/test2007/006546.jpg,8,6,1,8,5,1,1
/Users/shravach/Documents/IISc/4th sem/Intelligent ui/datasets/VOC/images/test2007/006552.jpg,4,3,1,4,4,1,-1
/Users/shravach/Documents/IISc/4th sem/Intelligent ui/datasets/VOC/images/test2007/006554.jpg,1,1,0,1,0,0,1
/Users/shravach/Documents/IISc/4th sem/Intelligent ui/datasets/VOC/images/test2007/006555.jpg,2,0,0,2,0,0,0
/Users/shravach/Documents/IISc/4th sem/Intelligent ui/datasets/VOC/images/test2007/006557.jpg,2,0,0,2,0,0,0
/Users/shravach/Documents/IISc/4th sem/Intelligent ui/datasets/VOC/images/test2007/006558.jpg,1,0,0,1,0,0,0
/Users/shravach/Documents/IISc/4th sem/Intelligent ui/datasets/VOC/images/test2007/006559.jpg,1,0,0,1,0,0,0
/Users/shravach/Documents/IISc/4th sem/Intelligent ui/datasets/VOC/images/test2007/006561.jpg,2,0,0,2,0,0,0
/Users/shravach/Documents/IISc/4th sem/Intelligent ui/datasets/VOC/images/test2007/006563.jpg,1,1,0,1,0,0,1
/Users/shravach/Documents/IISc/4th sem/Intelligent ui/datasets/VOC/images/test2007/006566.jpg,1,2,1,2,0,0,3
/Users/shravach/Documents/IISc/4th sem/Intelligent ui/datasets/VOC/images/test2007/006567.jpg,5,4,2,5,5,2,-1
/Users/shravach/Documents/IISc/4th sem/Intelligent ui/datasets/VOC/images/test2007/006568.jpg,1,0,0,1,0,0,0
/Users/shravach/Documents/IISc/4th sem/Intelligent ui/datasets/VOC/images/test2007/006571.jpg,2,0,0,2,3,0,-3
/Users/shravach/Documents/IISc/4th sem/Intelligent ui/datasets/VOC/images/test2007/006573.jpg,1,0,0,1,0,0,0
/Users/shravach/Documents/IISc/4th sem/Intelligent ui/datasets/VOC/images/test2007/006574.jpg,4,1,1,4,1,1,0
/Users/shravach/Documents/IISc/4th sem/Intelligent ui/datasets/VOC/images/test2007/006577.jpg,2,2,1,2,3,1,-1
/Users/shravach/Documents/IISc/4th sem/Intelligent ui/datasets/VOC/images/test2007/006579.jpg,1,1,0,1,1,0,0
/Users/shravach/Documents/IISc/4th sem/Intelligent ui/datasets/VOC/images/test2007/006580.jpg,7,5,4,9,6,2,1
/Users/shravach/Documents/IISc/4th sem/Intelligent ui/datasets/VOC/images/test2007/006581.jpg,3,2,0,2,3,1,-2
/Users/shravach/Documents/IISc/4th sem/Intelligent ui/datasets/VOC/images/test2007/006582.jpg,1,0,0,1,0,0,0
/Users/shravach/Documents/IISc/4th sem/Intelligent ui/datasets/VOC/images/test2007/006586.jpg,2,0,0,2,0,0,0
/Users/shravach/Documents/IISc/4th sem/Intelligent ui/datasets/VOC/images/test2007/006589.jpg,1,0,0,1,0,0,0
/Users/shravach/Documents/IISc/4th sem/Intelligent ui/datasets/VOC/images/test2007/006590.jpg,1,0,0,1,0,0,0
/Users/shravach/Documents/IISc/4th sem/Intelligent ui/datasets/VOC/images/test2007/006591.jpg,2,1,1,2,1,1,0
/Users/shravach/Documents/IISc/4th sem/Intelligent ui/datasets/VOC/images/test2007/006592.jpg,2,1,0,2,0,0,1
/Users/shravach/Documents/IISc/4th sem/Intelligent ui/datasets/VOC/images/test2007/006594.jpg,4,3,2,4,2,2,1
/Users/shravach/Documents/IISc/4th sem/Intelligent ui/datasets/VOC/images/test2007/006596.jpg,2,0,0,2,1,0,-1
/Users/shravach/Documents/IISc/4th sem/Intelligent ui/datasets/VOC/images/test2007/006598.jpg,1,2,0,1,1,0,1
/Users/shravach/Documents/IISc/4th sem/Intelligent ui/datasets/VOC/images/test2007/006600.jpg,1,1,0,1,1,0,0
/Users/shravach/Documents/IISc/4th sem/Intelligent ui/datasets/VOC/images/test2007/006601.jpg,1,0,0,1,0,0,0
/Users/shravach/Documents/IISc/4th sem/Intelligent ui/datasets/VOC/images/test2007/006604.jpg,2,4,0,2,4,0,0
/Users/shravach/Documents/IISc/4th sem/Intelligent ui/datasets/VOC/images/test2007/006607.jpg,0,2,1,1,0,0,3
/Users/shravach/Documents/IISc/4th sem/Intelligent ui/datasets/VOC/images/test2007/006608.jpg,4,2,0,4,3,0,-1
/Users/shravach/Documents/IISc/4th sem/Intelligent ui/datasets/VOC/images/test2007/006613.jpg,1,1,1,1,0,1,1
/Users/shravach/Documents/IISc/4th sem/Intelligent ui/datasets/VOC/images/test2007/006614.jpg,1,0,0,1,0,0,0
/Users/shravach/Documents/IISc/4th sem/Intelligent ui/datasets/VOC/images/test2007/006615.jpg,1,0,0,1,0,0,0
/Users/shravach/Documents/IISc/4th sem/Intelligent ui/datasets/VOC/images/test2007/006616.jpg,1,1,0,1,0,0,1
/Users/shravach/Documents/IISc/4th sem/Intelligent ui/datasets/VOC/images/test2007/006620.jpg,2,0,0,2,0,0,0
/Users/shravach/Documents/IISc/4th sem/Intelligent ui/datasets/VOC/images/test2007/006623.jpg,2,0,0,2,0,0,0
/Users/shravach/Documents/IISc/4th sem/Intelligent ui/datasets/VOC/images/test2007/006624.jpg,3,5,1,3,5,1,0
/Users/shravach/Documents/IISc/4th sem/Intelligent ui/datasets/VOC/images/test2007/006629.jpg,3,0,0,3,0,0,0
/Users/shravach/Documents/IISc/4th sem/Intelligent ui/datasets/VOC/images/test2007/006630.jpg,2,2,0,2,2,0,0
/Users/shravach/Documents/IISc/4th sem/Intelligent ui/datasets/VOC/images/test2007/006633.jpg,2,2,2,2,3,2,-1
/Users/shravach/Documents/IISc/4th sem/Intelligent ui/datasets/VOC/images/test2007/006634.jpg,1,0,0,1,0,0,0
/Users/shravach/Documents/IISc/4th sem/Intelligent ui/datasets/VOC/images/test2007/006639.jpg,1,0,0,1,0,0,0
/Users/shravach/Documents/IISc/4th sem/Intelligent ui/datasets/VOC/images/test2007/006640.jpg,1,1,1,2,1,0,1
/Users/shravach/Documents/IISc/4th sem/Intelligent ui/datasets/VOC/images/test2007/006641.jpg,1,0,0,1,0,0,0
/Users/shravach/Documents/IISc/4th sem/Intelligent ui/datasets/VOC/images/test2007/006642.jpg,1,0,0,1,0,0,0
/Users/shravach/Documents/IISc/4th sem/Intelligent ui/datasets/VOC/images/test2007/006644.jpg,3,2,0,3,0,0,2
/Users/shravach/Documents/IISc/4th sem/Intelligent ui/datasets/VOC/images/test2007/006646.jpg,3,5,2,4,3,1,3
/Users/shravach/Documents/IISc/4th sem/Intelligent ui/datasets/VOC/images/test2007/006649.jpg,0,1,1,1,0,0,2
/Users/shravach/Documents/IISc/4th sem/Intelligent ui/datasets/VOC/images/test2007/006650.jpg,1,0,0,1,1,0,-1
/Users/shravach/Documents/IISc/4th sem/Intelligent ui/datasets/VOC/images/test2007/006651.jpg,1,0,0,1,0,0,0
/Users/shravach/Documents/IISc/4th sem/Intelligent ui/datasets/VOC/images/test2007/006653.jpg,1,1,0,1,1,0,0
/Users/shravach/Documents/IISc/4th sem/Intelligent ui/datasets/VOC/images/test2007/006655.jpg,1,0,0,1,0,0,0
/Users/shravach/Documents/IISc/4th sem/Intelligent ui/datasets/VOC/images/test2007/006656.jpg,2,0,1,2,0,1,0
/Users/shravach/Documents/IISc/4th sem/Intelligent ui/datasets/VOC/images/test2007/006659.jpg,4,0,0,4,0,0,0
/Users/shravach/Documents/IISc/4th sem/Intelligent ui/datasets/VOC/images/test2007/006662.jpg,3,6,1,4,4,0,3
/Users/shravach/Documents/IISc/4th sem/Intelligent ui/datasets/VOC/images/test2007/006663.jpg,9,5,0,8,2,1,2
/Users/shravach/Documents/IISc/4th sem/Intelligent ui/datasets/VOC/images/test2007/006665.jpg,0,0,1,0,0,1,0
/Users/shravach/Documents/IISc/4th sem/Intelligent ui/datasets/VOC/images/test2007/006669.jpg,3,2,0,3,2,0,0
/Users/shravach/Documents/IISc/4th sem/Intelligent ui/datasets/VOC/images/test2007/006672.jpg,2,0,0,2,0,0,0
/Users/shravach/Documents/IISc/4th sem/Intelligent ui/datasets/VOC/images/test2007/006675.jpg,1,0,0,1,0,0,0
/Users/shravach/Documents/IISc/4th sem/Intelligent ui/datasets/VOC/images/test2007/006676.jpg,2,0,0,2,1,0,-1
/Users/shravach/Documents/IISc/4th sem/Intelligent ui/datasets/VOC/images/test2007/006680.jpg,1,0,0,1,0,0,0
/Users/shravach/Documents/IISc/4th sem/Intelligent ui/datasets/VOC/images/test2007/006683.jpg,1,0,0,1,0,0,0
/Users/shravach/Documents/IISc/4th sem/Intelligent ui/datasets/VOC/images/test2007/006685.jpg,1,0,0,1,0,0,0
/Users/shravach/Documents/IISc/4th sem/Intelligent ui/datasets/VOC/images/test2007/006686.jpg,3,0,2,3,0,2,0
/Users/shravach/Documents/IISc/4th sem/Intelligent ui/datasets/VOC/images/test2007/006688.jpg,2,0,0,2,0,0,0
/Users/shravach/Documents/IISc/4th sem/Intelligent ui/datasets/VOC/images/test2007/006691.jpg,2,1,0,2,0,0,1
/Users/shravach/Documents/IISc/4th sem/Intelligent ui/datasets/VOC/images/test2007/006692.jpg,1,0,0,1,0,0,0
/Users/shravach/Documents/IISc/4th sem/Intelligent ui/datasets/VOC/images/test2007/006693.jpg,12,10,2,12,9,2,1
/Users/shravach/Documents/IISc/4th sem/Intelligent ui/datasets/VOC/images/test2007/006700.jpg,1,0,0,1,0,0,0
/Users/shravach/Documents/IISc/4th sem/Intelligent ui/datasets/VOC/images/test2007/006701.jpg,1,0,0,1,1,0,-1
/Users/shravach/Documents/IISc/4th sem/Intelligent ui/datasets/VOC/images/test2007/006705.jpg,1,1,1,2,1,0,1
/Users/shravach/Documents/IISc/4th sem/Intelligent ui/datasets/VOC/images/test2007/006710.jpg,5,0,0,5,0,0,0
/Users/shravach/Documents/IISc/4th sem/Intelligent ui/datasets/VOC/images/test2007/006711.jpg,0,0,1,1,0,0,1
/Users/shravach/Documents/IISc/4th sem/Intelligent ui/datasets/VOC/images/test2007/006712.jpg,1,0,0,1,0,0,0
/Users/shravach/Documents/IISc/4th sem/Intelligent ui/datasets/VOC/images/test2007/006713.jpg,3,3,1,4,4,0,0
/Users/shravach/Documents/IISc/4th sem/Intelligent ui/datasets/VOC/images/test2007/006715.jpg,1,0,0,1,0,0,0
/Users/shravach/Documents/IISc/4th sem/Intelligent ui/datasets/VOC/images/test2007/006716.jpg,3,0,0,3,0,0,0
/Users/shravach/Documents/IISc/4th sem/Intelligent ui/datasets/VOC/images/test2007/006717.jpg,2,0,0,2,0,0,0
/Users/shravach/Documents/IISc/4th sem/Intelligent ui/datasets/VOC/images/test2007/006720.jpg,1,1,0,1,0,0,1
/Users/shravach/Documents/IISc/4th sem/Intelligent ui/datasets/VOC/images/test2007/006721.jpg,1,4,1,1,4,1,0
/Users/shravach/Documents/IISc/4th sem/Intelligent ui/datasets/VOC/images/test2007/006723.jpg,1,0,0,1,0,0,0
/Users/shravach/Documents/IISc/4th sem/Intelligent ui/datasets/VOC/images/test2007/006724.jpg,2,0,0,2,0,0,0
/Users/shravach/Documents/IISc/4th sem/Intelligent ui/datasets/VOC/images/test2007/006728.jpg,1,0,0,1,0,0,0
/Users/shravach/Documents/IISc/4th sem/Intelligent ui/datasets/VOC/images/test2007/006729.jpg,1,0,0,1,0,0,0
/Users/shravach/Documents/IISc/4th sem/Intelligent ui/datasets/VOC/images/test2007/006732.jpg,2,0,1,1,1,2,-2
/Users/shravach/Documents/IISc/4th sem/Intelligent ui/datasets/VOC/images/test2007/006733.jpg,2,1,0,2,1,0,0
/Users/shravach/Documents/IISc/4th sem/Intelligent ui/datasets/VOC/images/test2007/006737.jpg,2,0,0,2,0,0,0
/Users/shravach/Documents/IISc/4th sem/Intelligent ui/datasets/VOC/images/test2007/006741.jpg,1,0,0,1,0,0,0
/Users/shravach/Documents/IISc/4th sem/Intelligent ui/datasets/VOC/images/test2007/006742.jpg,2,0,0,2,0,0,0
/Users/shravach/Documents/IISc/4th sem/Intelligent ui/datasets/VOC/images/test2007/006743.jpg,2,0,1,3,0,0,1
/Users/shravach/Documents/IISc/4th sem/Intelligent ui/datasets/VOC/images/test2007/006744.jpg,2,1,0,2,0,0,1
/Users/shravach/Documents/IISc/4th sem/Intelligent ui/datasets/VOC/images/test2007/006745.jpg,3,1,0,2,2,1,-2
/Users/shravach/Documents/IISc/4th sem/Intelligent ui/datasets/VOC/images/test2007/006746.jpg,3,0,1,4,0,0,1
/Users/shravach/Documents/IISc/4th sem/Intelligent ui/datasets/VOC/images/test2007/006749.jpg,1,0,0,1,0,0,0
/Users/shravach/Documents/IISc/4th sem/Intelligent ui/datasets/VOC/images/test2007/006750.jpg,0,3,2,0,1,2,2
/Users/shravach/Documents/IISc/4th sem/Intelligent ui/datasets/VOC/images/test2007/006752.jpg,1,0,0,1,0,0,0
/Users/shravach/Documents/IISc/4th sem/Intelligent ui/datasets/VOC/images/test2007/006754.jpg,1,0,0,1,0,0,0
/Users/shravach/Documents/IISc/4th sem/Intelligent ui/datasets/VOC/images/test2007/006756.jpg,0,1,1,1,1,0,1
/Users/shravach/Documents/IISc/4th sem/Intelligent ui/datasets/VOC/images/test2007/006757.jpg,5,2,1,5,1,1,1
/Users/shravach/Documents/IISc/4th sem/Intelligent ui/datasets/VOC/images/test2007/006758.jpg,1,1,2,1,0,2,1
/Users/shravach/Documents/IISc/4th sem/Intelligent ui/datasets/VOC/images/test2007/006763.jpg,1,0,0,1,0,0,0
/Users/shravach/Documents/IISc/4th sem/Intelligent ui/datasets/VOC/images/test2007/006764.jpg,2,0,0,2,0,0,0
/Users/shravach/Documents/IISc/4th sem/Intelligent ui/datasets/VOC/images/test2007/006767.jpg,1,0,1,2,0,0,1
/Users/shravach/Documents/IISc/4th sem/Intelligent ui/datasets/VOC/images/test2007/006770.jpg,0,5,1,0,4,1,1
/Users/shravach/Documents/IISc/4th sem/Intelligent ui/datasets/VOC/images/test2007/006771.jpg,7,2,1,8,3,0,0
/Users/shravach/Documents/IISc/4th sem/Intelligent ui/datasets/VOC/images/test2007/006774.jpg,2,0,1,1,1,2,-2
/Users/shravach/Documents/IISc/4th sem/Intelligent ui/datasets/VOC/images/test2007/006775.jpg,2,0,0,2,0,0,0
/Users/shravach/Documents/IISc/4th sem/Intelligent ui/datasets/VOC/images/test2007/006776.jpg,0,1,2,0,1,2,0
/Users/shravach/Documents/IISc/4th sem/Intelligent ui/datasets/VOC/images/test2007/006778.jpg,0,0,2,2,0,0,2
/Users/shravach/Documents/IISc/4th sem/Intelligent ui/datasets/VOC/images/test2007/006779.jpg,2,0,0,2,0,0,0
/Users/shravach/Documents/IISc/4th sem/Intelligent ui/datasets/VOC/images/test2007/006780.jpg,1,1,1,1,1,1,0
/Users/shravach/Documents/IISc/4th sem/Intelligent ui/datasets/VOC/images/test2007/006785.jpg,1,1,0,1,1,0,0
/Users/shravach/Documents/IISc/4th sem/Intelligent ui/datasets/VOC/images/test2007/006787.jpg,5,1,0,5,2,0,-1
/Users/shravach/Documents/IISc/4th sem/Intelligent ui/datasets/VOC/images/test2007/006788.jpg,1,1,0,1,0,0,1
/Users/shravach/Documents/IISc/4th sem/Intelligent ui/datasets/VOC/images/test2007/006790.jpg,1,0,0,1,0,0,0
/Users/shravach/Documents/IISc/4th sem/Intelligent ui/datasets/VOC/images/test2007/006791.jpg,1,0,0,1,0,0,0
/Users/shravach/Documents/IISc/4th sem/Intelligent ui/datasets/VOC/images/test2007/006792.jpg,2,0,1,3,2,0,-1
/Users/shravach/Documents/IISc/4th sem/Intelligent ui/datasets/VOC/images/test2007/006793.jpg,2,0,0,2,0,0,0
/Users/shravach/Documents/IISc/4th sem/Intelligent ui/datasets/VOC/images/test2007/006795.jpg,2,1,0,2,1,0,0
/Users/shravach/Documents/IISc/4th sem/Intelligent ui/datasets/VOC/images/test2007/006796.jpg,8,1,2,6,5,4,-6
/Users/shravach/Documents/IISc/4th sem/Intelligent ui/datasets/VOC/images/test2007/006798.jpg,1,1,1,2,0,0,2
/Users/shravach/Documents/IISc/4th sem/Intelligent ui/datasets/VOC/images/test2007/006801.jpg,1,0,0,1,0,0,0
/Users/shravach/Documents/IISc/4th sem/Intelligent ui/datasets/VOC/images/test2007/006804.jpg,3,2,1,2,2,2,-1
/Users/shravach/Documents/IISc/4th sem/Intelligent ui/datasets/VOC/images/test2007/006807.jpg,1,0,0,1,0,0,0
/Users/shravach/Documents/IISc/4th sem/Intelligent ui/datasets/VOC/images/test2007/006809.jpg,1,1,0,1,2,0,-1
/Users/shravach/Documents/IISc/4th sem/Intelligent ui/datasets/VOC/images/test2007/006811.jpg,2,0,0,2,0,0,0
/Users/shravach/Documents/IISc/4th sem/Intelligent ui/datasets/VOC/images/test2007/006812.jpg,1,0,1,2,0,0,1
/Users/shravach/Documents/IISc/4th sem/Intelligent ui/datasets/VOC/images/test2007/006815.jpg,1,4,1,2,1,0,4
/Users/shravach/Documents/IISc/4th sem/Intelligent ui/datasets/VOC/images/test2007/006816.jpg,0,2,2,1,1,1,2
/Users/shravach/Documents/IISc/4th sem/Intelligent ui/datasets/VOC/images/test2007/006817.jpg,1,1,2,3,2,0,1
/Users/shravach/Documents/IISc/4th sem/Intelligent ui/datasets/VOC/images/test2007/006818.jpg,0,1,1,1,0,0,2
/Users/shravach/Documents/IISc/4th sem/Intelligent ui/datasets/VOC/images/test2007/006820.jpg,1,0,0,1,0,0,0
/Users/shravach/Documents/IISc/4th sem/Intelligent ui/datasets/VOC/images/test2007/006823.jpg,2,0,0,2,0,0,0
/Users/shravach/Documents/IISc/4th sem/Intelligent ui/datasets/VOC/images/test2007/006826.jpg,4,3,2,5,5,1,-1
/Users/shravach/Documents/IISc/4th sem/Intelligent ui/datasets/VOC/images/test2007/006830.jpg,4,2,1,5,4,0,-1
/Users/shravach/Documents/IISc/4th sem/Intelligent ui/datasets/VOC/images/test2007/006831.jpg,1,0,0,1,0,0,0
/Users/shravach/Documents/IISc/4th sem/Intelligent ui/datasets/VOC/images/test2007/006832.jpg,1,1,0,1,0,0,1
/Users/shravach/Documents/IISc/4th sem/Intelligent ui/datasets/VOC/images/test2007/006834.jpg,1,2,0,1,1,0,1
/Users/shravach/Documents/IISc/4th sem/Intelligent ui/datasets/VOC/images/test2007/006837.jpg,1,0,0,1,0,0,0
/Users/shravach/Documents/IISc/4th sem/Intelligent ui/datasets/VOC/images/test2007/006843.jpg,3,2,0,3,3,0,-1
/Users/shravach/Documents/IISc/4th sem/Intelligent ui/datasets/VOC/images/test2007/006846.jpg,1,1,0,1,0,0,1
/Users/shravach/Documents/IISc/4th sem/Intelligent ui/datasets/VOC/images/test2007/006851.jpg,0,0,2,1,3,1,-2
/Users/shravach/Documents/IISc/4th sem/Intelligent ui/datasets/VOC/images/test2007/006853.jpg,1,0,0,1,0,0,0
/Users/shravach/Documents/IISc/4th sem/Intelligent ui/datasets/VOC/images/test2007/006854.jpg,3,0,0,3,1,0,-1
/Users/shravach/Documents/IISc/4th sem/Intelligent ui/datasets/VOC/images/test2007/006856.jpg,1,0,0,1,0,0,0
/Users/shravach/Documents/IISc/4th sem/Intelligent ui/datasets/VOC/images/test2007/006857.jpg,3,3,0,3,0,0,3
/Users/shravach/Documents/IISc/4th sem/Intelligent ui/datasets/VOC/images/test2007/006861.jpg,3,1,1,3,2,1,-1
/Users/shravach/Documents/IISc/4th sem/Intelligent ui/datasets/VOC/images/test2007/006863.jpg,6,0,0,5,1,1,-2
/Users/shravach/Documents/IISc/4th sem/Intelligent ui/datasets/VOC/images/test2007/006870.jpg,1,0,0,1,0,0,0
/Users/shravach/Documents/IISc/4th sem/Intelligent ui/datasets/VOC/images/test2007/006871.jpg,1,0,0,1,0,0,0
/Users/shravach/Documents/IISc/4th sem/Intelligent ui/datasets/VOC/images/test2007/006872.jpg,1,1,0,1,0,0,1
/Users/shravach/Documents/IISc/4th sem/Intelligent ui/datasets/VOC/images/test2007/006873.jpg,2,0,0,2,0,0,0
/Users/shravach/Documents/IISc/4th sem/Intelligent ui/datasets/VOC/images/test2007/006875.jpg,2,0,0,2,0,0,0
/Users/shravach/Documents/IISc/4th sem/Intelligent ui/datasets/VOC/images/test2007/006877.jpg,0,1,1,1,0,0,2
/Users/shravach/Documents/IISc/4th sem/Intelligent ui/datasets/VOC/images/test2007/006879.jpg,4,0,0,4,1,0,-1
/Users/shravach/Documents/IISc/4th sem/Intelligent ui/datasets/VOC/images/test2007/006881.jpg,1,0,0,1,0,0,0
/Users/shravach/Documents/IISc/4th sem/Intelligent ui/datasets/VOC/images/test2007/006882.jpg,1,2,1,1,2,1,0
/Users/shravach/Documents/IISc/4th sem/Intelligent ui/datasets/VOC/images/test2007/006885.jpg,4,1,1,4,1,1,0
/Users/shravach/Documents/IISc/4th sem/Intelligent ui/datasets/VOC/images/test2007/006888.jpg,1,0,1,2,0,0,1
/Users/shravach/Documents/IISc/4th sem/Intelligent ui/datasets/VOC/images/test2007/006889.jpg,1,0,0,1,0,0,0
/Users/shravach/Documents/IISc/4th sem/Intelligent ui/datasets/VOC/images/test2007/006890.jpg,1,0,0,1,0,0,0
/Users/shravach/Documents/IISc/4th sem/Intelligent ui/datasets/VOC/images/test2007/006891.jpg,2,1,0,2,3,0,-2
/Users/shravach/Documents/IISc/4th sem/Intelligent ui/datasets/VOC/images/test2007/006894.jpg,2,0,0,2,0,0,0
/Users/shravach/Documents/IISc/4th sem/Intelligent ui/datasets/VOC/images/test2007/006895.jpg,2,0,0,2,0,0,0
/Users/shravach/Documents/IISc/4th sem/Intelligent ui/datasets/VOC/images/test2007/006897.jpg,2,0,0,2,0,0,0
/Users/shravach/Documents/IISc/4th sem/Intelligent ui/datasets/VOC/images/test2007/006898.jpg,2,2,0,2,1,0,1
/Users/shravach/Documents/IISc/4th sem/Intelligent ui/datasets/VOC/images/test2007/006901.jpg,2,1,0,2,0,0,1
/Users/shravach/Documents/IISc/4th sem/Intelligent ui/datasets/VOC/images/test2007/006902.jpg,2,2,0,2,1,0,1
/Users/shravach/Documents/IISc/4th sem/Intelligent ui/datasets/VOC/images/test2007/006904.jpg,1,0,0,1,1,0,-1
/Users/shravach/Documents/IISc/4th sem/Intelligent ui/datasets/VOC/images/test2007/006905.jpg,1,0,0,1,0,0,0
/Users/shravach/Documents/IISc/4th sem/Intelligent ui/datasets/VOC/images/test2007/006906.jpg,8,2,1,9,2,0,1
/Users/shravach/Documents/IISc/4th sem/Intelligent ui/datasets/VOC/images/test2007/006907.jpg,1,0,0,1,0,0,0
/Users/shravach/Documents/IISc/4th sem/Intelligent ui/datasets/VOC/images/test2007/006913.jpg,1,0,0,1,0,0,0
/Users/shravach/Documents/IISc/4th sem/Intelligent ui/datasets/VOC/images/test2007/006915.jpg,3,1,0,3,0,0,1
/Users/shravach/Documents/IISc/4th sem/Intelligent ui/datasets/VOC/images/test2007/006920.jpg,4,3,1,4,6,1,-3
/Users/shravach/Documents/IISc/4th sem/Intelligent ui/datasets/VOC/images/test2007/006921.jpg,3,4,2,4,3,1,2
/Users/shravach/Documents/IISc/4th sem/Intelligent ui/datasets/VOC/images/test2007/006923.jpg,3,1,0,3,1,0,0
/Users/shravach/Documents/IISc/4th sem/Intelligent ui/datasets/VOC/images/test2007/006925.jpg,3,4,0,3,3,0,1
/Users/shravach/Documents/IISc/4th sem/Intelligent ui/datasets/VOC/images/test2007/006926.jpg,2,1,0,2,1,0,0
/Users/shravach/Documents/IISc/4th sem/Intelligent ui/datasets/VOC/images/test2007/006927.jpg,2,0,0,2,0,0,0
/Users/shravach/Documents/IISc/4th sem/Intelligent ui/datasets/VOC/images/test2007/006928.jpg,1,0,0,1,0,0,0
/Users/shravach/Documents/IISc/4th sem/Intelligent ui/datasets/VOC/images/test2007/006929.jpg,1,0,0,1,0,0,0
/Users/shravach/Documents/IISc/4th sem/Intelligent ui/datasets/VOC/images/test2007/006936.jpg,2,0,0,2,1,0,-1
/Users/shravach/Documents/IISc/4th sem/Intelligent ui/datasets/VOC/images/test2007/006937.jpg,1,2,1,1,2,1,0
/Users/shravach/Documents/IISc/4th sem/Intelligent ui/datasets/VOC/images/test2007/006938.jpg,4,2,0,4,0,0,2
/Users/shravach/Documents/IISc/4th sem/Intelligent ui/datasets/VOC/images/test2007/006941.jpg,9,3,0,9,0,0,3
/Users/shravach/Documents/IISc/4th sem/Intelligent ui/datasets/VOC/images/test2007/006942.jpg,1,0,0,1,0,0,0
/Users/shravach/Documents/IISc/4th sem/Intelligent ui/datasets/VOC/images/test2007/006946.jpg,1,0,0,1,0,0,0
/Users/shravach/Documents/IISc/4th sem/Intelligent ui/datasets/VOC/images/test2007/006951.jpg,2,0,0,2,0,0,0
/Users/shravach/Documents/IISc/4th sem/Intelligent ui/datasets/VOC/images/test2007/006954.jpg,4,1,1,4,3,1,-2
/Users/shravach/Documents/IISc/4th sem/Intelligent ui/datasets/VOC/images/test2007/006955.jpg,2,0,1,2,0,1,0
/Users/shravach/Documents/IISc/4th sem/Intelligent ui/datasets/VOC/images/test2007/006957.jpg,4,2,0,4,1,0,1
/Users/shravach/Documents/IISc/4th sem/Intelligent ui/datasets/VOC/images/test2007/006960.jpg,0,1,2,0,1,2,0
/Users/shravach/Documents/IISc/4th sem/Intelligent ui/datasets/VOC/images/test2007/006961.jpg,1,0,0,1,0,0,0
/Users/shravach/Documents/IISc/4th sem/Intelligent ui/datasets/VOC/images/test2007/006964.jpg,7,1,0,7,3,0,-2
/Users/shravach/Documents/IISc/4th sem/Intelligent ui/datasets/VOC/images/test2007/006967.jpg,1,0,0,1,0,0,0
/Users/shravach/Documents/IISc/4th sem/Intelligent ui/datasets/VOC/images/test2007/006969.jpg,1,0,0,1,0,0,0
/Users/shravach/Documents/IISc/4th sem/Intelligent ui/datasets/VOC/images/test2007/006970.jpg,1,1,0,1,1,0,0
/Users/shravach/Documents/IISc/4th sem/Intelligent ui/datasets/VOC/images/test2007/006973.jpg,2,0,0,2,0,0,0
/Users/shravach/Documents/IISc/4th sem/Intelligent ui/datasets/VOC/images/test2007/006974.jpg,1,0,0,1,0,0,0
/Users/shravach/Documents/IISc/4th sem/Intelligent ui/datasets/VOC/images/test2007/006975.jpg,2,0,0,2,0,0,0
/Users/shravach/Documents/IISc/4th sem/Intelligent ui/datasets/VOC/images/test2007/006977.jpg,1,0,0,1,0,0,0
/Users/shravach/Documents/IISc/4th sem/Intelligent ui/datasets/VOC/images/test2007/006978.jpg,1,0,0,1,0,0,0
/Users/shravach/Documents/IISc/4th sem/Intelligent ui/datasets/VOC/images/test2007/006979.jpg,1,0,0,1,0,0,0
/Users/shravach/Documents/IISc/4th sem/Intelligent ui/datasets/VOC/images/test2007/006980.jpg,1,0,0,1,0,0,0
/Users/shravach/Documents/IISc/4th sem/Intelligent ui/datasets/VOC/images/test2007/006982.jpg,2,1,1,2,1,1,0
/Users/shravach/Documents/IISc/4th sem/Intelligent ui/datasets/VOC/images/test2007/006984.jpg,13,4,5,15,3,3,3
/Users/shravach/Documents/IISc/4th sem/Intelligent ui/datasets/VOC/images/test2007/006985.jpg,1,3,0,1,0,0,3
/Users/shravach/Documents/IISc/4th sem/Intelligent ui/datasets/VOC/images/test2007/006986.jpg,3,0,1,2,1,2,-2
/Users/shravach/Documents/IISc/4th sem/Intelligent ui/datasets/VOC/images/test2007/006991.jpg,1,0,0,1,1,0,-1
/Users/shravach/Documents/IISc/4th sem/Intelligent ui/datasets/VOC/images/test2007/006992.jpg,2,0,2,3,0,1,1
/Users/shravach/Documents/IISc/4th sem/Intelligent ui/datasets/VOC/images/test2007/006993.jpg,1,1,0,1,1,0,0
/Users/shravach/Documents/IISc/4th sem/Intelligent ui/datasets/VOC/images/test2007/006996.jpg,1,0,0,1,0,0,0
/Users/shravach/Documents/IISc/4th sem/Intelligent ui/datasets/VOC/images/test2007/006997.jpg,1,0,0,1,2,0,-2
/Users/shravach/Documents/IISc/4th sem/Intelligent ui/datasets/VOC/images/test2007/006998.jpg,1,0,0,1,0,0,0
/Users/shravach/Documents/IISc/4th sem/Intelligent ui/datasets/VOC/images/test2007/006999.jpg,1,0,0,1,0,0,0
/Users/shravach/Documents/IISc/4th sem/Intelligent ui/datasets/VOC/images/test2007/007000.jpg,1,0,1,2,0,0,1
/Users/shravach/Documents/IISc/4th sem/Intelligent ui/datasets/VOC/images/test2007/007001.jpg,1,0,0,1,0,0,0
/Users/shravach/Documents/IISc/4th sem/Intelligent ui/datasets/VOC/images/test2007/007005.jpg,2,1,0,2,2,0,-1
/Users/shravach/Documents/IISc/4th sem/Intelligent ui/datasets/VOC/images/test2007/007010.jpg,1,1,0,1,1,0,0
/Users/shravach/Documents/IISc/4th sem/Intelligent ui/datasets/VOC/images/test2007/007012.jpg,0,1,1,0,0,1,1
/Users/shravach/Documents/IISc/4th sem/Intelligent ui/datasets/VOC/images/test2007/007013.jpg,0,1,1,1,0,0,2
/Users/shravach/Documents/IISc/4th sem/Intelligent ui/datasets/VOC/images/test2007/007014.jpg,1,0,0,1,0,0,0
/Users/shravach/Documents/IISc/4th sem/Intelligent ui/datasets/VOC/images/test2007/007015.jpg,1,0,0,1,0,0,0
/Users/shravach/Documents/IISc/4th sem/Intelligent ui/datasets/VOC/images/test2007/007017.jpg,3,2,1,4,1,0,2
/Users/shravach/Documents/IISc/4th sem/Intelligent ui/datasets/VOC/images/test2007/007019.jpg,3,1,0,3,1,0,0
/Users/shravach/Documents/IISc/4th sem/Intelligent ui/datasets/VOC/images/test2007/007024.jpg,0,0,1,0,0,1,0
/Users/shravach/Documents/IISc/4th sem/Intelligent ui/datasets/VOC/images/test2007/007026.jpg,2,0,1,2,1,1,-1
/Users/shravach/Documents/IISc/4th sem/Intelligent ui/datasets/VOC/images/test2007/007027.jpg,1,0,0,1,0,0,0
/Users/shravach/Documents/IISc/4th sem/Intelligent ui/datasets/VOC/images/test2007/007028.jpg,3,1,1,3,1,1,0
/Users/shravach/Documents/IISc/4th sem/Intelligent ui/datasets/VOC/images/test2007/007030.jpg,1,0,0,1,0,0,0
/Users/shravach/Documents/IISc/4th sem/Intelligent ui/datasets/VOC/images/test2007/007032.jpg,3,3,0,3,4,0,-1
/Users/shravach/Documents/IISc/4th sem/Intelligent ui/datasets/VOC/images/test2007/007034.jpg,2,1,0,2,1,0,0
/Users/shravach/Documents/IISc/4th sem/Intelligent ui/datasets/VOC/images/test2007/007037.jpg,1,0,0,1,0,0,0
/Users/shravach/Documents/IISc/4th sem/Intelligent ui/datasets/VOC/images/test2007/007041.jpg,1,0,0,1,0,0,0
/Users/shravach/Documents/IISc/4th sem/Intelligent ui/datasets/VOC/images/test2007/007043.jpg,3,2,0,3,3,0,-1
/Users/shravach/Documents/IISc/4th sem/Intelligent ui/datasets/VOC/images/test2007/007044.jpg,2,2,1,2,1,1,1
/Users/shravach/Documents/IISc/4th sem/Intelligent ui/datasets/VOC/images/test2007/007047.jpg,1,0,0,1,0,0,0
/Users/shravach/Documents/IISc/4th sem/Intelligent ui/datasets/VOC/images/test2007/007051.jpg,1,2,0,1,4,0,-2
/Users/shravach/Documents/IISc/4th sem/Intelligent ui/datasets/VOC/images/test2007/007053.jpg,5,4,2,6,4,1,1
/Users/shravach/Documents/IISc/4th sem/Intelligent ui/datasets/VOC/images/test2007/007055.jpg,1,1,0,1,0,0,1
/Users/shravach/Documents/IISc/4th sem/Intelligent ui/datasets/VOC/images/test2007/007057.jpg,3,1,3,5,1,1,2
/Users/shravach/Documents/IISc/4th sem/Intelligent ui/datasets/VOC/images/test2007/007060.jpg,2,4,3,3,2,2,3
/Users/shravach/Documents/IISc/4th sem/Intelligent ui/datasets/VOC/images/test2007/007061.jpg,1,1,0,1,0,0,1
/Users/shravach/Documents/IISc/4th sem/Intelligent ui/datasets/VOC/images/test2007/007063.jpg,1,0,0,1,0,0,0
/Users/shravach/Documents/IISc/4th sem/Intelligent ui/datasets/VOC/images/test2007/007066.jpg,1,0,0,1,0,0,0
/Users/shravach/Documents/IISc/4th sem/Intelligent ui/datasets/VOC/images/test2007/007067.jpg,2,1,1,2,2,1,-1
/Users/shravach/Documents/IISc/4th sem/Intelligent ui/datasets/VOC/images/test2007/007069.jpg,3,3,0,3,3,0,0
/Users/shravach/Documents/IISc/4th sem/Intelligent ui/datasets/VOC/images/test2007/007076.jpg,1,1,0,1,0,0,1
/Users/shravach/Documents/IISc/4th sem/Intelligent ui/datasets/VOC/images/test2007/007081.jpg,3,2,0,3,0,0,2
/Users/shravach/Documents/IISc/4th sem/Intelligent ui/datasets/VOC/images/test2007/007082.jpg,1,1,1,2,1,0,1
/Users/shravach/Documents/IISc/4th sem/Intelligent ui/datasets/VOC/images/test2007/007083.jpg,1,0,0,1,0,0,0
/Users/shravach/Documents/IISc/4th sem/Intelligent ui/datasets/VOC/images/test2007/007085.jpg,1,1,1,1,0,1,1
/Users/shravach/Documents/IISc/4th sem/Intelligent ui/datasets/VOC/images/test2007/007087.jpg,1,0,0,1,0,0,0
/Users/shravach/Documents/IISc/4th sem/Intelligent ui/datasets/VOC/images/test2007/007091.jpg,1,0,0,1,0,0,0
/Users/shravach/Documents/IISc/4th sem/Intelligent ui/datasets/VOC/images/test2007/007094.jpg,1,0,0,1,0,0,0
/Users/shravach/Documents/IISc/4th sem/Intelligent ui/datasets/VOC/images/test2007/007096.jpg,1,1,0,1,0,0,1
/Users/shravach/Documents/IISc/4th sem/Intelligent ui/datasets/VOC/images/test2007/007098.jpg,1,0,1,2,0,0,1
/Users/shravach/Documents/IISc/4th sem/Intelligent ui/datasets/VOC/images/test2007/007099.jpg,1,0,0,1,0,0,0
/Users/shravach/Documents/IISc/4th sem/Intelligent ui/datasets/VOC/images/test2007/007102.jpg,1,0,0,1,0,0,0
/Users/shravach/Documents/IISc/4th sem/Intelligent ui/datasets/VOC/images/test2007/007103.jpg,0,1,1,1,0,0,2
/Users/shravach/Documents/IISc/4th sem/Intelligent ui/datasets/VOC/images/test2007/007106.jpg,1,3,1,2,2,0,2
/Users/shravach/Documents/IISc/4th sem/Intelligent ui/datasets/VOC/images/test2007/007107.jpg,1,0,0,1,0,0,0
/Users/shravach/Documents/IISc/4th sem/Intelligent ui/datasets/VOC/images/test2007/007110.jpg,2,3,3,3,2,2,2
/Users/shravach/Documents/IISc/4th sem/Intelligent ui/datasets/VOC/images/test2007/007111.jpg,1,1,0,1,0,0,1
/Users/shravach/Documents/IISc/4th sem/Intelligent ui/datasets/VOC/images/test2007/007112.jpg,8,2,0,8,3,0,-1
/Users/shravach/Documents/IISc/4th sem/Intelligent ui/datasets/VOC/images/test2007/007115.jpg,1,0,0,1,0,0,0
/Users/shravach/Documents/IISc/4th sem/Intelligent ui/datasets/VOC/images/test2007/007116.jpg,1,0,0,1,0,0,0
/Users/shravach/Documents/IISc/4th sem/Intelligent ui/datasets/VOC/images/test2007/007118.jpg,1,1,1,1,1,1,0
/Users/shravach/Documents/IISc/4th sem/Intelligent ui/datasets/VOC/images/test2007/007119.jpg,1,0,0,1,0,0,0
/Users/shravach/Documents/IISc/4th sem/Intelligent ui/datasets/VOC/images/test2007/007120.jpg,3,6,0,3,5,0,1
/Users/shravach/Documents/IISc/4th sem/Intelligent ui/datasets/VOC/images/test2007/007124.jpg,2,0,0,2,0,0,0
/Users/shravach/Documents/IISc/4th sem/Intelligent ui/datasets/VOC/images/test2007/007126.jpg,4,1,0,4,1,0,0
/Users/shravach/Documents/IISc/4th sem/Intelligent ui/datasets/VOC/images/test2007/007127.jpg,2,1,0,2,1,0,0
/Users/shravach/Documents/IISc/4th sem/Intelligent ui/datasets/VOC/images/test2007/007131.jpg,1,0,0,1,0,0,0
/Users/shravach/Documents/IISc/4th sem/Intelligent ui/datasets/VOC/images/test2007/007134.jpg,4,0,0,4,1,0,-1
/Users/shravach/Documents/IISc/4th sem/Intelligent ui/datasets/VOC/images/test2007/007135.jpg,1,1,0,1,0,0,1
/Users/shravach/Documents/IISc/4th sem/Intelligent ui/datasets/VOC/images/test2007/007136.jpg,3,1,0,3,1,0,0
/Users/shravach/Documents/IISc/4th sem/Intelligent ui/datasets/VOC/images/test2007/007137.jpg,4,2,5,7,2,2,3
/Users/shravach/Documents/IISc/4th sem/Intelligent ui/datasets/VOC/images/test2007/007142.jpg,2,0,0,2,0,0,0
/Users/shravach/Documents/IISc/4th sem/Intelligent ui/datasets/VOC/images/test2007/007143.jpg,1,0,0,1,0,0,0
/Users/shravach/Documents/IISc/4th sem/Intelligent ui/datasets/VOC/images/test2007/007145.jpg,1,1,0,1,0,0,1
/Users/shravach/Documents/IISc/4th sem/Intelligent ui/datasets/VOC/images/test2007/007151.jpg,1,0,0,1,4,0,-4
/Users/shravach/Documents/IISc/4th sem/Intelligent ui/datasets/VOC/images/test2007/007155.jpg,1,0,0,1,0,0,0
/Users/shravach/Documents/IISc/4th sem/Intelligent ui/datasets/VOC/images/test2007/007156.jpg,0,1,3,0,1,3,0
/Users/shravach/Documents/IISc/4th sem/Intelligent ui/datasets/VOC/images/test2007/007157.jpg,2,2,1,2,1,1,1
/Users/shravach/Documents/IISc/4th sem/Intelligent ui/datasets/VOC/images/test2007/007158.jpg,1,0,0,1,0,0,0
/Users/shravach/Documents/IISc/4th sem/Intelligent ui/datasets/VOC/images/test2007/007160.jpg,1,0,0,1,0,0,0
/Users/shravach/Documents/IISc/4th sem/Intelligent ui/datasets/VOC/images/test2007/007161.jpg,1,0,0,1,0,0,0
/Users/shravach/Documents/IISc/4th sem/Intelligent ui/datasets/VOC/images/test2007/007164.jpg,1,0,2,1,0,2,0
/Users/shravach/Documents/IISc/4th sem/Intelligent ui/datasets/VOC/images/test2007/007169.jpg,1,0,0,1,1,0,-1
/Users/shravach/Documents/IISc/4th sem/Intelligent ui/datasets/VOC/images/test2007/007170.jpg,2,2,1,2,1,1,1
/Users/shravach/Documents/IISc/4th sem/Intelligent ui/datasets/VOC/images/test2007/007171.jpg,0,0,2,1,1,1,0
/Users/shravach/Documents/IISc/4th sem/Intelligent ui/datasets/VOC/images/test2007/007173.jpg,2,0,0,2,0,0,0
/Users/shravach/Documents/IISc/4th sem/Intelligent ui/datasets/VOC/images/test2007/007175.jpg,1,0,0,1,0,0,0
/Users/shravach/Documents/IISc/4th sem/Intelligent ui/datasets/VOC/images/test2007/007176.jpg,2,0,0,2,1,0,-1
/Users/shravach/Documents/IISc/4th sem/Intelligent ui/datasets/VOC/images/test2007/007178.jpg,2,1,0,2,2,0,-1
/Users/shravach/Documents/IISc/4th sem/Intelligent ui/datasets/VOC/images/test2007/007179.jpg,3,0,1,3,0,1,0
/Users/shravach/Documents/IISc/4th sem/Intelligent ui/datasets/VOC/images/test2007/007181.jpg,2,1,0,2,1,0,0
/Users/shravach/Documents/IISc/4th sem/Intelligent ui/datasets/VOC/images/test2007/007183.jpg,1,0,0,1,1,0,-1
/Users/shravach/Documents/IISc/4th sem/Intelligent ui/datasets/VOC/images/test2007/007186.jpg,5,1,1,5,0,1,1
/Users/shravach/Documents/IISc/4th sem/Intelligent ui/datasets/VOC/images/test2007/007188.jpg,1,0,0,1,0,0,0
/Users/shravach/Documents/IISc/4th sem/Intelligent ui/datasets/VOC/images/test2007/007190.jpg,1,0,0,1,0,0,0
/Users/shravach/Documents/IISc/4th sem/Intelligent ui/datasets/VOC/images/test2007/007192.jpg,1,2,0,1,0,0,2
/Users/shravach/Documents/IISc/4th sem/Intelligent ui/datasets/VOC/images/test2007/007195.jpg,1,1,1,2,1,0,1
/Users/shravach/Documents/IISc/4th sem/Intelligent ui/datasets/VOC/images/test2007/007196.jpg,3,0,0,3,0,0,0
/Users/shravach/Documents/IISc/4th sem/Intelligent ui/datasets/VOC/images/test2007/007198.jpg,1,7,1,2,5,0,3
/Users/shravach/Documents/IISc/4th sem/Intelligent ui/datasets/VOC/images/test2007/007199.jpg,1,0,0,1,0,0,0
/Users/shravach/Documents/IISc/4th sem/Intelligent ui/datasets/VOC/images/test2007/007201.jpg,1,1,0,1,1,0,0
/Users/shravach/Documents/IISc/4th sem/Intelligent ui/datasets/VOC/images/test2007/007202.jpg,2,4,2,4,5,0,1
/Users/shravach/Documents/IISc/4th sem/Intelligent ui/datasets/VOC/images/test2007/007203.jpg,2,0,1,3,1,0,0
/Users/shravach/Documents/IISc/4th sem/Intelligent ui/datasets/VOC/images/test2007/007206.jpg,2,1,0,2,0,0,1
/Users/shravach/Documents/IISc/4th sem/Intelligent ui/datasets/VOC/images/test2007/007207.jpg,10,12,0,10,11,0,1
/Users/shravach/Documents/IISc/4th sem/Intelligent ui/datasets/VOC/images/test2007/007209.jpg,1,0,0,1,0,0,0
/Users/shravach/Documents/IISc/4th sem/Intelligent ui/datasets/VOC/images/test2007/007218.jpg,1,0,0,1,0,0,0
/Users/shravach/Documents/IISc/4th sem/Intelligent ui/datasets/VOC/images/test2007/007220.jpg,3,1,0,3,1,0,0
/Users/shravach/Documents/IISc/4th sem/Intelligent ui/datasets/VOC/images/test2007/007221.jpg,1,0,0,1,0,0,0
/Users/shravach/Documents/IISc/4th sem/Intelligent ui/datasets/VOC/images/test2007/007225.jpg,3,0,1,3,0,1,0
/Users/shravach/Documents/IISc/4th sem/Intelligent ui/datasets/VOC/images/test2007/007226.jpg,1,0,0,1,0,0,0
/Users/shravach/Documents/IISc/4th sem/Intelligent ui/datasets/VOC/images/test2007/007228.jpg,5,1,0,5,1,0,0
/Users/shravach/Documents/IISc/4th sem/Intelligent ui/datasets/VOC/images/test2007/007229.jpg,1,0,0,1,0,0,0
/Users/shravach/Documents/IISc/4th sem/Intelligent ui/datasets/VOC/images/test2007/007231.jpg,1,0,0,1,0,0,0
/Users/shravach/Documents/IISc/4th sem/Intelligent ui/datasets/VOC/images/test2007/007232.jpg,2,1,0,2,0,0,1
/Users/shravach/Documents/IISc/4th sem/Intelligent ui/datasets/VOC/images/test2007/007233.jpg,1,1,0,1,0,0,1
/Users/shravach/Documents/IISc/4th sem/Intelligent ui/datasets/VOC/images/test2007/007235.jpg,2,0,0,2,0,0,0
/Users/shravach/Documents/IISc/4th sem/Intelligent ui/datasets/VOC/images/test2007/007237.jpg,7,0,1,7,0,1,0
/Users/shravach/Documents/IISc/4th sem/Intelligent ui/datasets/VOC/images/test2007/007238.jpg,1,0,0,1,0,0,0
/Users/shravach/Documents/IISc/4th sem/Intelligent ui/datasets/VOC/images/test2007/007239.jpg,1,1,0,1,0,0,1
/Users/shravach/Documents/IISc/4th sem/Intelligent ui/datasets/VOC/images/test2007/007240.jpg,1,3,0,1,4,0,-1
/Users/shravach/Documents/IISc/4th sem/Intelligent ui/datasets/VOC/images/test2007/007242.jpg,2,2,0,2,1,0,1
/Users/shravach/Documents/IISc/4th sem/Intelligent ui/datasets/VOC/images/test2007/007246.jpg,2,0,0,2,0,0,0
/Users/shravach/Documents/IISc/4th sem/Intelligent ui/datasets/VOC/images/test2007/007248.jpg,1,0,0,1,0,0,0
/Users/shravach/Documents/IISc/4th sem/Intelligent ui/datasets/VOC/images/test2007/007251.jpg,1,0,0,1,0,0,0
/Users/shravach/Documents/IISc/4th sem/Intelligent ui/datasets/VOC/images/test2007/007252.jpg,2,1,0,2,0,0,1
/Users/shravach/Documents/IISc/4th sem/Intelligent ui/datasets/VOC/images/test2007/007253.jpg,1,1,0,1,1,0,0
/Users/shravach/Documents/IISc/4th sem/Intelligent ui/datasets/VOC/images/test2007/007254.jpg,1,0,0,1,0,0,0
/Users/shravach/Documents/IISc/4th sem/Intelligent ui/datasets/VOC/images/test2007/007255.jpg,2,1,2,2,1,2,0
/Users/shravach/Documents/IISc/4th sem/Intelligent ui/datasets/VOC/images/test2007/007257.jpg,1,0,0,1,0,0,0
/Users/shravach/Documents/IISc/4th sem/Intelligent ui/datasets/VOC/images/test2007/007262.jpg,1,0,0,1,1,0,-1
/Users/shravach/Documents/IISc/4th sem/Intelligent ui/datasets/VOC/images/test2007/007264.jpg,2,0,0,2,0,0,0
/Users/shravach/Documents/IISc/4th sem/Intelligent ui/datasets/VOC/images/test2007/007265.jpg,1,0,0,1,0,0,0
/Users/shravach/Documents/IISc/4th sem/Intelligent ui/datasets/VOC/images/test2007/007267.jpg,2,0,1,3,0,0,1
/Users/shravach/Documents/IISc/4th sem/Intelligent ui/datasets/VOC/images/test2007/007268.jpg,2,1,0,1,1,1,-1
/Users/shravach/Documents/IISc/4th sem/Intelligent ui/datasets/VOC/images/test2007/007269.jpg,2,1,1,2,1,1,0
/Users/shravach/Documents/IISc/4th sem/Intelligent ui/datasets/VOC/images/test2007/007272.jpg,1,0,0,1,1,0,-1
/Users/shravach/Documents/IISc/4th sem/Intelligent ui/datasets/VOC/images/test2007/007273.jpg,1,0,0,1,0,0,0
/Users/shravach/Documents/IISc/4th sem/Intelligent ui/datasets/VOC/images/test2007/007277.jpg,1,0,0,1,0,0,0
/Users/shravach/Documents/IISc/4th sem/Intelligent ui/datasets/VOC/images/test2007/007278.jpg,1,0,0,1,0,0,0
/Users/shravach/Documents/IISc/4th sem/Intelligent ui/datasets/VOC/images/test2007/007281.jpg,3,4,0,3,2,0,2
/Users/shravach/Documents/IISc/4th sem/Intelligent ui/datasets/VOC/images/test2007/007282.jpg,3,1,0,3,1,0,0
/Users/shravach/Documents/IISc/4th sem/Intelligent ui/datasets/VOC/images/test2007/007286.jpg,1,0,0,1,0,0,0
/Users/shravach/Documents/IISc/4th sem/Intelligent ui/datasets/VOC/images/test2007/007287.jpg,1,0,0,1,0,0,0
/Users/shravach/Documents/IISc/4th sem/Intelligent ui/datasets/VOC/images/test2007/007288.jpg,1,0,0,1,1,0,-1
/Users/shravach/Documents/IISc/4th sem/Intelligent ui/datasets/VOC/images/test2007/007290.jpg,2,0,0,2,0,0,0
/Users/shravach/Documents/IISc/4th sem/Intelligent ui/datasets/VOC/images/test2007/007291.jpg,1,1,0,1,0,0,1
/Users/shravach/Documents/IISc/4th sem/Intelligent ui/datasets/VOC/images/test2007/007293.jpg,3,2,1,3,1,1,1
/Users/shravach/Documents/IISc/4th sem/Intelligent ui/datasets/VOC/images/test2007/007301.jpg,3,1,1,3,3,1,-2
/Users/shravach/Documents/IISc/4th sem/Intelligent ui/datasets/VOC/images/test2007/007303.jpg,2,0,0,2,0,0,0
/Users/shravach/Documents/IISc/4th sem/Intelligent ui/datasets/VOC/images/test2007/007304.jpg,0,0,1,0,0,1,0
/Users/shravach/Documents/IISc/4th sem/Intelligent ui/datasets/VOC/images/test2007/007306.jpg,5,1,0,5,0,0,1
/Users/shravach/Documents/IISc/4th sem/Intelligent ui/datasets/VOC/images/test2007/007307.jpg,2,0,0,2,0,0,0
/Users/shravach/Documents/IISc/4th sem/Intelligent ui/datasets/VOC/images/test2007/007309.jpg,1,1,0,1,0,0,1
/Users/shravach/Documents/IISc/4th sem/Intelligent ui/datasets/VOC/images/test2007/007310.jpg,2,0,0,2,0,0,0
/Users/shravach/Documents/IISc/4th sem/Intelligent ui/datasets/VOC/images/test2007/007312.jpg,1,1,0,1,2,0,-1
/Users/shravach/Documents/IISc/4th sem/Intelligent ui/datasets/VOC/images/test2007/007313.jpg,0,1,1,1,0,0,2
/Users/shravach/Documents/IISc/4th sem/Intelligent ui/datasets/VOC/images/test2007/007315.jpg,1,2,0,1,0,0,2
/Users/shravach/Documents/IISc/4th sem/Intelligent ui/datasets/VOC/images/test2007/007316.jpg,1,0,0,1,0,0,0
/Users/shravach/Documents/IISc/4th sem/Intelligent ui/datasets/VOC/images/test2007/007317.jpg,1,0,1,2,1,0,0
/Users/shravach/Documents/IISc/4th sem/Intelligent ui/datasets/VOC/images/test2007/007319.jpg,2,1,1,3,2,0,0
/Users/shravach/Documents/IISc/4th sem/Intelligent ui/datasets/VOC/images/test2007/007320.jpg,2,0,0,2,0,0,0
/Users/shravach/Documents/IISc/4th sem/Intelligent ui/datasets/VOC/images/test2007/007321.jpg,2,0,1,2,0,1,0
/Users/shravach/Documents/IISc/4th sem/Intelligent ui/datasets/VOC/images/test2007/007324.jpg,4,2,0,4,2,0,0
/Users/shravach/Documents/IISc/4th sem/Intelligent ui/datasets/VOC/images/test2007/007326.jpg,1,0,0,1,0,0,0
/Users/shravach/Documents/IISc/4th sem/Intelligent ui/datasets/VOC/images/test2007/007328.jpg,1,0,1,2,1,0,0
/Users/shravach/Documents/IISc/4th sem/Intelligent ui/datasets/VOC/images/test2007/007331.jpg,1,0,0,1,0,0,0
/Users/shravach/Documents/IISc/4th sem/Intelligent ui/datasets/VOC/images/test2007/007332.jpg,5,3,2,5,2,2,1
/Users/shravach/Documents/IISc/4th sem/Intelligent ui/datasets/VOC/images/test2007/007333.jpg,2,0,0,2,0,0,0
/Users/shravach/Documents/IISc/4th sem/Intelligent ui/datasets/VOC/images/test2007/007335.jpg,4,4,1,4,4,1,0
/Users/shravach/Documents/IISc/4th sem/Intelligent ui/datasets/VOC/images/test2007/007337.jpg,2,3,0,2,1,0,2
/Users/shravach/Documents/IISc/4th sem/Intelligent ui/datasets/VOC/images/test2007/007338.jpg,2,3,1,2,1,1,2
/Users/shravach/Documents/IISc/4th sem/Intelligent ui/datasets/VOC/images/test2007/007339.jpg,3,0,1,3,0,1,0
/Users/shravach/Documents/IISc/4th sem/Intelligent ui/datasets/VOC/images/test2007/007340.jpg,1,0,0,1,0,0,0
/Users/shravach/Documents/IISc/4th sem/Intelligent ui/datasets/VOC/images/test2007/007341.jpg,2,0,1,2,0,1,0
/Users/shravach/Documents/IISc/4th sem/Intelligent ui/datasets/VOC/images/test2007/007342.jpg,1,1,0,1,0,0,1
/Users/shravach/Documents/IISc/4th sem/Intelligent ui/datasets/VOC/images/test2007/007345.jpg,2,0,0,2,0,0,0
/Users/shravach/Documents/IISc/4th sem/Intelligent ui/datasets/VOC/images/test2007/007347.jpg,1,3,0,1,5,0,-2
/Users/shravach/Documents/IISc/4th sem/Intelligent ui/datasets/VOC/images/test2007/007348.jpg,2,0,0,2,0,0,0
/Users/shravach/Documents/IISc/4th sem/Intelligent ui/datasets/VOC/images/test2007/007349.jpg,2,2,1,2,2,1,0
/Users/shravach/Documents/IISc/4th sem/Intelligent ui/datasets/VOC/images/test2007/007352.jpg,2,2,1,2,0,1,2
/Users/shravach/Documents/IISc/4th sem/Intelligent ui/datasets/VOC/images/test2007/007353.jpg,1,0,0,1,0,0,0
/Users/shravach/Documents/IISc/4th sem/Intelligent ui/datasets/VOC/images/test2007/007354.jpg,1,1,0,1,1,0,0
/Users/shravach/Documents/IISc/4th sem/Intelligent ui/datasets/VOC/images/test2007/007355.jpg,2,3,1,3,4,0,0
/Users/shravach/Documents/IISc/4th sem/Intelligent ui/datasets/VOC/images/test2007/007357.jpg,2,1,0,2,1,0,0
/Users/shravach/Documents/IISc/4th sem/Intelligent ui/datasets/VOC/images/test2007/007358.jpg,3,0,0,3,0,0,0
/Users/shravach/Documents/IISc/4th sem/Intelligent ui/datasets/VOC/images/test2007/007360.jpg,1,0,0,1,0,0,0
/Users/shravach/Documents/IISc/4th sem/Intelligent ui/datasets/VOC/images/test2007/007362.jpg,2,3,0,2,1,0,2
/Users/shravach/Documents/IISc/4th sem/Intelligent ui/datasets/VOC/images/test2007/007364.jpg,2,2,0,1,3,1,-2
/Users/shravach/Documents/IISc/4th sem/Intelligent ui/datasets/VOC/images/test2007/007366.jpg,1,3,0,1,1,0,2
/Users/shravach/Documents/IISc/4th sem/Intelligent ui/datasets/VOC/images/test2007/007367.jpg,1,0,0,1,0,0,0
/Users/shravach/Documents/IISc/4th sem/Intelligent ui/datasets/VOC/images/test2007/007368.jpg,6,3,0,6,3,0,0
/Users/shravach/Documents/IISc/4th sem/Intelligent ui/datasets/VOC/images/test2007/007371.jpg,2,0,0,2,0,0,0
/Users/shravach/Documents/IISc/4th sem/Intelligent ui/datasets/VOC/images/test2007/007377.jpg,1,0,0,1,0,0,0
/Users/shravach/Documents/IISc/4th sem/Intelligent ui/datasets/VOC/images/test2007/007378.jpg,1,1,0,1,0,0,1
/Users/shravach/Documents/IISc/4th sem/Intelligent ui/datasets/VOC/images/test2007/007379.jpg,1,0,0,1,0,0,0
/Users/shravach/Documents/IISc/4th sem/Intelligent ui/datasets/VOC/images/test2007/007380.jpg,1,1,0,1,0,0,1
/Users/shravach/Documents/IISc/4th sem/Intelligent ui/datasets/VOC/images/test2007/007382.jpg,2,0,1,3,1,0,0
/Users/shravach/Documents/IISc/4th sem/Intelligent ui/datasets/VOC/images/test2007/007384.jpg,1,0,1,1,2,1,-2
/Users/shravach/Documents/IISc/4th sem/Intelligent ui/datasets/VOC/images/test2007/007386.jpg,1,0,0,1,0,0,0
/Users/shravach/Documents/IISc/4th sem/Intelligent ui/datasets/VOC/images/test2007/007387.jpg,1,0,0,1,0,0,0
/Users/shravach/Documents/IISc/4th sem/Intelligent ui/datasets/VOC/images/test2007/007391.jpg,1,4,0,1,4,0,0
/Users/shravach/Documents/IISc/4th sem/Intelligent ui/datasets/VOC/images/test2007/007392.jpg,2,0,0,2,0,0,0
/Users/shravach/Documents/IISc/4th sem/Intelligent ui/datasets/VOC/images/test2007/007393.jpg,2,3,0,2,3,0,0
/Users/shravach/Documents/IISc/4th sem/Intelligent ui/datasets/VOC/images/test2007/007395.jpg,3,0,0,3,0,0,0
/Users/shravach/Documents/IISc/4th sem/Intelligent ui/datasets/VOC/images/test2007/007397.jpg,0,4,2,2,3,0,3
/Users/shravach/Documents/IISc/4th sem/Intelligent ui/datasets/VOC/images/test2007/007399.jpg,1,0,0,1,0,0,0
/Users/shravach/Documents/IISc/4th sem/Intelligent ui/datasets/VOC/images/test2007/007400.jpg,1,2,0,1,2,0,0
/Users/shravach/Documents/IISc/4th sem/Intelligent ui/datasets/VOC/images/test2007/007401.jpg,3,0,0,3,0,0,0
/Users/shravach/Documents/IISc/4th sem/Intelligent ui/datasets/VOC/images/test2007/007402.jpg,1,0,0,1,0,0,0
/Users/shravach/Documents/IISc/4th sem/Intelligent ui/datasets/VOC/images/test2007/007403.jpg,1,0,0,1,0,0,0
/Users/shravach/Documents/IISc/4th sem/Intelligent ui/datasets/VOC/images/test2007/007404.jpg,1,1,1,1,0,1,1
/Users/shravach/Documents/IISc/4th sem/Intelligent ui/datasets/VOC/images/test2007/007405.jpg,3,1,0,3,3,0,-2
/Users/shravach/Documents/IISc/4th sem/Intelligent ui/datasets/VOC/images/test2007/007406.jpg,7,4,2,7,0,2,4
/Users/shravach/Documents/IISc/4th sem/Intelligent ui/datasets/VOC/images/test2007/007407.jpg,1,0,0,1,0,0,0
/Users/shravach/Documents/IISc/4th sem/Intelligent ui/datasets/VOC/images/test2007/007409.jpg,2,0,0,2,0,0,0
/Users/shravach/Documents/IISc/4th sem/Intelligent ui/datasets/VOC/images/test2007/007412.jpg,1,1,1,2,0,0,2
/Users/shravach/Documents/IISc/4th sem/Intelligent ui/datasets/VOC/images/test2007/007415.jpg,2,2,1,2,0,1,2
/Users/shravach/Documents/IISc/4th sem/Intelligent ui/datasets/VOC/images/test2007/007418.jpg,1,0,0,1,0,0,0
/Users/shravach/Documents/IISc/4th sem/Intelligent ui/datasets/VOC/images/test2007/007420.jpg,1,0,0,1,0,0,0
/Users/shravach/Documents/IISc/4th sem/Intelligent ui/datasets/VOC/images/test2007/007423.jpg,4,0,0,4,0,0,0
/Users/shravach/Documents/IISc/4th sem/Intelligent ui/datasets/VOC/images/test2007/007426.jpg,1,0,0,1,1,0,-1
/Users/shravach/Documents/IISc/4th sem/Intelligent ui/datasets/VOC/images/test2007/007428.jpg,5,1,1,5,1,1,0
/Users/shravach/Documents/IISc/4th sem/Intelligent ui/datasets/VOC/images/test2007/007429.jpg,1,0,0,1,0,0,0
/Users/shravach/Documents/IISc/4th sem/Intelligent ui/datasets/VOC/images/test2007/007430.jpg,1,0,0,1,0,0,0
/Users/shravach/Documents/IISc/4th sem/Intelligent ui/datasets/VOC/images/test2007/007434.jpg,1,0,0,1,0,0,0
/Users/shravach/Documents/IISc/4th sem/Intelligent ui/datasets/VOC/images/test2007/007440.jpg,2,0,0,2,1,0,-1
/Users/shravach/Documents/IISc/4th sem/Intelligent ui/datasets/VOC/images/test2007/007441.jpg,1,0,0,1,0,0,0
/Users/shravach/Documents/IISc/4th sem/Intelligent ui/datasets/VOC/images/test2007/007442.jpg,1,4,0,1,4,0,0
/Users/shravach/Documents/IISc/4th sem/Intelligent ui/datasets/VOC/images/test2007/007444.jpg,1,1,1,2,0,0,2
/Users/shravach/Documents/IISc/4th sem/Intelligent ui/datasets/VOC/images/test2007/007447.jpg,7,1,1,7,0,1,1
/Users/shravach/Documents/IISc/4th sem/Intelligent ui/datasets/VOC/images/test2007/007450.jpg,0,1,1,1,1,0,1
/Users/shravach/Documents/IISc/4th sem/Intelligent ui/datasets/VOC/images/test2007/007452.jpg,4,2,0,3,2,1,-1
/Users/shravach/Documents/IISc/4th sem/Intelligent ui/datasets/VOC/images/test2007/007453.jpg,2,1,0,2,1,0,0
/Users/shravach/Documents/IISc/4th sem/Intelligent ui/datasets/VOC/images/test2007/007455.jpg,1,0,0,1,0,0,0
/Users/shravach/Documents/IISc/4th sem/Intelligent ui/datasets/VOC/images/test2007/007456.jpg,2,3,4,5,6,1,0
/Users/shravach/Documents/IISc/4th sem/Intelligent ui/datasets/VOC/images/test2007/007459.jpg,1,0,0,1,0,0,0
/Users/shravach/Documents/IISc/4th sem/Intelligent ui/datasets/VOC/images/test2007/007462.jpg,2,2,1,3,1,0,2
/Users/shravach/Documents/IISc/4th sem/Intelligent ui/datasets/VOC/images/test2007/007463.jpg,1,1,0,1,0,0,1
/Users/shravach/Documents/IISc/4th sem/Intelligent ui/datasets/VOC/images/test2007/007464.jpg,2,1,0,2,2,0,-1
/Users/shravach/Documents/IISc/4th sem/Intelligent ui/datasets/VOC/images/test2007/007469.jpg,1,0,0,1,0,0,0
/Users/shravach/Documents/IISc/4th sem/Intelligent ui/datasets/VOC/images/test2007/007471.jpg,4,4,0,4,7,0,-3
/Users/shravach/Documents/IISc/4th sem/Intelligent ui/datasets/VOC/images/test2007/007472.jpg,1,1,0,1,1,0,0
/Users/shravach/Documents/IISc/4th sem/Intelligent ui/datasets/VOC/images/test2007/007473.jpg,1,0,0,1,2,0,-2
/Users/shravach/Documents/IISc/4th sem/Intelligent ui/datasets/VOC/images/test2007/007476.jpg,2,0,0,2,0,0,0
/Users/shravach/Documents/IISc/4th sem/Intelligent ui/datasets/VOC/images/test2007/007478.jpg,2,0,0,2,0,0,0
/Users/shravach/Documents/IISc/4th sem/Intelligent ui/datasets/VOC/images/test2007/007485.jpg,2,1,0,2,0,0,1
/Users/shravach/Documents/IISc/4th sem/Intelligent ui/datasets/VOC/images/test2007/007487.jpg,1,0,0,1,0,0,0
/Users/shravach/Documents/IISc/4th sem/Intelligent ui/datasets/VOC/images/test2007/007488.jpg,1,0,0,1,0,0,0
/Users/shravach/Documents/IISc/4th sem/Intelligent ui/datasets/VOC/images/test2007/007492.jpg,2,2,0,2,2,0,0
/Users/shravach/Documents/IISc/4th sem/Intelligent ui/datasets/VOC/images/test2007/007494.jpg,2,2,4,2,2,4,0
/Users/shravach/Documents/IISc/4th sem/Intelligent ui/datasets/VOC/images/test2007/007495.jpg,1,0,0,1,0,0,0
/Users/shravach/Documents/IISc/4th sem/Intelligent ui/datasets/VOC/images/test2007/007496.jpg,2,0,0,2,0,0,0
/Users/shravach/Documents/IISc/4th sem/Intelligent ui/datasets/VOC/images/test2007/007499.jpg,1,0,1,1,0,1,0
/Users/shravach/Documents/IISc/4th sem/Intelligent ui/datasets/VOC/images/test2007/007500.jpg,2,0,0,2,0,0,0
/Users/shravach/Documents/IISc/4th sem/Intelligent ui/datasets/VOC/images/test2007/007501.jpg,2,2,0,2,0,0,2
/Users/shravach/Documents/IISc/4th sem/Intelligent ui/datasets/VOC/images/test2007/007502.jpg,1,2,0,0,3,1,-2
/Users/shravach/Documents/IISc/4th sem/Intelligent ui/datasets/VOC/images/test2007/007504.jpg,1,0,0,1,0,0,0
/Users/shravach/Documents/IISc/4th sem/Intelligent ui/datasets/VOC/images/test2007/007505.jpg,1,0,0,1,0,0,0
/Users/shravach/Documents/IISc/4th sem/Intelligent ui/datasets/VOC/images/test2007/007507.jpg,3,1,0,3,2,0,-1
/Users/shravach/Documents/IISc/4th sem/Intelligent ui/datasets/VOC/images/test2007/007508.jpg,2,1,0,2,0,0,1
/Users/shravach/Documents/IISc/4th sem/Intelligent ui/datasets/VOC/images/test2007/007509.jpg,2,0,0,2,0,0,0
/Users/shravach/Documents/IISc/4th sem/Intelligent ui/datasets/VOC/images/test2007/007510.jpg,3,0,0,3,0,0,0
/Users/shravach/Documents/IISc/4th sem/Intelligent ui/datasets/VOC/images/test2007/007512.jpg,1,2,1,2,0,0,3
/Users/shravach/Documents/IISc/4th sem/Intelligent ui/datasets/VOC/images/test2007/007514.jpg,1,1,0,1,1,0,0
/Users/shravach/Documents/IISc/4th sem/Intelligent ui/datasets/VOC/images/test2007/007515.jpg,2,1,0,2,0,0,1
/Users/shravach/Documents/IISc/4th sem/Intelligent ui/datasets/VOC/images/test2007/007516.jpg,1,0,2,2,1,1,0
/Users/shravach/Documents/IISc/4th sem/Intelligent ui/datasets/VOC/images/test2007/007518.jpg,7,4,0,7,2,0,2
/Users/shravach/Documents/IISc/4th sem/Intelligent ui/datasets/VOC/images/test2007/007520.jpg,1,0,1,1,0,1,0
/Users/shravach/Documents/IISc/4th sem/Intelligent ui/datasets/VOC/images/test2007/007522.jpg,1,1,1,2,0,0,2
/Users/shravach/Documents/IISc/4th sem/Intelligent ui/datasets/VOC/images/test2007/007529.jpg,1,1,0,1,1,0,0
/Users/shravach/Documents/IISc/4th sem/Intelligent ui/datasets/VOC/images/test2007/007531.jpg,3,2,0,3,5,0,-3
/Users/shravach/Documents/IISc/4th sem/Intelligent ui/datasets/VOC/images/test2007/007532.jpg,5,2,1,6,1,0,2
/Users/shravach/Documents/IISc/4th sem/Intelligent ui/datasets/VOC/images/test2007/007534.jpg,2,0,0,2,0,0,0
/Users/shravach/Documents/IISc/4th sem/Intelligent ui/datasets/VOC/images/test2007/007539.jpg,1,0,0,1,0,0,0
/Users/shravach/Documents/IISc/4th sem/Intelligent ui/datasets/VOC/images/test2007/007541.jpg,1,0,0,1,0,0,0
/Users/shravach/Documents/IISc/4th sem/Intelligent ui/datasets/VOC/images/test2007/007542.jpg,1,0,0,1,0,0,0
/Users/shravach/Documents/IISc/4th sem/Intelligent ui/datasets/VOC/images/test2007/007545.jpg,1,0,0,1,0,0,0
/Users/shravach/Documents/IISc/4th sem/Intelligent ui/datasets/VOC/images/test2007/007548.jpg,1,0,0,1,0,0,0
/Users/shravach/Documents/IISc/4th sem/Intelligent ui/datasets/VOC/images/test2007/007549.jpg,2,0,1,3,0,0,1
/Users/shravach/Documents/IISc/4th sem/Intelligent ui/datasets/VOC/images/test2007/007550.jpg,1,0,0,1,0,0,0
/Users/shravach/Documents/IISc/4th sem/Intelligent ui/datasets/VOC/images/test2007/007552.jpg,0,2,1,0,1,1,1
/Users/shravach/Documents/IISc/4th sem/Intelligent ui/datasets/VOC/images/test2007/007553.jpg,4,2,2,4,3,2,-1
/Users/shravach/Documents/IISc/4th sem/Intelligent ui/datasets/VOC/images/test2007/007554.jpg,3,4,1,4,0,0,5
/Users/shravach/Documents/IISc/4th sem/Intelligent ui/datasets/VOC/images/test2007/007556.jpg,1,0,0,1,0,0,0
/Users/shravach/Documents/IISc/4th sem/Intelligent ui/datasets/VOC/images/test2007/007557.jpg,1,2,0,1,0,0,2
/Users/shravach/Documents/IISc/4th sem/Intelligent ui/datasets/VOC/images/test2007/007560.jpg,1,1,0,1,0,0,1
/Users/shravach/Documents/IISc/4th sem/Intelligent ui/datasets/VOC/images/test2007/007561.jpg,2,3,0,2,2,0,1
/Users/shravach/Documents/IISc/4th sem/Intelligent ui/datasets/VOC/images/test2007/007562.jpg,2,0,0,2,0,0,0
/Users/shravach/Documents/IISc/4th sem/Intelligent ui/datasets/VOC/images/test2007/007564.jpg,2,2,0,2,1,0,1
/Users/shravach/Documents/IISc/4th sem/Intelligent ui/datasets/VOC/images/test2007/007567.jpg,6,4,2,6,3,2,1
/Users/shravach/Documents/IISc/4th sem/Intelligent ui/datasets/VOC/images/test2007/007569.jpg,0,0,3,2,10,1,-8
/Users/shravach/Documents/IISc/4th sem/Intelligent ui/datasets/VOC/images/test2007/007573.jpg,5,2,0,5,3,0,-1
/Users/shravach/Documents/IISc/4th sem/Intelligent ui/datasets/VOC/images/test2007/007574.jpg,1,0,0,1,0,0,0
/Users/shravach/Documents/IISc/4th sem/Intelligent ui/datasets/VOC/images/test2007/007577.jpg,5,0,0,5,1,0,-1
/Users/shravach/Documents/IISc/4th sem/Intelligent ui/datasets/VOC/images/test2007/007580.jpg,1,0,1,1,2,1,-2
/Users/shravach/Documents/IISc/4th sem/Intelligent ui/datasets/VOC/images/test2007/007581.jpg,1,1,1,1,1,1,0
/Users/shravach/Documents/IISc/4th sem/Intelligent ui/datasets/VOC/images/test2007/007582.jpg,1,0,0,1,1,0,-1
/Users/shravach/Documents/IISc/4th sem/Intelligent ui/datasets/VOC/images/test2007/007583.jpg,3,1,0,3,0,0,1
/Users/shravach/Documents/IISc/4th sem/Intelligent ui/datasets/VOC/images/test2007/007584.jpg,1,1,0,0,1,1,-1
/Users/shravach/Documents/IISc/4th sem/Intelligent ui/datasets/VOC/images/test2007/007587.jpg,0,1,2,2,2,0,1
/Users/shravach/Documents/IISc/4th sem/Intelligent ui/datasets/VOC/images/test2007/007588.jpg,1,0,0,1,0,0,0
/Users/shravach/Documents/IISc/4th sem/Intelligent ui/datasets/VOC/images/test2007/007589.jpg,3,2,0,3,1,0,1
/Users/shravach/Documents/IISc/4th sem/Intelligent ui/datasets/VOC/images/test2007/007591.jpg,1,2,0,1,2,0,0
/Users/shravach/Documents/IISc/4th sem/Intelligent ui/datasets/VOC/images/test2007/007593.jpg,2,0,0,2,0,0,0
/Users/shravach/Documents/IISc/4th sem/Intelligent ui/datasets/VOC/images/test2007/007595.jpg,1,1,0,1,1,0,0
/Users/shravach/Documents/IISc/4th sem/Intelligent ui/datasets/VOC/images/test2007/007596.jpg,5,1,0,5,1,0,0
/Users/shravach/Documents/IISc/4th sem/Intelligent ui/datasets/VOC/images/test2007/007597.jpg,1,1,1,2,0,0,2
/Users/shravach/Documents/IISc/4th sem/Intelligent ui/datasets/VOC/images/test2007/007598.jpg,3,2,2,4,0,1,3
/Users/shravach/Documents/IISc/4th sem/Intelligent ui/datasets/VOC/images/test2007/007599.jpg,2,0,0,2,0,0,0
/Users/shravach/Documents/IISc/4th sem/Intelligent ui/datasets/VOC/images/test2007/007602.jpg,4,1,0,4,0,0,1
/Users/shravach/Documents/IISc/4th sem/Intelligent ui/datasets/VOC/images/test2007/007604.jpg,1,0,0,1,0,0,0
/Users/shravach/Documents/IISc/4th sem/Intelligent ui/datasets/VOC/images/test2007/007607.jpg,1,0,0,1,0,0,0
/Users/shravach/Documents/IISc/4th sem/Intelligent ui/datasets/VOC/images/test2007/007608.jpg,0,0,1,1,0,0,1
/Users/shravach/Documents/IISc/4th sem/Intelligent ui/datasets/VOC/images/test2007/007609.jpg,1,2,1,2,2,0,1
/Users/shravach/Documents/IISc/4th sem/Intelligent ui/datasets/VOC/images/test2007/007610.jpg,1,2,0,1,1,0,1
/Users/shravach/Documents/IISc/4th sem/Intelligent ui/datasets/VOC/images/test2007/007613.jpg,1,0,1,1,0,1,0
/Users/shravach/Documents/IISc/4th sem/Intelligent ui/datasets/VOC/images/test2007/007616.jpg,2,0,0,2,0,0,0
/Users/shravach/Documents/IISc/4th sem/Intelligent ui/datasets/VOC/images/test2007/007617.jpg,2,0,0,2,0,0,0
/Users/shravach/Documents/IISc/4th sem/Intelligent ui/datasets/VOC/images/test2007/007620.jpg,2,2,0,2,2,0,0
/Users/shravach/Documents/IISc/4th sem/Intelligent ui/datasets/VOC/images/test2007/007623.jpg,2,0,0,2,0,0,0
/Users/shravach/Documents/IISc/4th sem/Intelligent ui/datasets/VOC/images/test2007/007625.jpg,4,0,0,4,0,0,0
/Users/shravach/Documents/IISc/4th sem/Intelligent ui/datasets/VOC/images/test2007/007627.jpg,2,0,0,2,0,0,0
/Users/shravach/Documents/IISc/4th sem/Intelligent ui/datasets/VOC/images/test2007/007628.jpg,1,0,0,1,0,0,0
/Users/shravach/Documents/IISc/4th sem/Intelligent ui/datasets/VOC/images/test2007/007630.jpg,1,1,0,1,0,0,1
/Users/shravach/Documents/IISc/4th sem/Intelligent ui/datasets/VOC/images/test2007/007632.jpg,1,0,0,1,0,0,0
/Users/shravach/Documents/IISc/4th sem/Intelligent ui/datasets/VOC/images/test2007/007634.jpg,7,5,2,8,5,1,1
/Users/shravach/Documents/IISc/4th sem/Intelligent ui/datasets/VOC/images/test2007/007635.jpg,1,0,0,1,0,0,0
/Users/shravach/Documents/IISc/4th sem/Intelligent ui/datasets/VOC/images/test2007/007636.jpg,2,0,0,2,0,0,0
/Users/shravach/Documents/IISc/4th sem/Intelligent ui/datasets/VOC/images/test2007/007638.jpg,1,0,0,1,0,0,0
/Users/shravach/Documents/IISc/4th sem/Intelligent ui/datasets/VOC/images/test2007/007641.jpg,5,4,0,5,2,0,2
/Users/shravach/Documents/IISc/4th sem/Intelligent ui/datasets/VOC/images/test2007/007643.jpg,1,0,1,2,0,0,1
/Users/shravach/Documents/IISc/4th sem/Intelligent ui/datasets/VOC/images/test2007/007644.jpg,7,4,8,7,10,8,-6
/Users/shravach/Documents/IISc/4th sem/Intelligent ui/datasets/VOC/images/test2007/007645.jpg,3,1,1,3,2,1,-1
/Users/shravach/Documents/IISc/4th sem/Intelligent ui/datasets/VOC/images/test2007/007646.jpg,2,0,0,2,0,0,0
/Users/shravach/Documents/IISc/4th sem/Intelligent ui/datasets/VOC/images/test2007/007648.jpg,5,1,0,5,4,0,-3
/Users/shravach/Documents/IISc/4th sem/Intelligent ui/datasets/VOC/images/test2007/007651.jpg,1,1,0,1,1,0,0
/Users/shravach/Documents/IISc/4th sem/Intelligent ui/datasets/VOC/images/test2007/007652.jpg,1,0,0,1,2,0,-2
/Users/shravach/Documents/IISc/4th sem/Intelligent ui/datasets/VOC/images/test2007/007658.jpg,4,0,0,4,0,0,0
/Users/shravach/Documents/IISc/4th sem/Intelligent ui/datasets/VOC/images/test2007/007659.jpg,1,0,0,1,0,0,0
/Users/shravach/Documents/IISc/4th sem/Intelligent ui/datasets/VOC/images/test2007/007660.jpg,0,7,1,1,4,0,4
/Users/shravach/Documents/IISc/4th sem/Intelligent ui/datasets/VOC/images/test2007/007661.jpg,1,0,0,1,0,0,0
/Users/shravach/Documents/IISc/4th sem/Intelligent ui/datasets/VOC/images/test2007/007665.jpg,3,0,0,3,0,0,0
/Users/shravach/Documents/IISc/4th sem/Intelligent ui/datasets/VOC/images/test2007/007669.jpg,1,0,0,1,0,0,0
/Users/shravach/Documents/IISc/4th sem/Intelligent ui/datasets/VOC/images/test2007/007674.jpg,1,0,0,1,1,0,-1
/Users/shravach/Documents/IISc/4th sem/Intelligent ui/datasets/VOC/images/test2007/007676.jpg,1,0,1,1,2,1,-2
/Users/shravach/Documents/IISc/4th sem/Intelligent ui/datasets/VOC/images/test2007/007681.jpg,1,0,0,1,0,0,0
/Users/shravach/Documents/IISc/4th sem/Intelligent ui/datasets/VOC/images/test2007/007684.jpg,0,1,2,0,1,2,0
/Users/shravach/Documents/IISc/4th sem/Intelligent ui/datasets/VOC/images/test2007/007686.jpg,1,0,0,1,1,0,-1
/Users/shravach/Documents/IISc/4th sem/Intelligent ui/datasets/VOC/images/test2007/007689.jpg,1,1,1,2,0,0,2
/Users/shravach/Documents/IISc/4th sem/Intelligent ui/datasets/VOC/images/test2007/007690.jpg,3,0,0,3,1,0,-1
/Users/shravach/Documents/IISc/4th sem/Intelligent ui/datasets/VOC/images/test2007/007693.jpg,1,0,0,1,1,0,-1
/Users/shravach/Documents/IISc/4th sem/Intelligent ui/datasets/VOC/images/test2007/007695.jpg,2,0,0,2,0,0,0
/Users/shravach/Documents/IISc/4th sem/Intelligent ui/datasets/VOC/images/test2007/007698.jpg,1,1,0,1,0,0,1
/Users/shravach/Documents/IISc/4th sem/Intelligent ui/datasets/VOC/images/test2007/007700.jpg,1,1,2,2,3,1,-1
/Users/shravach/Documents/IISc/4th sem/Intelligent ui/datasets/VOC/images/test2007/007701.jpg,4,2,0,4,1,0,1
/Users/shravach/Documents/IISc/4th sem/Intelligent ui/datasets/VOC/images/test2007/007703.jpg,0,0,1,0,1,1,-1
/Users/shravach/Documents/IISc/4th sem/Intelligent ui/datasets/VOC/images/test2007/007706.jpg,2,1,0,2,2,0,-1
/Users/shravach/Documents/IISc/4th sem/Intelligent ui/datasets/VOC/images/test2007/007707.jpg,2,1,1,3,1,0,1
/Users/shravach/Documents/IISc/4th sem/Intelligent ui/datasets/VOC/images/test2007/007708.jpg,0,2,1,0,5,1,-3
/Users/shravach/Documents/IISc/4th sem/Intelligent ui/datasets/VOC/images/test2007/007710.jpg,2,0,0,2,0,0,0
/Users/shravach/Documents/IISc/4th sem/Intelligent ui/datasets/VOC/images/test2007/007711.jpg,0,1,1,1,0,0,2
/Users/shravach/Documents/IISc/4th sem/Intelligent ui/datasets/VOC/images/test2007/007714.jpg,3,1,0,3,0,0,1
/Users/shravach/Documents/IISc/4th sem/Intelligent ui/datasets/VOC/images/test2007/007716.jpg,1,2,0,1,0,0,2
/Users/shravach/Documents/IISc/4th sem/Intelligent ui/datasets/VOC/images/test2007/007717.jpg,0,1,1,1,0,0,2
/Users/shravach/Documents/IISc/4th sem/Intelligent ui/datasets/VOC/images/test2007/007719.jpg,2,0,1,3,1,0,0
/Users/shravach/Documents/IISc/4th sem/Intelligent ui/datasets/VOC/images/test2007/007722.jpg,3,2,0,3,6,0,-4
/Users/shravach/Documents/IISc/4th sem/Intelligent ui/datasets/VOC/images/test2007/007725.jpg,2,0,0,2,0,0,0
/Users/shravach/Documents/IISc/4th sem/Intelligent ui/datasets/VOC/images/test2007/007726.jpg,1,0,1,1,0,1,0
/Users/shravach/Documents/IISc/4th sem/Intelligent ui/datasets/VOC/images/test2007/007728.jpg,2,0,0,2,0,0,0
/Users/shravach/Documents/IISc/4th sem/Intelligent ui/datasets/VOC/images/test2007/007730.jpg,1,0,0,1,0,0,0
/Users/shravach/Documents/IISc/4th sem/Intelligent ui/datasets/VOC/images/test2007/007733.jpg,1,1,1,2,0,0,2
/Users/shravach/Documents/IISc/4th sem/Intelligent ui/datasets/VOC/images/test2007/007734.jpg,2,1,0,2,0,0,1
/Users/shravach/Documents/IISc/4th sem/Intelligent ui/datasets/VOC/images/test2007/007737.jpg,1,0,0,1,0,0,0
/Users/shravach/Documents/IISc/4th sem/Intelligent ui/datasets/VOC/images/test2007/007738.jpg,0,3,1,1,2,0,2
/Users/shravach/Documents/IISc/4th sem/Intelligent ui/datasets/VOC/images/test2007/007739.jpg,4,1,0,3,1,1,-1
/Users/shravach/Documents/IISc/4th sem/Intelligent ui/datasets/VOC/images/test2007/007741.jpg,8,10,3,9,16,2,-5
/Users/shravach/Documents/IISc/4th sem/Intelligent ui/datasets/VOC/images/test2007/007744.jpg,13,4,1,13,1,1,3
/Users/shravach/Documents/IISc/4th sem/Intelligent ui/datasets/VOC/images/test2007/007747.jpg,2,1,1,2,1,1,0
/Users/shravach/Documents/IISc/4th sem/Intelligent ui/datasets/VOC/images/test2007/007750.jpg,2,0,0,2,0,0,0
/Users/shravach/Documents/IISc/4th sem/Intelligent ui/datasets/VOC/images/test2007/007752.jpg,2,0,0,2,0,0,0
/Users/shravach/Documents/IISc/4th sem/Intelligent ui/datasets/VOC/images/test2007/007755.jpg,1,0,0,1,0,0,0
/Users/shravach/Documents/IISc/4th sem/Intelligent ui/datasets/VOC/images/test2007/007756.jpg,2,1,0,2,1,0,0
/Users/shravach/Documents/IISc/4th sem/Intelligent ui/datasets/VOC/images/test2007/007757.jpg,3,2,0,3,3,0,-1
/Users/shravach/Documents/IISc/4th sem/Intelligent ui/datasets/VOC/images/test2007/007759.jpg,3,1,0,3,2,0,-1
/Users/shravach/Documents/IISc/4th sem/Intelligent ui/datasets/VOC/images/test2007/007761.jpg,2,1,0,2,0,0,1
/Users/shravach/Documents/IISc/4th sem/Intelligent ui/datasets/VOC/images/test2007/007764.jpg,1,0,0,1,0,0,0
/Users/shravach/Documents/IISc/4th sem/Intelligent ui/datasets/VOC/images/test2007/007766.jpg,2,0,0,2,1,0,-1
/Users/shravach/Documents/IISc/4th sem/Intelligent ui/datasets/VOC/images/test2007/007769.jpg,2,3,0,2,0,0,3
/Users/shravach/Documents/IISc/4th sem/Intelligent ui/datasets/VOC/images/test2007/007770.jpg,3,2,0,3,2,0,0
/Users/shravach/Documents/IISc/4th sem/Intelligent ui/datasets/VOC/images/test2007/007771.jpg,0,1,1,1,0,0,2
/Users/shravach/Documents/IISc/4th sem/Intelligent ui/datasets/VOC/images/test2007/007774.jpg,1,0,0,1,0,0,0
/Users/shravach/Documents/IISc/4th sem/Intelligent ui/datasets/VOC/images/test2007/007778.jpg,1,0,1,2,1,0,0
/Users/shravach/Documents/IISc/4th sem/Intelligent ui/datasets/VOC/images/test2007/007780.jpg,2,0,1,2,0,1,0
/Users/shravach/Documents/IISc/4th sem/Intelligent ui/datasets/VOC/images/test2007/007782.jpg,1,0,0,1,0,0,0
/Users/shravach/Documents/IISc/4th sem/Intelligent ui/datasets/VOC/images/test2007/007783.jpg,2,1,1,2,2,1,-1
/Users/shravach/Documents/IISc/4th sem/Intelligent ui/datasets/VOC/images/test2007/007784.jpg,1,1,0,1,0,0,1
/Users/shravach/Documents/IISc/4th sem/Intelligent ui/datasets/VOC/images/test2007/007785.jpg,2,0,3,5,0,0,3
/Users/shravach/Documents/IISc/4th sem/Intelligent ui/datasets/VOC/images/test2007/007787.jpg,1,0,0,1,0,0,0
/Users/shravach/Documents/IISc/4th sem/Intelligent ui/datasets/VOC/images/test2007/007788.jpg,1,1,0,1,0,0,1
/Users/shravach/Documents/IISc/4th sem/Intelligent ui/datasets/VOC/images/test2007/007789.jpg,1,7,0,1,6,0,1
/Users/shravach/Documents/IISc/4th sem/Intelligent ui/datasets/VOC/images/test2007/007792.jpg,1,3,1,1,2,1,1
/Users/shravach/Documents/IISc/4th sem/Intelligent ui/datasets/VOC/images/test2007/007794.jpg,1,0,0,1,0,0,0
/Users/shravach/Documents/IISc/4th sem/Intelligent ui/datasets/VOC/images/test2007/007796.jpg,1,0,0,1,0,0,0
/Users/shravach/Documents/IISc/4th sem/Intelligent ui/datasets/VOC/images/test2007/007797.jpg,2,0,0,2,0,0,0
/Users/shravach/Documents/IISc/4th sem/Intelligent ui/datasets/VOC/images/test2007/007800.jpg,1,0,0,1,0,0,0
/Users/shravach/Documents/IISc/4th sem/Intelligent ui/datasets/VOC/images/test2007/007801.jpg,3,1,1,4,4,0,-2
/Users/shravach/Documents/IISc/4th sem/Intelligent ui/datasets/VOC/images/test2007/007802.jpg,1,0,0,1,0,0,0
/Users/shravach/Documents/IISc/4th sem/Intelligent ui/datasets/VOC/images/test2007/007804.jpg,1,1,0,1,0,0,1
/Users/shravach/Documents/IISc/4th sem/Intelligent ui/datasets/VOC/images/test2007/007805.jpg,1,0,0,1,0,0,0
/Users/shravach/Documents/IISc/4th sem/Intelligent ui/datasets/VOC/images/test2007/007806.jpg,1,0,0,1,1,0,-1
/Users/shravach/Documents/IISc/4th sem/Intelligent ui/datasets/VOC/images/test2007/007807.jpg,1,0,1,1,0,1,0
/Users/shravach/Documents/IISc/4th sem/Intelligent ui/datasets/VOC/images/test2007/007808.jpg,2,2,1,2,1,1,1
/Users/shravach/Documents/IISc/4th sem/Intelligent ui/datasets/VOC/images/test2007/007811.jpg,2,1,1,2,1,1,0
/Users/shravach/Documents/IISc/4th sem/Intelligent ui/datasets/VOC/images/test2007/007816.jpg,2,7,1,2,5,1,2
/Users/shravach/Documents/IISc/4th sem/Intelligent ui/datasets/VOC/images/test2007/007817.jpg,2,0,0,2,0,0,0
/Users/shravach/Documents/IISc/4th sem/Intelligent ui/datasets/VOC/images/test2007/007818.jpg,5,3,0,5,2,0,1
/Users/shravach/Documents/IISc/4th sem/Intelligent ui/datasets/VOC/images/test2007/007822.jpg,2,1,1,2,1,1,0
/Users/shravach/Documents/IISc/4th sem/Intelligent ui/datasets/VOC/images/test2007/007823.jpg,1,0,0,1,0,0,0
/Users/shravach/Documents/IISc/4th sem/Intelligent ui/datasets/VOC/images/test2007/007825.jpg,1,0,0,1,0,0,0
/Users/shravach/Documents/IISc/4th sem/Intelligent ui/datasets/VOC/images/test2007/007827.jpg,1,0,0,1,0,0,0
/Users/shravach/Documents/IISc/4th sem/Intelligent ui/datasets/VOC/images/test2007/007828.jpg,2,0,0,2,0,0,0
/Users/shravach/Documents/IISc/4th sem/Intelligent ui/datasets/VOC/images/test2007/007829.jpg,1,0,0,1,0,0,0
/Users/shravach/Documents/IISc/4th sem/Intelligent ui/datasets/VOC/images/test2007/007830.jpg,1,0,0,1,1,0,-1
/Users/shravach/Documents/IISc/4th sem/Intelligent ui/datasets/VOC/images/test2007/007832.jpg,2,0,1,3,0,0,1
/Users/shravach/Documents/IISc/4th sem/Intelligent ui/datasets/VOC/images/test2007/007835.jpg,2,1,2,2,0,2,1
/Users/shravach/Documents/IISc/4th sem/Intelligent ui/datasets/VOC/images/test2007/007837.jpg,1,0,1,1,0,1,0
/Users/shravach/Documents/IISc/4th sem/Intelligent ui/datasets/VOC/images/test2007/007839.jpg,2,0,1,2,3,1,-3
/Users/shravach/Documents/IISc/4th sem/Intelligent ui/datasets/VOC/images/test2007/007842.jpg,1,0,0,1,0,0,0
/Users/shravach/Documents/IISc/4th sem/Intelligent ui/datasets/VOC/images/test2007/007844.jpg,1,0,0,1,0,0,0
/Users/shravach/Documents/IISc/4th sem/Intelligent ui/datasets/VOC/images/test2007/007846.jpg,2,0,0,2,0,0,0
/Users/shravach/Documents/IISc/4th sem/Intelligent ui/datasets/VOC/images/test2007/007848.jpg,1,0,0,1,0,0,0
/Users/shravach/Documents/IISc/4th sem/Intelligent ui/datasets/VOC/images/test2007/007849.jpg,3,4,3,5,6,1,0
/Users/shravach/Documents/IISc/4th sem/Intelligent ui/datasets/VOC/images/test2007/007850.jpg,1,0,0,1,0,0,0
/Users/shravach/Documents/IISc/4th sem/Intelligent ui/datasets/VOC/images/test2007/007851.jpg,1,0,0,1,0,0,0
/Users/shravach/Documents/IISc/4th sem/Intelligent ui/datasets/VOC/images/test2007/007852.jpg,1,0,0,1,0,0,0
/Users/shravach/Documents/IISc/4th sem/Intelligent ui/datasets/VOC/images/test2007/007858.jpg,2,2,2,3,0,1,3
/Users/shravach/Documents/IISc/4th sem/Intelligent ui/datasets/VOC/images/test2007/007860.jpg,2,0,0,2,0,0,0
/Users/shravach/Documents/IISc/4th sem/Intelligent ui/datasets/VOC/images/test2007/007861.jpg,3,1,0,3,2,0,-1
/Users/shravach/Documents/IISc/4th sem/Intelligent ui/datasets/VOC/images/test2007/007862.jpg,7,3,2,6,3,3,-1
/Users/shravach/Documents/IISc/4th sem/Intelligent ui/datasets/VOC/images/test2007/007866.jpg,0,1,1,1,0,0,2
/Users/shravach/Documents/IISc/4th sem/Intelligent ui/datasets/VOC/images/test2007/007867.jpg,1,0,0,1,0,0,0
/Users/shravach/Documents/IISc/4th sem/Intelligent ui/datasets/VOC/images/test2007/007870.jpg,1,1,0,1,0,0,1
/Users/shravach/Documents/IISc/4th sem/Intelligent ui/datasets/VOC/images/test2007/007871.jpg,3,2,0,3,1,0,1
/Users/shravach/Documents/IISc/4th sem/Intelligent ui/datasets/VOC/images/test2007/007874.jpg,2,0,0,2,0,0,0
/Users/shravach/Documents/IISc/4th sem/Intelligent ui/datasets/VOC/images/test2007/007875.jpg,1,0,0,1,1,0,-1
/Users/shravach/Documents/IISc/4th sem/Intelligent ui/datasets/VOC/images/test2007/007879.jpg,1,1,0,1,0,0,1
/Users/shravach/Documents/IISc/4th sem/Intelligent ui/datasets/VOC/images/test2007/007880.jpg,1,0,0,1,0,0,0
/Users/shravach/Documents/IISc/4th sem/Intelligent ui/datasets/VOC/images/test2007/007881.jpg,1,0,0,1,0,0,0
/Users/shravach/Documents/IISc/4th sem/Intelligent ui/datasets/VOC/images/test2007/007882.jpg,3,3,0,3,2,0,1
/Users/shravach/Documents/IISc/4th sem/Intelligent ui/datasets/VOC/images/test2007/007887.jpg,1,0,0,1,1,0,-1
/Users/shravach/Documents/IISc/4th sem/Intelligent ui/datasets/VOC/images/test2007/007888.jpg,2,1,0,2,0,0,1
/Users/shravach/Documents/IISc/4th sem/Intelligent ui/datasets/VOC/images/test2007/007891.jpg,1,0,0,1,1,0,-1
/Users/shravach/Documents/IISc/4th sem/Intelligent ui/datasets/VOC/images/test2007/007892.jpg,1,0,0,1,0,0,0
/Users/shravach/Documents/IISc/4th sem/Intelligent ui/datasets/VOC/images/test2007/007893.jpg,0,1,1,0,1,1,0
/Users/shravach/Documents/IISc/4th sem/Intelligent ui/datasets/VOC/images/test2007/007894.jpg,6,0,0,6,0,0,0
/Users/shravach/Documents/IISc/4th sem/Intelligent ui/datasets/VOC/images/test2007/007895.jpg,1,2,0,1,1,0,1
/Users/shravach/Documents/IISc/4th sem/Intelligent ui/datasets/VOC/images/test2007/007896.jpg,12,2,0,11,4,1,-3
/Users/shravach/Documents/IISc/4th sem/Intelligent ui/datasets/VOC/images/test2007/007903.jpg,3,1,0,3,0,0,1
/Users/shravach/Documents/IISc/4th sem/Intelligent ui/datasets/VOC/images/test2007/007904.jpg,5,4,1,6,5,0,0
/Users/shravach/Documents/IISc/4th sem/Intelligent ui/datasets/VOC/images/test2007/007906.jpg,8,2,0,8,1,0,1
/Users/shravach/Documents/IISc/4th sem/Intelligent ui/datasets/VOC/images/test2007/007907.jpg,1,1,0,1,0,0,1
/Users/shravach/Documents/IISc/4th sem/Intelligent ui/datasets/VOC/images/test2007/007912.jpg,2,0,0,2,0,0,0
/Users/shravach/Documents/IISc/4th sem/Intelligent ui/datasets/VOC/images/test2007/007913.jpg,2,0,1,2,1,1,-1
/Users/shravach/Documents/IISc/4th sem/Intelligent ui/datasets/VOC/images/test2007/007917.jpg,3,0,0,3,1,0,-1
/Users/shravach/Documents/IISc/4th sem/Intelligent ui/datasets/VOC/images/test2007/007918.jpg,1,0,1,1,1,1,-1
/Users/shravach/Documents/IISc/4th sem/Intelligent ui/datasets/VOC/images/test2007/007922.jpg,1,1,0,1,1,0,0
/Users/shravach/Documents/IISc/4th sem/Intelligent ui/datasets/VOC/images/test2007/007927.jpg,3,2,0,3,3,0,-1
/Users/shravach/Documents/IISc/4th sem/Intelligent ui/datasets/VOC/images/test2007/007929.jpg,3,3,2,3,6,2,-3
/Users/shravach/Documents/IISc/4th sem/Intelligent ui/datasets/VOC/images/test2007/007930.jpg,0,0,1,1,0,0,1
/Users/shravach/Documents/IISc/4th sem/Intelligent ui/datasets/VOC/images/test2007/007934.jpg,1,1,0,1,0,0,1
/Users/shravach/Documents/IISc/4th sem/Intelligent ui/datasets/VOC/images/test2007/007936.jpg,1,0,0,1,0,0,0
/Users/shravach/Documents/IISc/4th sem/Intelligent ui/datasets/VOC/images/test2007/007937.jpg,0,3,1,0,2,1,1
/Users/shravach/Documents/IISc/4th sem/Intelligent ui/datasets/VOC/images/test2007/007938.jpg,2,0,0,2,2,0,-2
/Users/shravach/Documents/IISc/4th sem/Intelligent ui/datasets/VOC/images/test2007/007941.jpg,1,1,0,1,0,0,1
/Users/shravach/Documents/IISc/4th sem/Intelligent ui/datasets/VOC/images/test2007/007942.jpg,4,1,0,4,3,0,-2
/Users/shravach/Documents/IISc/4th sem/Intelligent ui/datasets/VOC/images/test2007/007944.jpg,1,0,0,1,0,0,0
/Users/shravach/Documents/IISc/4th sem/Intelligent ui/datasets/VOC/images/test2007/007945.jpg,1,1,0,1,1,0,0
/Users/shravach/Documents/IISc/4th sem/Intelligent ui/datasets/VOC/images/test2007/007948.jpg,1,0,0,1,0,0,0
/Users/shravach/Documents/IISc/4th sem/Intelligent ui/datasets/VOC/images/test2007/007949.jpg,3,2,1,4,2,0,1
/Users/shravach/Documents/IISc/4th sem/Intelligent ui/datasets/VOC/images/test2007/007951.jpg,2,0,0,2,0,0,0
/Users/shravach/Documents/IISc/4th sem/Intelligent ui/datasets/VOC/images/test2007/007952.jpg,1,1,0,1,0,0,1
/Users/shravach/Documents/IISc/4th sem/Intelligent ui/datasets/VOC/images/test2007/007955.jpg,1,0,0,1,0,0,0
/Users/shravach/Documents/IISc/4th sem/Intelligent ui/datasets/VOC/images/test2007/007957.jpg,3,2,0,3,2,0,0
/Users/shravach/Documents/IISc/4th sem/Intelligent ui/datasets/VOC/images/test2007/007960.jpg,1,0,0,1,0,0,0
/Users/shravach/Documents/IISc/4th sem/Intelligent ui/datasets/VOC/images/test2007/007961.jpg,4,1,2,6,2,0,1
/Users/shravach/Documents/IISc/4th sem/Intelligent ui/datasets/VOC/images/test2007/007962.jpg,1,4,1,2,2,0,3
/Users/shravach/Documents/IISc/4th sem/Intelligent ui/datasets/VOC/images/test2007/007965.jpg,3,2,0,3,1,0,1
/Users/shravach/Documents/IISc/4th sem/Intelligent ui/datasets/VOC/images/test2007/007966.jpg,2,0,0,2,0,0,0
/Users/shravach/Documents/IISc/4th sem/Intelligent ui/datasets/VOC/images/test2007/007967.jpg,3,0,0,3,0,0,0
/Users/shravach/Documents/IISc/4th sem/Intelligent ui/datasets/VOC/images/test2007/007969.jpg,7,1,1,7,1,1,0
/Users/shravach/Documents/IISc/4th sem/Intelligent ui/datasets/VOC/images/test2007/007972.jpg,4,0,0,4,0,0,0
/Users/shravach/Documents/IISc/4th sem/Intelligent ui/datasets/VOC/images/test2007/007973.jpg,1,0,0,1,0,0,0
/Users/shravach/Documents/IISc/4th sem/Intelligent ui/datasets/VOC/images/test2007/007975.jpg,1,0,1,2,0,0,1
/Users/shravach/Documents/IISc/4th sem/Intelligent ui/datasets/VOC/images/test2007/007977.jpg,1,0,0,1,0,0,0
/Users/shravach/Documents/IISc/4th sem/Intelligent ui/datasets/VOC/images/test2007/007978.jpg,2,1,0,2,0,0,1
/Users/shravach/Documents/IISc/4th sem/Intelligent ui/datasets/VOC/images/test2007/007981.jpg,1,1,0,1,0,0,1
/Users/shravach/Documents/IISc/4th sem/Intelligent ui/datasets/VOC/images/test2007/007982.jpg,0,0,3,0,4,3,-4
/Users/shravach/Documents/IISc/4th sem/Intelligent ui/datasets/VOC/images/test2007/007983.jpg,0,3,2,1,0,1,4
/Users/shravach/Documents/IISc/4th sem/Intelligent ui/datasets/VOC/images/test2007/007985.jpg,2,0,0,2,0,0,0
/Users/shravach/Documents/IISc/4th sem/Intelligent ui/datasets/VOC/images/test2007/007986.jpg,1,0,0,1,2,0,-2
/Users/shravach/Documents/IISc/4th sem/Intelligent ui/datasets/VOC/images/test2007/007988.jpg,1,1,0,1,1,0,0
/Users/shravach/Documents/IISc/4th sem/Intelligent ui/datasets/VOC/images/test2007/007989.jpg,1,0,0,1,0,0,0
/Users/shravach/Documents/IISc/4th sem/Intelligent ui/datasets/VOC/images/test2007/007990.jpg,1,3,0,1,0,0,3
/Users/shravach/Documents/IISc/4th sem/Intelligent ui/datasets/VOC/images/test2007/007992.jpg,2,0,1,2,0,1,0
/Users/shravach/Documents/IISc/4th sem/Intelligent ui/datasets/VOC/images/test2007/007993.jpg,1,0,1,1,0,1,0
/Users/shravach/Documents/IISc/4th sem/Intelligent ui/datasets/VOC/images/test2007/007994.jpg,6,1,0,6,1,0,0
/Users/shravach/Documents/IISc/4th sem/Intelligent ui/datasets/VOC/images/test2007/007995.jpg,1,0,0,1,0,0,0
/Users/shravach/Documents/IISc/4th sem/Intelligent ui/datasets/VOC/images/test2007/008000.jpg,1,2,0,1,2,0,0
/Users/shravach/Documents/IISc/4th sem/Intelligent ui/datasets/VOC/images/test2007/008003.jpg,2,0,0,2,0,0,0
/Users/shravach/Documents/IISc/4th sem/Intelligent ui/datasets/VOC/images/test2007/008006.jpg,1,1,0,1,0,0,1
/Users/shravach/Documents/IISc/4th sem/Intelligent ui/datasets/VOC/images/test2007/008007.jpg,1,0,0,1,0,0,0
/Users/shravach/Documents/IISc/4th sem/Intelligent ui/datasets/VOC/images/test2007/008010.jpg,3,1,3,2,0,4,0
/Users/shravach/Documents/IISc/4th sem/Intelligent ui/datasets/VOC/images/test2007/008011.jpg,1,1,0,1,0,0,1
/Users/shravach/Documents/IISc/4th sem/Intelligent ui/datasets/VOC/images/test2007/008013.jpg,1,0,0,1,0,0,0
/Users/shravach/Documents/IISc/4th sem/Intelligent ui/datasets/VOC/images/test2007/008014.jpg,1,2,0,1,1,0,1
/Users/shravach/Documents/IISc/4th sem/Intelligent ui/datasets/VOC/images/test2007/008015.jpg,1,2,0,1,0,0,2
/Users/shravach/Documents/IISc/4th sem/Intelligent ui/datasets/VOC/images/test2007/008016.jpg,1,0,0,1,0,0,0
/Users/shravach/Documents/IISc/4th sem/Intelligent ui/datasets/VOC/images/test2007/008018.jpg,2,1,0,2,0,0,1
/Users/shravach/Documents/IISc/4th sem/Intelligent ui/datasets/VOC/images/test2007/008020.jpg,1,1,0,1,0,0,1
/Users/shravach/Documents/IISc/4th sem/Intelligent ui/datasets/VOC/images/test2007/008021.jpg,1,0,0,1,0,0,0
/Users/shravach/Documents/IISc/4th sem/Intelligent ui/datasets/VOC/images/test2007/008022.jpg,3,0,0,3,1,0,-1
/Users/shravach/Documents/IISc/4th sem/Intelligent ui/datasets/VOC/images/test2007/008025.jpg,1,0,0,1,0,0,0
/Users/shravach/Documents/IISc/4th sem/Intelligent ui/datasets/VOC/images/test2007/008027.jpg,2,0,0,2,0,0,0
/Users/shravach/Documents/IISc/4th sem/Intelligent ui/datasets/VOC/images/test2007/008028.jpg,1,2,1,2,1,0,2
/Users/shravach/Documents/IISc/4th sem/Intelligent ui/datasets/VOC/images/test2007/008030.jpg,1,0,0,1,0,0,0
/Users/shravach/Documents/IISc/4th sem/Intelligent ui/datasets/VOC/images/test2007/008034.jpg,4,0,0,4,0,0,0
/Users/shravach/Documents/IISc/4th sem/Intelligent ui/datasets/VOC/images/test2007/008035.jpg,4,2,0,4,4,0,-2
/Users/shravach/Documents/IISc/4th sem/Intelligent ui/datasets/VOC/images/test2007/008038.jpg,4,0,0,4,0,0,0
/Users/shravach/Documents/IISc/4th sem/Intelligent ui/datasets/VOC/images/test2007/008039.jpg,2,0,4,5,1,1,2
/Users/shravach/Documents/IISc/4th sem/Intelligent ui/datasets/VOC/images/test2007/008041.jpg,1,0,0,1,2,0,-2
/Users/shravach/Documents/IISc/4th sem/Intelligent ui/datasets/VOC/images/test2007/008045.jpg,0,5,2,0,1,2,4
/Users/shravach/Documents/IISc/4th sem/Intelligent ui/datasets/VOC/images/test2007/008046.jpg,6,1,1,5,1,2,-1
/Users/shravach/Documents/IISc/4th sem/Intelligent ui/datasets/VOC/images/test2007/008047.jpg,5,2,0,5,1,0,1
/Users/shravach/Documents/IISc/4th sem/Intelligent ui/datasets/VOC/images/test2007/008050.jpg,2,2,2,2,0,2,2
/Users/shravach/Documents/IISc/4th sem/Intelligent ui/datasets/VOC/images/test2007/008052.jpg,1,0,1,1,0,1,0
/Users/shravach/Documents/IISc/4th sem/Intelligent ui/datasets/VOC/images/test2007/008054.jpg,1,0,0,1,0,0,0
/Users/shravach/Documents/IISc/4th sem/Intelligent ui/datasets/VOC/images/test2007/008055.jpg,9,0,0,8,9,1,-10
/Users/shravach/Documents/IISc/4th sem/Intelligent ui/datasets/VOC/images/test2007/008056.jpg,0,1,2,2,0,0,3
/Users/shravach/Documents/IISc/4th sem/Intelligent ui/datasets/VOC/images/test2007/008058.jpg,4,0,0,4,0,0,0
/Users/shravach/Documents/IISc/4th sem/Intelligent ui/datasets/VOC/images/test2007/008059.jpg,2,0,0,2,0,0,0
/Users/shravach/Documents/IISc/4th sem/Intelligent ui/datasets/VOC/images/test2007/008065.jpg,1,0,0,1,1,0,-1
/Users/shravach/Documents/IISc/4th sem/Intelligent ui/datasets/VOC/images/test2007/008066.jpg,1,0,0,1,0,0,0
/Users/shravach/Documents/IISc/4th sem/Intelligent ui/datasets/VOC/images/test2007/008070.jpg,3,1,1,3,1,1,0
/Users/shravach/Documents/IISc/4th sem/Intelligent ui/datasets/VOC/images/test2007/008071.jpg,2,1,0,2,0,0,1
/Users/shravach/Documents/IISc/4th sem/Intelligent ui/datasets/VOC/images/test2007/008073.jpg,5,4,0,4,3,1,0
/Users/shravach/Documents/IISc/4th sem/Intelligent ui/datasets/VOC/images/test2007/008074.jpg,4,1,0,4,0,0,1
/Users/shravach/Documents/IISc/4th sem/Intelligent ui/datasets/VOC/images/test2007/008077.jpg,3,3,0,3,3,0,0
/Users/shravach/Documents/IISc/4th sem/Intelligent ui/datasets/VOC/images/test2007/008078.jpg,0,2,1,0,1,1,1
/Users/shravach/Documents/IISc/4th sem/Intelligent ui/datasets/VOC/images/test2007/008080.jpg,0,2,2,1,1,1,2
/Users/shravach/Documents/IISc/4th sem/Intelligent ui/datasets/VOC/images/test2007/008081.jpg,8,5,1,9,3,0,3
/Users/shravach/Documents/IISc/4th sem/Intelligent ui/datasets/VOC/images/test2007/008088.jpg,2,0,0,2,0,0,0
/Users/shravach/Documents/IISc/4th sem/Intelligent ui/datasets/VOC/images/test2007/008089.jpg,1,0,1,1,0,1,0
/Users/shravach/Documents/IISc/4th sem/Intelligent ui/datasets/VOC/images/test2007/008090.jpg,3,1,1,4,1,0,1
/Users/shravach/Documents/IISc/4th sem/Intelligent ui/datasets/VOC/images/test2007/008092.jpg,1,0,0,1,0,0,0
/Users/shravach/Documents/IISc/4th sem/Intelligent ui/datasets/VOC/images/test2007/008094.jpg,1,1,0,1,2,0,-1
/Users/shravach/Documents/IISc/4th sem/Intelligent ui/datasets/VOC/images/test2007/008097.jpg,1,0,0,1,0,0,0
/Users/shravach/Documents/IISc/4th sem/Intelligent ui/datasets/VOC/images/test2007/008099.jpg,2,2,0,2,1,0,1
/Users/shravach/Documents/IISc/4th sem/Intelligent ui/datasets/VOC/images/test2007/008102.jpg,2,0,0,2,0,0,0
/Users/shravach/Documents/IISc/4th sem/Intelligent ui/datasets/VOC/images/test2007/008104.jpg,7,0,2,8,0,1,1
/Users/shravach/Documents/IISc/4th sem/Intelligent ui/datasets/VOC/images/test2007/008109.jpg,2,0,0,2,0,0,0
/Users/shravach/Documents/IISc/4th sem/Intelligent ui/datasets/VOC/images/test2007/008110.jpg,4,0,1,4,1,1,-1
/Users/shravach/Documents/IISc/4th sem/Intelligent ui/datasets/VOC/images/test2007/008111.jpg,3,0,0,3,0,0,0
/Users/shravach/Documents/IISc/4th sem/Intelligent ui/datasets/VOC/images/test2007/008113.jpg,4,0,0,4,1,0,-1
/Users/shravach/Documents/IISc/4th sem/Intelligent ui/datasets/VOC/images/test2007/008114.jpg,2,0,0,2,0,0,0
/Users/shravach/Documents/IISc/4th sem/Intelligent ui/datasets/VOC/images/test2007/008118.jpg,2,0,0,2,0,0,0
/Users/shravach/Documents/IISc/4th sem/Intelligent ui/datasets/VOC/images/test2007/008119.jpg,1,1,0,1,0,0,1
/Users/shravach/Documents/IISc/4th sem/Intelligent ui/datasets/VOC/images/test2007/008120.jpg,3,0,0,2,1,1,-2
/Users/shravach/Documents/IISc/4th sem/Intelligent ui/datasets/VOC/images/test2007/008123.jpg,1,1,0,0,0,1,0
/Users/shravach/Documents/IISc/4th sem/Intelligent ui/datasets/VOC/images/test2007/008124.jpg,2,0,0,2,0,0,0
/Users/shravach/Documents/IISc/4th sem/Intelligent ui/datasets/VOC/images/test2007/008126.jpg,3,1,0,3,0,0,1
/Users/shravach/Documents/IISc/4th sem/Intelligent ui/datasets/VOC/images/test2007/008128.jpg,2,0,0,2,0,0,0
/Users/shravach/Documents/IISc/4th sem/Intelligent ui/datasets/VOC/images/test2007/008129.jpg,1,0,0,1,0,0,0
/Users/shravach/Documents/IISc/4th sem/Intelligent ui/datasets/VOC/images/test2007/008131.jpg,2,0,0,2,1,0,-1
/Users/shravach/Documents/IISc/4th sem/Intelligent ui/datasets/VOC/images/test2007/008133.jpg,1,0,0,1,0,0,0
/Users/shravach/Documents/IISc/4th sem/Intelligent ui/datasets/VOC/images/test2007/008134.jpg,18,2,0,18,1,0,1
/Users/shravach/Documents/IISc/4th sem/Intelligent ui/datasets/VOC/images/test2007/008135.jpg,1,1,0,1,1,0,0
/Users/shravach/Documents/IISc/4th sem/Intelligent ui/datasets/VOC/images/test2007/008136.jpg,1,0,0,1,0,0,0
/Users/shravach/Documents/IISc/4th sem/Intelligent ui/datasets/VOC/images/test2007/008143.jpg,1,0,0,1,0,0,0
/Users/shravach/Documents/IISc/4th sem/Intelligent ui/datasets/VOC/images/test2007/008145.jpg,1,0,1,2,0,0,1
/Users/shravach/Documents/IISc/4th sem/Intelligent ui/datasets/VOC/images/test2007/008146.jpg,1,0,0,1,0,0,0
/Users/shravach/Documents/IISc/4th sem/Intelligent ui/datasets/VOC/images/test2007/008147.jpg,2,0,0,2,0,0,0
/Users/shravach/Documents/IISc/4th sem/Intelligent ui/datasets/VOC/images/test2007/008148.jpg,1,0,0,1,0,0,0
/Users/shravach/Documents/IISc/4th sem/Intelligent ui/datasets/VOC/images/test2007/008149.jpg,1,0,0,1,0,0,0
/Users/shravach/Documents/IISc/4th sem/Intelligent ui/datasets/VOC/images/test2007/008152.jpg,5,1,0,5,1,0,0
/Users/shravach/Documents/IISc/4th sem/Intelligent ui/datasets/VOC/images/test2007/008153.jpg,1,1,0,1,1,0,0
/Users/shravach/Documents/IISc/4th sem/Intelligent ui/datasets/VOC/images/test2007/008154.jpg,1,0,0,1,0,0,0
/Users/shravach/Documents/IISc/4th sem/Intelligent ui/datasets/VOC/images/test2007/008155.jpg,2,0,0,1,0,1,-1
/Users/shravach/Documents/IISc/4th sem/Intelligent ui/datasets/VOC/images/test2007/008156.jpg,3,1,0,3,0,0,1
/Users/shravach/Documents/IISc/4th sem/Intelligent ui/datasets/VOC/images/test2007/008157.jpg,3,1,0,3,0,0,1
/Users/shravach/Documents/IISc/4th sem/Intelligent ui/datasets/VOC/images/test2007/008158.jpg,1,0,1,1,0,1,0
/Users/shravach/Documents/IISc/4th sem/Intelligent ui/datasets/VOC/images/test2007/008161.jpg,4,1,1,4,1,1,0
/Users/shravach/Documents/IISc/4th sem/Intelligent ui/datasets/VOC/images/test2007/008162.jpg,2,0,0,2,0,0,0
/Users/shravach/Documents/IISc/4th sem/Intelligent ui/datasets/VOC/images/test2007/008165.jpg,1,3,0,1,1,0,2
/Users/shravach/Documents/IISc/4th sem/Intelligent ui/datasets/VOC/images/test2007/008167.jpg,2,1,0,2,1,0,0
/Users/shravach/Documents/IISc/4th sem/Intelligent ui/datasets/VOC/images/test2007/008170.jpg,2,0,1,2,0,1,0
/Users/shravach/Documents/IISc/4th sem/Intelligent ui/datasets/VOC/images/test2007/008172.jpg,2,0,0,2,0,0,0
/Users/shravach/Documents/IISc/4th sem/Intelligent ui/datasets/VOC/images/test2007/008176.jpg,1,0,0,1,2,0,-2
/Users/shravach/Documents/IISc/4th sem/Intelligent ui/datasets/VOC/images/test2007/008178.jpg,2,1,1,2,1,1,0
/Users/shravach/Documents/IISc/4th sem/Intelligent ui/datasets/VOC/images/test2007/008179.jpg,1,0,0,1,0,0,0
/Users/shravach/Documents/IISc/4th sem/Intelligent ui/datasets/VOC/images/test2007/008181.jpg,1,0,0,1,0,0,0
/Users/shravach/Documents/IISc/4th sem/Intelligent ui/datasets/VOC/images/test2007/008182.jpg,1,2,0,1,0,0,2
/Users/shravach/Documents/IISc/4th sem/Intelligent ui/datasets/VOC/images/test2007/008183.jpg,2,0,0,2,1,0,-1
/Users/shravach/Documents/IISc/4th sem/Intelligent ui/datasets/VOC/images/test2007/008184.jpg,1,2,0,1,2,0,0
/Users/shravach/Documents/IISc/4th sem/Intelligent ui/datasets/VOC/images/test2007/008185.jpg,1,0,0,1,0,0,0
/Users/shravach/Documents/IISc/4th sem/Intelligent ui/datasets/VOC/images/test2007/008187.jpg,3,0,0,3,0,0,0
/Users/shravach/Documents/IISc/4th sem/Intelligent ui/datasets/VOC/images/test2007/008192.jpg,4,2,2,3,0,3,1
/Users/shravach/Documents/IISc/4th sem/Intelligent ui/datasets/VOC/images/test2007/008193.jpg,1,1,0,1,0,0,1
/Users/shravach/Documents/IISc/4th sem/Intelligent ui/datasets/VOC/images/test2007/008194.jpg,1,0,0,1,0,0,0
/Users/shravach/Documents/IISc/4th sem/Intelligent ui/datasets/VOC/images/test2007/008195.jpg,2,2,0,2,1,0,1
/Users/shravach/Documents/IISc/4th sem/Intelligent ui/datasets/VOC/images/test2007/008196.jpg,1,4,1,1,4,1,0
/Users/shravach/Documents/IISc/4th sem/Intelligent ui/datasets/VOC/images/test2007/008198.jpg,1,0,0,1,1,0,-1
/Users/shravach/Documents/IISc/4th sem/Intelligent ui/datasets/VOC/images/test2007/008201.jpg,2,3,0,2,2,0,1
/Users/shravach/Documents/IISc/4th sem/Intelligent ui/datasets/VOC/images/test2007/008205.jpg,2,0,0,2,0,0,0
/Users/shravach/Documents/IISc/4th sem/Intelligent ui/datasets/VOC/images/test2007/008206.jpg,1,1,0,1,0,0,1
/Users/shravach/Documents/IISc/4th sem/Intelligent ui/datasets/VOC/images/test2007/008207.jpg,12,3,0,12,3,0,0
/Users/shravach/Documents/IISc/4th sem/Intelligent ui/datasets/VOC/images/test2007/008210.jpg,1,2,0,1,4,0,-2
/Users/shravach/Documents/IISc/4th sem/Intelligent ui/datasets/VOC/images/test2007/008212.jpg,0,0,2,2,1,0,1
/Users/shravach/Documents/IISc/4th sem/Intelligent ui/datasets/VOC/images/test2007/008214.jpg,0,1,1,1,0,0,2
/Users/shravach/Documents/IISc/4th sem/Intelligent ui/datasets/VOC/images/test2007/008215.jpg,2,3,1,2,3,1,0
/Users/shravach/Documents/IISc/4th sem/Intelligent ui/datasets/VOC/images/test2007/008217.jpg,2,3,0,2,2,0,1
/Users/shravach/Documents/IISc/4th sem/Intelligent ui/datasets/VOC/images/test2007/008219.jpg,0,2,1,0,1,1,1
/Users/shravach/Documents/IISc/4th sem/Intelligent ui/datasets/VOC/images/test2007/008221.jpg,1,0,0,1,0,0,0
/Users/shravach/Documents/IISc/4th sem/Intelligent ui/datasets/VOC/images/test2007/008227.jpg,1,0,0,1,0,0,0
/Users/shravach/Documents/IISc/4th sem/Intelligent ui/datasets/VOC/images/test2007/008228.jpg,1,0,0,1,0,0,0
/Users/shravach/Documents/IISc/4th sem/Intelligent ui/datasets/VOC/images/test2007/008230.jpg,3,2,0,3,2,0,0
/Users/shravach/Documents/IISc/4th sem/Intelligent ui/datasets/VOC/images/test2007/008231.jpg,2,7,1,2,4,1,3
/Users/shravach/Documents/IISc/4th sem/Intelligent ui/datasets/VOC/images/test2007/008233.jpg,1,2,1,2,2,0,1
/Users/shravach/Documents/IISc/4th sem/Intelligent ui/datasets/VOC/images/test2007/008234.jpg,2,3,1,3,1,0,3
/Users/shravach/Documents/IISc/4th sem/Intelligent ui/datasets/VOC/images/test2007/008237.jpg,3,2,0,3,1,0,1
/Users/shravach/Documents/IISc/4th sem/Intelligent ui/datasets/VOC/images/test2007/008238.jpg,1,3,1,2,3,0,1
/Users/shravach/Documents/IISc/4th sem/Intelligent ui/datasets/VOC/images/test2007/008239.jpg,2,1,0,2,1,0,0
/Users/shravach/Documents/IISc/4th sem/Intelligent ui/datasets/VOC/images/test2007/008240.jpg,2,0,0,2,0,0,0
/Users/shravach/Documents/IISc/4th sem/Intelligent ui/datasets/VOC/images/test2007/008242.jpg,1,0,0,1,0,0,0
/Users/shravach/Documents/IISc/4th sem/Intelligent ui/datasets/VOC/images/test2007/008243.jpg,1,0,0,1,0,0,0
/Users/shravach/Documents/IISc/4th sem/Intelligent ui/datasets/VOC/images/test2007/008245.jpg,9,3,2,10,3,1,1
/Users/shravach/Documents/IISc/4th sem/Intelligent ui/datasets/VOC/images/test2007/008246.jpg,4,0,0,4,0,0,0
/Users/shravach/Documents/IISc/4th sem/Intelligent ui/datasets/VOC/images/test2007/008247.jpg,1,0,0,1,0,0,0
/Users/shravach/Documents/IISc/4th sem/Intelligent ui/datasets/VOC/images/test2007/008249.jpg,3,1,0,3,0,0,1
/Users/shravach/Documents/IISc/4th sem/Intelligent ui/datasets/VOC/images/test2007/008255.jpg,2,0,0,2,1,0,-1
/Users/shravach/Documents/IISc/4th sem/Intelligent ui/datasets/VOC/images/test2007/008256.jpg,2,0,0,2,0,0,0
/Users/shravach/Documents/IISc/4th sem/Intelligent ui/datasets/VOC/images/test2007/008257.jpg,1,1,1,2,1,0,1
/Users/shravach/Documents/IISc/4th sem/Intelligent ui/datasets/VOC/images/test2007/008259.jpg,5,4,1,5,1,1,3
/Users/shravach/Documents/IISc/4th sem/Intelligent ui/datasets/VOC/images/test2007/008264.jpg,1,0,1,1,0,1,0
/Users/shravach/Documents/IISc/4th sem/Intelligent ui/datasets/VOC/images/test2007/008265.jpg,1,1,1,1,2,1,-1
/Users/shravach/Documents/IISc/4th sem/Intelligent ui/datasets/VOC/images/test2007/008266.jpg,1,0,0,1,0,0,0
/Users/shravach/Documents/IISc/4th sem/Intelligent ui/datasets/VOC/images/test2007/008267.jpg,2,0,0,2,0,0,0
/Users/shravach/Documents/IISc/4th sem/Intelligent ui/datasets/VOC/images/test2007/008270.jpg,1,0,0,1,0,0,0
/Users/shravach/Documents/IISc/4th sem/Intelligent ui/datasets/VOC/images/test2007/008271.jpg,5,2,5,6,1,4,2
/Users/shravach/Documents/IISc/4th sem/Intelligent ui/datasets/VOC/images/test2007/008273.jpg,1,1,0,1,0,0,1
/Users/shravach/Documents/IISc/4th sem/Intelligent ui/datasets/VOC/images/test2007/008274.jpg,1,0,0,1,0,0,0
/Users/shravach/Documents/IISc/4th sem/Intelligent ui/datasets/VOC/images/test2007/008276.jpg,2,2,0,2,1,0,1
/Users/shravach/Documents/IISc/4th sem/Intelligent ui/datasets/VOC/images/test2007/008277.jpg,3,1,0,3,0,0,1
/Users/shravach/Documents/IISc/4th sem/Intelligent ui/datasets/VOC/images/test2007/008278.jpg,3,1,0,3,1,0,0
/Users/shravach/Documents/IISc/4th sem/Intelligent ui/datasets/VOC/images/test2007/008283.jpg,1,0,0,1,0,0,0
/Users/shravach/Documents/IISc/4th sem/Intelligent ui/datasets/VOC/images/test2007/008286.jpg,1,1,0,1,3,0,-2
/Users/shravach/Documents/IISc/4th sem/Intelligent ui/datasets/VOC/images/test2007/008287.jpg,3,0,0,3,2,0,-2
/Users/shravach/Documents/IISc/4th sem/Intelligent ui/datasets/VOC/images/test2007/008288.jpg,2,3,0,2,3,0,0
/Users/shravach/Documents/IISc/4th sem/Intelligent ui/datasets/VOC/images/test2007/008289.jpg,0,2,1,1,0,0,3
/Users/shravach/Documents/IISc/4th sem/Intelligent ui/datasets/VOC/images/test2007/008290.jpg,2,1,1,2,1,1,0
/Users/shravach/Documents/IISc/4th sem/Intelligent ui/datasets/VOC/images/test2007/008291.jpg,1,1,0,1,0,0,1
/Users/shravach/Documents/IISc/4th sem/Intelligent ui/datasets/VOC/images/test2007/008298.jpg,3,2,0,3,1,0,1
/Users/shravach/Documents/IISc/4th sem/Intelligent ui/datasets/VOC/images/test2007/008303.jpg,2,0,0,2,0,0,0
/Users/shravach/Documents/IISc/4th sem/Intelligent ui/datasets/VOC/images/test2007/008304.jpg,1,1,1,2,0,0,2
/Users/shravach/Documents/IISc/4th sem/Intelligent ui/datasets/VOC/images/test2007/008305.jpg,1,0,0,1,0,0,0
/Users/shravach/Documents/IISc/4th sem/Intelligent ui/datasets/VOC/images/test2007/008308.jpg,1,1,0,0,0,1,0
/Users/shravach/Documents/IISc/4th sem/Intelligent ui/datasets/VOC/images/test2007/008309.jpg,2,2,0,2,2,0,0
/Users/shravach/Documents/IISc/4th sem/Intelligent ui/datasets/VOC/images/test2007/008314.jpg,2,0,0,2,0,0,0
/Users/shravach/Documents/IISc/4th sem/Intelligent ui/datasets/VOC/images/test2007/008321.jpg,1,1,0,1,0,0,1
/Users/shravach/Documents/IISc/4th sem/Intelligent ui/datasets/VOC/images/test2007/008324.jpg,2,0,1,2,1,1,-1
/Users/shravach/Documents/IISc/4th sem/Intelligent ui/datasets/VOC/images/test2007/008325.jpg,3,2,0,3,0,0,2
/Users/shravach/Documents/IISc/4th sem/Intelligent ui/datasets/VOC/images/test2007/008328.jpg,1,1,0,1,1,0,0
/Users/shravach/Documents/IISc/4th sem/Intelligent ui/datasets/VOC/images/test2007/008330.jpg,1,1,0,1,2,0,-1
/Users/shravach/Documents/IISc/4th sem/Intelligent ui/datasets/VOC/images/test2007/008331.jpg,2,0,0,2,0,0,0
/Users/shravach/Documents/IISc/4th sem/Intelligent ui/datasets/VOC/images/test2007/008333.jpg,1,1,0,1,0,0,1
/Users/shravach/Documents/IISc/4th sem/Intelligent ui/datasets/VOC/images/test2007/008334.jpg,1,0,0,1,0,0,0
/Users/shravach/Documents/IISc/4th sem/Intelligent ui/datasets/VOC/images/test2007/008337.jpg,1,0,0,1,0,0,0
/Users/shravach/Documents/IISc/4th sem/Intelligent ui/datasets/VOC/images/test2007/008339.jpg,1,0,0,1,0,0,0
/Users/shravach/Documents/IISc/4th sem/Intelligent ui/datasets/VOC/images/test2007/008340.jpg,1,0,0,1,0,0,0
/Users/shravach/Documents/IISc/4th sem/Intelligent ui/datasets/VOC/images/test2007/008343.jpg,1,1,0,1,0,0,1
/Users/shravach/Documents/IISc/4th sem/Intelligent ui/datasets/VOC/images/test2007/008344.jpg,4,0,1,4,0,1,0
/Users/shravach/Documents/IISc/4th sem/Intelligent ui/datasets/VOC/images/test2007/008347.jpg,1,1,2,3,0,0,3
/Users/shravach/Documents/IISc/4th sem/Intelligent ui/datasets/VOC/images/test2007/008348.jpg,1,0,0,1,0,0,0
/Users/shravach/Documents/IISc/4th sem/Intelligent ui/datasets/VOC/images/test2007/008350.jpg,1,1,1,2,2,0,0
/Users/shravach/Documents/IISc/4th sem/Intelligent ui/datasets/VOC/images/test2007/008352.jpg,1,1,0,1,0,0,1
/Users/shravach/Documents/IISc/4th sem/Intelligent ui/datasets/VOC/images/test2007/008353.jpg,1,1,0,1,1,0,0
/Users/shravach/Documents/IISc/4th sem/Intelligent ui/datasets/VOC/images/test2007/008354.jpg,2,0,0,2,0,0,0
/Users/shravach/Documents/IISc/4th sem/Intelligent ui/datasets/VOC/images/test2007/008356.jpg,1,0,0,1,0,0,0
/Users/shravach/Documents/IISc/4th sem/Intelligent ui/datasets/VOC/images/test2007/008357.jpg,2,1,2,3,0,1,2
/Users/shravach/Documents/IISc/4th sem/Intelligent ui/datasets/VOC/images/test2007/008358.jpg,1,1,0,1,1,0,0
/Users/shravach/Documents/IISc/4th sem/Intelligent ui/datasets/VOC/images/test2007/008361.jpg,1,0,0,1,1,0,-1
/Users/shravach/Documents/IISc/4th sem/Intelligent ui/datasets/VOC/images/test2007/008362.jpg,2,1,0,2,1,0,0
/Users/shravach/Documents/IISc/4th sem/Intelligent ui/datasets/VOC/images/test2007/008363.jpg,2,1,1,2,3,1,-2
/Users/shravach/Documents/IISc/4th sem/Intelligent ui/datasets/VOC/images/test2007/008366.jpg,1,0,0,1,0,0,0
/Users/shravach/Documents/IISc/4th sem/Intelligent ui/datasets/VOC/images/test2007/008367.jpg,3,5,4,5,4,2,3
/Users/shravach/Documents/IISc/4th sem/Intelligent ui/datasets/VOC/images/test2007/008369.jpg,2,2,0,2,2,0,0
/Users/shravach/Documents/IISc/4th sem/Intelligent ui/datasets/VOC/images/test2007/008371.jpg,1,2,0,1,0,0,2
/Users/shravach/Documents/IISc/4th sem/Intelligent ui/datasets/VOC/images/test2007/008373.jpg,1,0,3,3,0,1,2
/Users/shravach/Documents/IISc/4th sem/Intelligent ui/datasets/VOC/images/test2007/008375.jpg,1,0,0,1,0,0,0
/Users/shravach/Documents/IISc/4th sem/Intelligent ui/datasets/VOC/images/test2007/008377.jpg,2,1,0,2,0,0,1
/Users/shravach/Documents/IISc/4th sem/Intelligent ui/datasets/VOC/images/test2007/008378.jpg,1,0,0,1,0,0,0
/Users/shravach/Documents/IISc/4th sem/Intelligent ui/datasets/VOC/images/test2007/008379.jpg,0,1,1,1,0,0,2
/Users/shravach/Documents/IISc/4th sem/Intelligent ui/datasets/VOC/images/test2007/008380.jpg,1,3,0,1,1,0,2
/Users/shravach/Documents/IISc/4th sem/Intelligent ui/datasets/VOC/images/test2007/008382.jpg,2,4,0,2,5,0,-1
/Users/shravach/Documents/IISc/4th sem/Intelligent ui/datasets/VOC/images/test2007/008383.jpg,12,7,1,13,8,0,0
/Users/shravach/Documents/IISc/4th sem/Intelligent ui/datasets/VOC/images/test2007/008389.jpg,1,1,4,3,5,2,-2
/Users/shravach/Documents/IISc/4th sem/Intelligent ui/datasets/VOC/images/test2007/008392.jpg,1,0,1,2,0,0,1
/Users/shravach/Documents/IISc/4th sem/Intelligent ui/datasets/VOC/images/test2007/008393.jpg,1,1,3,4,0,0,4
/Users/shravach/Documents/IISc/4th sem/Intelligent ui/datasets/VOC/images/test2007/008394.jpg,1,0,0,1,0,0,0
/Users/shravach/Documents/IISc/4th sem/Intelligent ui/datasets/VOC/images/test2007/008395.jpg,0,1,1,1,1,0,1
/Users/shravach/Documents/IISc/4th sem/Intelligent ui/datasets/VOC/images/test2007/008396.jpg,2,3,0,1,2,1,0
/Users/shravach/Documents/IISc/4th sem/Intelligent ui/datasets/VOC/images/test2007/008399.jpg,2,0,0,2,0,0,0
/Users/shravach/Documents/IISc/4th sem/Intelligent ui/datasets/VOC/images/test2007/008400.jpg,3,1,0,3,1,0,0
/Users/shravach/Documents/IISc/4th sem/Intelligent ui/datasets/VOC/images/test2007/008401.jpg,1,0,0,1,0,0,0
/Users/shravach/Documents/IISc/4th sem/Intelligent ui/datasets/VOC/images/test2007/008402.jpg,7,1,1,8,0,0,2
/Users/shravach/Documents/IISc/4th sem/Intelligent ui/datasets/VOC/images/test2007/008404.jpg,1,0,0,1,0,0,0
/Users/shravach/Documents/IISc/4th sem/Intelligent ui/datasets/VOC/images/test2007/008405.jpg,4,0,0,4,1,0,-1
/Users/shravach/Documents/IISc/4th sem/Intelligent ui/datasets/VOC/images/test2007/008406.jpg,1,0,0,1,0,0,0
/Users/shravach/Documents/IISc/4th sem/Intelligent ui/datasets/VOC/images/test2007/008407.jpg,5,2,0,5,1,0,1
/Users/shravach/Documents/IISc/4th sem/Intelligent ui/datasets/VOC/images/test2007/008408.jpg,1,1,0,1,0,0,1
/Users/shravach/Documents/IISc/4th sem/Intelligent ui/datasets/VOC/images/test2007/008411.jpg,1,0,0,1,0,0,0
/Users/shravach/Documents/IISc/4th sem/Intelligent ui/datasets/VOC/images/test2007/008412.jpg,1,1,0,1,0,0,1
/Users/shravach/Documents/IISc/4th sem/Intelligent ui/datasets/VOC/images/test2007/008414.jpg,1,1,0,1,2,0,-1
/Users/shravach/Documents/IISc/4th sem/Intelligent ui/datasets/VOC/images/test2007/008417.jpg,1,1,0,1,1,0,0
/Users/shravach/Documents/IISc/4th sem/Intelligent ui/datasets/VOC/images/test2007/008418.jpg,6,4,0,5,4,1,-1
/Users/shravach/Documents/IISc/4th sem/Intelligent ui/datasets/VOC/images/test2007/008419.jpg,1,0,0,1,0,0,0
/Users/shravach/Documents/IISc/4th sem/Intelligent ui/datasets/VOC/images/test2007/008420.jpg,1,0,0,1,0,0,0
/Users/shravach/Documents/IISc/4th sem/Intelligent ui/datasets/VOC/images/test2007/008421.jpg,1,0,0,1,0,0,0
/Users/shravach/Documents/IISc/4th sem/Intelligent ui/datasets/VOC/images/test2007/008428.jpg,1,0,0,1,0,0,0
/Users/shravach/Documents/IISc/4th sem/Intelligent ui/datasets/VOC/images/test2007/008431.jpg,2,1,1,3,2,0,0
/Users/shravach/Documents/IISc/4th sem/Intelligent ui/datasets/VOC/images/test2007/008432.jpg,1,0,0,1,0,0,0
/Users/shravach/Documents/IISc/4th sem/Intelligent ui/datasets/VOC/images/test2007/008435.jpg,1,0,0,1,0,0,0
/Users/shravach/Documents/IISc/4th sem/Intelligent ui/datasets/VOC/images/test2007/008436.jpg,2,4,0,2,5,0,-1
/Users/shravach/Documents/IISc/4th sem/Intelligent ui/datasets/VOC/images/test2007/008439.jpg,1,0,0,1,0,0,0
/Users/shravach/Documents/IISc/4th sem/Intelligent ui/datasets/VOC/images/test2007/008440.jpg,1,1,0,1,1,0,0
/Users/shravach/Documents/IISc/4th sem/Intelligent ui/datasets/VOC/images/test2007/008441.jpg,1,1,1,2,0,0,2
/Users/shravach/Documents/IISc/4th sem/Intelligent ui/datasets/VOC/images/test2007/008446.jpg,2,0,0,2,0,0,0
/Users/shravach/Documents/IISc/4th sem/Intelligent ui/datasets/VOC/images/test2007/008447.jpg,3,4,0,2,1,1,2
/Users/shravach/Documents/IISc/4th sem/Intelligent ui/datasets/VOC/images/test2007/008448.jpg,1,0,0,1,0,0,0
/Users/shravach/Documents/IISc/4th sem/Intelligent ui/datasets/VOC/images/test2007/008451.jpg,2,0,0,2,0,0,0
/Users/shravach/Documents/IISc/4th sem/Intelligent ui/datasets/VOC/images/test2007/008455.jpg,3,1,0,3,0,0,1
/Users/shravach/Documents/IISc/4th sem/Intelligent ui/datasets/VOC/images/test2007/008457.jpg,6,8,0,6,4,0,4
/Users/shravach/Documents/IISc/4th sem/Intelligent ui/datasets/VOC/images/test2007/008458.jpg,3,3,0,3,1,0,2
/Users/shravach/Documents/IISc/4th sem/Intelligent ui/datasets/VOC/images/test2007/008459.jpg,2,2,1,3,3,0,0
/Users/shravach/Documents/IISc/4th sem/Intelligent ui/datasets/VOC/images/test2007/008460.jpg,1,0,0,1,0,0,0
/Users/shravach/Documents/IISc/4th sem/Intelligent ui/datasets/VOC/images/test2007/008463.jpg,2,1,1,2,0,1,1
/Users/shravach/Documents/IISc/4th sem/Intelligent ui/datasets/VOC/images/test2007/008464.jpg,3,4,0,3,4,0,0
/Users/shravach/Documents/IISc/4th sem/Intelligent ui/datasets/VOC/images/test2007/008469.jpg,2,0,0,2,0,0,0
/Users/shravach/Documents/IISc/4th sem/Intelligent ui/datasets/VOC/images/test2007/008471.jpg,2,1,0,2,0,0,1
/Users/shravach/Documents/IISc/4th sem/Intelligent ui/datasets/VOC/images/test2007/008473.jpg,1,0,0,1,0,0,0
/Users/shravach/Documents/IISc/4th sem/Intelligent ui/datasets/VOC/images/test2007/008474.jpg,1,1,1,2,2,0,0
/Users/shravach/Documents/IISc/4th sem/Intelligent ui/datasets/VOC/images/test2007/008476.jpg,2,0,0,2,0,0,0
/Users/shravach/Documents/IISc/4th sem/Intelligent ui/datasets/VOC/images/test2007/008479.jpg,3,3,0,3,2,0,1
/Users/shravach/Documents/IISc/4th sem/Intelligent ui/datasets/VOC/images/test2007/008480.jpg,7,5,0,7,4,0,1
/Users/shravach/Documents/IISc/4th sem/Intelligent ui/datasets/VOC/images/test2007/008481.jpg,2,2,0,2,2,0,0
/Users/shravach/Documents/IISc/4th sem/Intelligent ui/datasets/VOC/images/test2007/008486.jpg,3,2,0,3,1,0,1
/Users/shravach/Documents/IISc/4th sem/Intelligent ui/datasets/VOC/images/test2007/008487.jpg,1,0,0,1,1,0,-1
/Users/shravach/Documents/IISc/4th sem/Intelligent ui/datasets/VOC/images/test2007/008488.jpg,3,3,0,3,3,0,0
/Users/shravach/Documents/IISc/4th sem/Intelligent ui/datasets/VOC/images/test2007/008489.jpg,1,0,0,1,0,0,0
/Users/shravach/Documents/IISc/4th sem/Intelligent ui/datasets/VOC/images/test2007/008490.jpg,3,0,0,3,0,0,0
/Users/shravach/Documents/IISc/4th sem/Intelligent ui/datasets/VOC/images/test2007/008491.jpg,2,2,0,2,0,0,2
/Users/shravach/Documents/IISc/4th sem/Intelligent ui/datasets/VOC/images/test2007/008493.jpg,5,1,1,5,0,1,1
/Users/shravach/Documents/IISc/4th sem/Intelligent ui/datasets/VOC/images/test2007/008496.jpg,1,0,3,3,0,1,2
/Users/shravach/Documents/IISc/4th sem/Intelligent ui/datasets/VOC/images/test2007/008497.jpg,0,1,1,1,0,0,2
/Users/shravach/Documents/IISc/4th sem/Intelligent ui/datasets/VOC/images/test2007/008500.jpg,1,1,0,1,1,0,0
/Users/shravach/Documents/IISc/4th sem/Intelligent ui/datasets/VOC/images/test2007/008501.jpg,4,4,0,3,3,1,0
/Users/shravach/Documents/IISc/4th sem/Intelligent ui/datasets/VOC/images/test2007/008504.jpg,10,11,0,10,9,0,2
/Users/shravach/Documents/IISc/4th sem/Intelligent ui/datasets/VOC/images/test2007/008505.jpg,3,0,0,3,1,0,-1
/Users/shravach/Documents/IISc/4th sem/Intelligent ui/datasets/VOC/images/test2007/008507.jpg,1,0,0,1,0,0,0
/Users/shravach/Documents/IISc/4th sem/Intelligent ui/datasets/VOC/images/test2007/008508.jpg,1,0,0,1,0,0,0
/Users/shravach/Documents/IISc/4th sem/Intelligent ui/datasets/VOC/images/test2007/008510.jpg,2,0,0,2,0,0,0
/Users/shravach/Documents/IISc/4th sem/Intelligent ui/datasets/VOC/images/test2007/008511.jpg,1,0,0,1,0,0,0
/Users/shravach/Documents/IISc/4th sem/Intelligent ui/datasets/VOC/images/test2007/008515.jpg,1,0,0,1,0,0,0
/Users/shravach/Documents/IISc/4th sem/Intelligent ui/datasets/VOC/images/test2007/008516.jpg,1,0,1,1,0,1,0
/Users/shravach/Documents/IISc/4th sem/Intelligent ui/datasets/VOC/images/test2007/008520.jpg,6,2,0,6,2,0,0
/Users/shravach/Documents/IISc/4th sem/Intelligent ui/datasets/VOC/images/test2007/008525.jpg,2,1,0,2,1,0,0
/Users/shravach/Documents/IISc/4th sem/Intelligent ui/datasets/VOC/images/test2007/008527.jpg,2,5,0,2,5,0,0
/Users/shravach/Documents/IISc/4th sem/Intelligent ui/datasets/VOC/images/test2007/008528.jpg,6,4,1,6,5,1,-1
/Users/shravach/Documents/IISc/4th sem/Intelligent ui/datasets/VOC/images/test2007/008531.jpg,2,0,1,2,0,1,0
/Users/shravach/Documents/IISc/4th sem/Intelligent ui/datasets/VOC/images/test2007/008532.jpg,1,0,0,1,0,0,0
/Users/shravach/Documents/IISc/4th sem/Intelligent ui/datasets/VOC/images/test2007/008537.jpg,3,5,0,3,2,0,3
/Users/shravach/Documents/IISc/4th sem/Intelligent ui/datasets/VOC/images/test2007/008538.jpg,1,0,0,1,0,0,0
/Users/shravach/Documents/IISc/4th sem/Intelligent ui/datasets/VOC/images/test2007/008539.jpg,1,2,0,1,2,0,0
/Users/shravach/Documents/IISc/4th sem/Intelligent ui/datasets/VOC/images/test2007/008540.jpg,3,1,0,3,1,0,0
/Users/shravach/Documents/IISc/4th sem/Intelligent ui/datasets/VOC/images/test2007/008543.jpg,2,0,0,2,1,0,-1
/Users/shravach/Documents/IISc/4th sem/Intelligent ui/datasets/VOC/images/test2007/008544.jpg,1,0,0,1,0,0,0
/Users/shravach/Documents/IISc/4th sem/Intelligent ui/datasets/VOC/images/test2007/008545.jpg,2,1,0,2,0,0,1
/Users/shravach/Documents/IISc/4th sem/Intelligent ui/datasets/VOC/images/test2007/008546.jpg,1,0,0,1,0,0,0
/Users/shravach/Documents/IISc/4th sem/Intelligent ui/datasets/VOC/images/test2007/008547.jpg,3,3,1,3,2,1,1
/Users/shravach/Documents/IISc/4th sem/Intelligent ui/datasets/VOC/images/test2007/008548.jpg,6,5,1,6,3,1,2
/Users/shravach/Documents/IISc/4th sem/Intelligent ui/datasets/VOC/images/test2007/008551.jpg,2,1,2,4,0,0,3
/Users/shravach/Documents/IISc/4th sem/Intelligent ui/datasets/VOC/images/test2007/008552.jpg,1,0,0,1,0,0,0
/Users/shravach/Documents/IISc/4th sem/Intelligent ui/datasets/VOC/images/test2007/008554.jpg,1,0,1,1,0,1,0
/Users/shravach/Documents/IISc/4th sem/Intelligent ui/datasets/VOC/images/test2007/008555.jpg,1,0,0,1,1,0,-1
/Users/shravach/Documents/IISc/4th sem/Intelligent ui/datasets/VOC/images/test2007/008560.jpg,3,3,1,3,1,1,2
/Users/shravach/Documents/IISc/4th sem/Intelligent ui/datasets/VOC/images/test2007/008561.jpg,2,0,0,2,1,0,-1
/Users/shravach/Documents/IISc/4th sem/Intelligent ui/datasets/VOC/images/test2007/008563.jpg,1,2,1,1,0,1,2
/Users/shravach/Documents/IISc/4th sem/Intelligent ui/datasets/VOC/images/test2007/008565.jpg,1,0,0,1,0,0,0
/Users/shravach/Documents/IISc/4th sem/Intelligent ui/datasets/VOC/images/test2007/008566.jpg,2,0,0,2,0,0,0
/Users/shravach/Documents/IISc/4th sem/Intelligent ui/datasets/VOC/images/test2007/008567.jpg,1,0,0,1,0,0,0
/Users/shravach/Documents/IISc/4th sem/Intelligent ui/datasets/VOC/images/test2007/008569.jpg,4,2,0,4,3,0,-1
/Users/shravach/Documents/IISc/4th sem/Intelligent ui/datasets/VOC/images/test2007/008570.jpg,1,0,0,1,0,0,0
/Users/shravach/Documents/IISc/4th sem/Intelligent ui/datasets/VOC/images/test2007/008571.jpg,1,3,0,1,0,0,3
/Users/shravach/Documents/IISc/4th sem/Intelligent ui/datasets/VOC/images/test2007/008574.jpg,2,0,0,2,0,0,0
/Users/shravach/Documents/IISc/4th sem/Intelligent ui/datasets/VOC/images/test2007/008575.jpg,1,0,0,1,0,0,0
/Users/shravach/Documents/IISc/4th sem/Intelligent ui/datasets/VOC/images/test2007/008577.jpg,2,0,0,2,0,0,0
/Users/shravach/Documents/IISc/4th sem/Intelligent ui/datasets/VOC/images/test2007/008578.jpg,1,0,1,2,0,0,1
/Users/shravach/Documents/IISc/4th sem/Intelligent ui/datasets/VOC/images/test2007/008579.jpg,8,0,1,8,1,1,-1
/Users/shravach/Documents/IISc/4th sem/Intelligent ui/datasets/VOC/images/test2007/008580.jpg,1,0,0,1,0,0,0
/Users/shravach/Documents/IISc/4th sem/Intelligent ui/datasets/VOC/images/test2007/008583.jpg,3,0,1,4,3,0,-2
/Users/shravach/Documents/IISc/4th sem/Intelligent ui/datasets/VOC/images/test2007/008589.jpg,1,0,0,1,0,0,0
/Users/shravach/Documents/IISc/4th sem/Intelligent ui/datasets/VOC/images/test2007/008590.jpg,1,8,0,1,10,0,-2
/Users/shravach/Documents/IISc/4th sem/Intelligent ui/datasets/VOC/images/test2007/008591.jpg,3,1,2,4,0,1,2
/Users/shravach/Documents/IISc/4th sem/Intelligent ui/datasets/VOC/images/test2007/008593.jpg,7,6,4,8,6,3,1
/Users/shravach/Documents/IISc/4th sem/Intelligent ui/datasets/VOC/images/test2007/008594.jpg,1,0,0,1,2,0,-2
/Users/shravach/Documents/IISc/4th sem/Intelligent ui/datasets/VOC/images/test2007/008597.jpg,2,0,0,2,0,0,0
/Users/shravach/Documents/IISc/4th sem/Intelligent ui/datasets/VOC/images/test2007/008598.jpg,3,0,1,3,1,1,-1
/Users/shravach/Documents/IISc/4th sem/Intelligent ui/datasets/VOC/images/test2007/008599.jpg,2,1,2,2,1,2,0
/Users/shravach/Documents/IISc/4th sem/Intelligent ui/datasets/VOC/images/test2007/008600.jpg,1,3,0,1,2,0,1
/Users/shravach/Documents/IISc/4th sem/Intelligent ui/datasets/VOC/images/test2007/008603.jpg,2,0,0,2,0,0,0
/Users/shravach/Documents/IISc/4th sem/Intelligent ui/datasets/VOC/images/test2007/008605.jpg,4,2,1,4,2,1,0
/Users/shravach/Documents/IISc/4th sem/Intelligent ui/datasets/VOC/images/test2007/008609.jpg,1,0,0,1,0,0,0
/Users/shravach/Documents/IISc/4th sem/Intelligent ui/datasets/VOC/images/test2007/008611.jpg,1,2,0,1,1,0,1
/Users/shravach/Documents/IISc/4th sem/Intelligent ui/datasets/VOC/images/test2007/008613.jpg,1,0,0,1,0,0,0
/Users/shravach/Documents/IISc/4th sem/Intelligent ui/datasets/VOC/images/test2007/008614.jpg,1,3,0,1,1,0,2
/Users/shravach/Documents/IISc/4th sem/Intelligent ui/datasets/VOC/images/test2007/008616.jpg,3,4,2,3,3,2,1
/Users/shravach/Documents/IISc/4th sem/Intelligent ui/datasets/VOC/images/test2007/008619.jpg,3,0,1,4,0,0,1
/Users/shravach/Documents/IISc/4th sem/Intelligent ui/datasets/VOC/images/test2007/008622.jpg,1,2,0,1,2,0,0
/Users/shravach/Documents/IISc/4th sem/Intelligent ui/datasets/VOC/images/test2007/008623.jpg,2,1,0,2,1,0,0
/Users/shravach/Documents/IISc/4th sem/Intelligent ui/datasets/VOC/images/test2007/008625.jpg,3,1,0,3,0,0,1
/Users/shravach/Documents/IISc/4th sem/Intelligent ui/datasets/VOC/images/test2007/008626.jpg,0,1,4,1,2,3,0
/Users/shravach/Documents/IISc/4th sem/Intelligent ui/datasets/VOC/images/test2007/008627.jpg,1,5,0,1,2,0,3
/Users/shravach/Documents/IISc/4th sem/Intelligent ui/datasets/VOC/images/test2007/008629.jpg,1,0,0,1,0,0,0
/Users/shravach/Documents/IISc/4th sem/Intelligent ui/datasets/VOC/images/test2007/008630.jpg,1,0,0,1,0,0,0
/Users/shravach/Documents/IISc/4th sem/Intelligent ui/datasets/VOC/images/test2007/008631.jpg,1,0,0,1,0,0,0
/Users/shravach/Documents/IISc/4th sem/Intelligent ui/datasets/VOC/images/test2007/008632.jpg,1,0,0,1,0,0,0
/Users/shravach/Documents/IISc/4th sem/Intelligent ui/datasets/VOC/images/test2007/008634.jpg,1,5,0,1,3,0,2
/Users/shravach/Documents/IISc/4th sem/Intelligent ui/datasets/VOC/images/test2007/008637.jpg,0,2,1,1,0,0,3
/Users/shravach/Documents/IISc/4th sem/Intelligent ui/datasets/VOC/images/test2007/008640.jpg,1,1,0,1,1,0,0
/Users/shravach/Documents/IISc/4th sem/Intelligent ui/datasets/VOC/images/test2007/008641.jpg,1,0,1,2,2,0,-1
/Users/shravach/Documents/IISc/4th sem/Intelligent ui/datasets/VOC/images/test2007/008642.jpg,2,0,0,2,0,0,0
/Users/shravach/Documents/IISc/4th sem/Intelligent ui/datasets/VOC/images/test2007/008643.jpg,2,0,0,2,0,0,0
/Users/shravach/Documents/IISc/4th sem/Intelligent ui/datasets/VOC/images/test2007/008646.jpg,2,1,0,2,2,0,-1
/Users/shravach/Documents/IISc/4th sem/Intelligent ui/datasets/VOC/images/test2007/008648.jpg,2,0,0,2,1,0,-1
/Users/shravach/Documents/IISc/4th sem/Intelligent ui/datasets/VOC/images/test2007/008649.jpg,1,0,0,1,0,0,0
/Users/shravach/Documents/IISc/4th sem/Intelligent ui/datasets/VOC/images/test2007/008650.jpg,1,5,0,1,2,0,3
/Users/shravach/Documents/IISc/4th sem/Intelligent ui/datasets/VOC/images/test2007/008651.jpg,1,0,0,1,0,0,0
/Users/shravach/Documents/IISc/4th sem/Intelligent ui/datasets/VOC/images/test2007/008652.jpg,1,1,2,1,0,2,1
/Users/shravach/Documents/IISc/4th sem/Intelligent ui/datasets/VOC/images/test2007/008656.jpg,0,1,1,1,0,0,2
/Users/shravach/Documents/IISc/4th sem/Intelligent ui/datasets/VOC/images/test2007/008657.jpg,1,0,0,1,0,0,0
/Users/shravach/Documents/IISc/4th sem/Intelligent ui/datasets/VOC/images/test2007/008658.jpg,1,1,0,1,1,0,0
/Users/shravach/Documents/IISc/4th sem/Intelligent ui/datasets/VOC/images/test2007/008659.jpg,1,0,0,1,0,0,0
/Users/shravach/Documents/IISc/4th sem/Intelligent ui/datasets/VOC/images/test2007/008660.jpg,0,1,1,1,1,0,1
/Users/shravach/Documents/IISc/4th sem/Intelligent ui/datasets/VOC/images/test2007/008661.jpg,1,2,2,2,0,1,3
/Users/shravach/Documents/IISc/4th sem/Intelligent ui/datasets/VOC/images/test2007/008662.jpg,1,0,0,1,0,0,0
/Users/shravach/Documents/IISc/4th sem/Intelligent ui/datasets/VOC/images/test2007/008664.jpg,1,0,0,1,0,0,0
/Users/shravach/Documents/IISc/4th sem/Intelligent ui/datasets/VOC/images/test2007/008666.jpg,1,1,1,2,0,0,2
/Users/shravach/Documents/IISc/4th sem/Intelligent ui/datasets/VOC/images/test2007/008668.jpg,1,0,1,2,1,0,0
/Users/shravach/Documents/IISc/4th sem/Intelligent ui/datasets/VOC/images/test2007/008669.jpg,4,0,0,4,1,0,-1
/Users/shravach/Documents/IISc/4th sem/Intelligent ui/datasets/VOC/images/test2007/008671.jpg,2,2,2,2,1,2,1
/Users/shravach/Documents/IISc/4th sem/Intelligent ui/datasets/VOC/images/test2007/008672.jpg,1,1,0,1,1,0,0
/Users/shravach/Documents/IISc/4th sem/Intelligent ui/datasets/VOC/images/test2007/008673.jpg,2,1,0,2,0,0,1
/Users/shravach/Documents/IISc/4th sem/Intelligent ui/datasets/VOC/images/test2007/008674.jpg,1,0,0,1,0,0,0
/Users/shravach/Documents/IISc/4th sem/Intelligent ui/datasets/VOC/images/test2007/008675.jpg,1,0,0,1,2,0,-2
/Users/shravach/Documents/IISc/4th sem/Intelligent ui/datasets/VOC/images/test2007/008677.jpg,1,0,0,1,0,0,0
/Users/shravach/Documents/IISc/4th sem/Intelligent ui/datasets/VOC/images/test2007/008678.jpg,2,0,0,2,1,0,-1
/Users/shravach/Documents/IISc/4th sem/Intelligent ui/datasets/VOC/images/test2007/008679.jpg,1,1,0,1,1,0,0
/Users/shravach/Documents/IISc/4th sem/Intelligent ui/datasets/VOC/images/test2007/008681.jpg,2,0,0,2,0,0,0
/Users/shravach/Documents/IISc/4th sem/Intelligent ui/datasets/VOC/images/test2007/008682.jpg,3,1,0,3,1,0,0
/Users/shravach/Documents/IISc/4th sem/Intelligent ui/datasets/VOC/images/test2007/008684.jpg,1,0,0,1,0,0,0
/Users/shravach/Documents/IISc/4th sem/Intelligent ui/datasets/VOC/images/test2007/008685.jpg,1,0,0,1,0,0,0
/Users/shravach/Documents/IISc/4th sem/Intelligent ui/datasets/VOC/images/test2007/008686.jpg,3,5,0,3,4,0,1
/Users/shravach/Documents/IISc/4th sem/Intelligent ui/datasets/VOC/images/test2007/008689.jpg,8,4,0,7,2,1,1
/Users/shravach/Documents/IISc/4th sem/Intelligent ui/datasets/VOC/images/test2007/008693.jpg,1,0,0,1,0,0,0
/Users/shravach/Documents/IISc/4th sem/Intelligent ui/datasets/VOC/images/test2007/008694.jpg,4,0,0,3,1,1,-2
/Users/shravach/Documents/IISc/4th sem/Intelligent ui/datasets/VOC/images/test2007/008696.jpg,1,0,0,1,0,0,0
/Users/shravach/Documents/IISc/4th sem/Intelligent ui/datasets/VOC/images/test2007/008697.jpg,1,0,0,1,2,0,-2
/Users/shravach/Documents/IISc/4th sem/Intelligent ui/datasets/VOC/images/test2007/008700.jpg,1,1,1,2,2,0,0
/Users/shravach/Documents/IISc/4th sem/Intelligent ui/datasets/VOC/images/test2007/008703.jpg,1,3,0,1,1,0,2
/Users/shravach/Documents/IISc/4th sem/Intelligent ui/datasets/VOC/images/test2007/008704.jpg,1,2,0,0,4,1,-3
/Users/shravach/Documents/IISc/4th sem/Intelligent ui/datasets/VOC/images/test2007/008705.jpg,1,0,0,1,0,0,0
/Users/shravach/Documents/IISc/4th sem/Intelligent ui/datasets/VOC/images/test2007/008707.jpg,0,0,3,2,1,1,1
/Users/shravach/Documents/IISc/4th sem/Intelligent ui/datasets/VOC/images/test2007/008708.jpg,2,0,1,3,0,0,1
/Users/shravach/Documents/IISc/4th sem/Intelligent ui/datasets/VOC/images/test2007/008711.jpg,1,1,1,1,2,1,-1
/Users/shravach/Documents/IISc/4th sem/Intelligent ui/datasets/VOC/images/test2007/008712.jpg,1,0,0,1,0,0,0
/Users/shravach/Documents/IISc/4th sem/Intelligent ui/datasets/VOC/images/test2007/008714.jpg,1,0,0,1,0,0,0
/Users/shravach/Documents/IISc/4th sem/Intelligent ui/datasets/VOC/images/test2007/008715.jpg,1,1,0,1,1,0,0
/Users/shravach/Documents/IISc/4th sem/Intelligent ui/datasets/VOC/images/test2007/008719.jpg,1,3,0,1,1,0,2
/Users/shravach/Documents/IISc/4th sem/Intelligent ui/datasets/VOC/images/test2007/008721.jpg,3,0,0,3,1,0,-1
/Users/shravach/Documents/IISc/4th sem/Intelligent ui/datasets/VOC/images/test2007/008724.jpg,1,0,0,1,0,0,0
/Users/shravach/Documents/IISc/4th sem/Intelligent ui/datasets/VOC/images/test2007/008726.jpg,1,1,1,1,1,1,0
/Users/shravach/Documents/IISc/4th sem/Intelligent ui/datasets/VOC/images/test2007/008729.jpg,0,2,1,0,0,1,2
/Users/shravach/Documents/IISc/4th sem/Intelligent ui/datasets/VOC/images/test2007/008734.jpg,2,2,5,3,1,4,2
/Users/shravach/Documents/IISc/4th sem/Intelligent ui/datasets/VOC/images/test2007/008735.jpg,2,0,0,2,1,0,-1
/Users/shravach/Documents/IISc/4th sem/Intelligent ui/datasets/VOC/images/test2007/008736.jpg,1,3,0,1,2,0,1
/Users/shravach/Documents/IISc/4th sem/Intelligent ui/datasets/VOC/images/test2007/008737.jpg,1,0,0,1,0,0,0
/Users/shravach/Documents/IISc/4th sem/Intelligent ui/datasets/VOC/images/test2007/008740.jpg,0,1,2,1,1,1,1
/Users/shravach/Documents/IISc/4th sem/Intelligent ui/datasets/VOC/images/test2007/008743.jpg,1,1,0,1,1,0,0
/Users/shravach/Documents/IISc/4th sem/Intelligent ui/datasets/VOC/images/test2007/008745.jpg,2,2,2,2,2,2,0
/Users/shravach/Documents/IISc/4th sem/Intelligent ui/datasets/VOC/images/test2007/008746.jpg,4,1,0,4,0,0,1
/Users/shravach/Documents/IISc/4th sem/Intelligent ui/datasets/VOC/images/test2007/008751.jpg,3,4,6,4,9,5,-4
/Users/shravach/Documents/IISc/4th sem/Intelligent ui/datasets/VOC/images/test2007/008754.jpg,3,3,4,2,3,5,-1
/Users/shravach/Documents/IISc/4th sem/Intelligent ui/datasets/VOC/images/test2007/008758.jpg,6,0,0,6,1,0,-1
/Users/shravach/Documents/IISc/4th sem/Intelligent ui/datasets/VOC/images/test2007/008761.jpg,1,4,0,1,1,0,3
/Users/shravach/Documents/IISc/4th sem/Intelligent ui/datasets/VOC/images/test2007/008762.jpg,1,2,1,1,4,1,-2
/Users/shravach/Documents/IISc/4th sem/Intelligent ui/datasets/VOC/images/test2007/008763.jpg,1,0,0,1,0,0,0
/Users/shravach/Documents/IISc/4th sem/Intelligent ui/datasets/VOC/images/test2007/008765.jpg,8,1,1,8,0,1,1
/Users/shravach/Documents/IISc/4th sem/Intelligent ui/datasets/VOC/images/test2007/008767.jpg,1,0,0,1,1,0,-1
/Users/shravach/Documents/IISc/4th sem/Intelligent ui/datasets/VOC/images/test2007/008774.jpg,3,1,0,3,1,0,0
/Users/shravach/Documents/IISc/4th sem/Intelligent ui/datasets/VOC/images/test2007/008777.jpg,1,0,0,1,1,0,-1
/Users/shravach/Documents/IISc/4th sem/Intelligent ui/datasets/VOC/images/test2007/008778.jpg,2,1,0,2,1,0,0
/Users/shravach/Documents/IISc/4th sem/Intelligent ui/datasets/VOC/images/test2007/008779.jpg,1,2,0,1,0,0,2
/Users/shravach/Documents/IISc/4th sem/Intelligent ui/datasets/VOC/images/test2007/008780.jpg,2,2,2,2,2,2,0
/Users/shravach/Documents/IISc/4th sem/Intelligent ui/datasets/VOC/images/test2007/008781.jpg,1,0,0,1,0,0,0
/Users/shravach/Documents/IISc/4th sem/Intelligent ui/datasets/VOC/images/test2007/008782.jpg,1,0,0,1,0,0,0
/Users/shravach/Documents/IISc/4th sem/Intelligent ui/datasets/VOC/images/test2007/008785.jpg,2,1,1,3,2,0,0
/Users/shravach/Documents/IISc/4th sem/Intelligent ui/datasets/VOC/images/test2007/008786.jpg,8,1,0,8,0,0,1
/Users/shravach/Documents/IISc/4th sem/Intelligent ui/datasets/VOC/images/test2007/008787.jpg,1,0,0,1,0,0,0
/Users/shravach/Documents/IISc/4th sem/Intelligent ui/datasets/VOC/images/test2007/008788.jpg,3,0,0,3,0,0,0
/Users/shravach/Documents/IISc/4th sem/Intelligent ui/datasets/VOC/images/test2007/008789.jpg,1,0,0,1,1,0,-1
/Users/shravach/Documents/IISc/4th sem/Intelligent ui/datasets/VOC/images/test2007/008791.jpg,1,0,0,1,0,0,0
/Users/shravach/Documents/IISc/4th sem/Intelligent ui/datasets/VOC/images/test2007/008792.jpg,2,1,0,1,1,1,-1
/Users/shravach/Documents/IISc/4th sem/Intelligent ui/datasets/VOC/images/test2007/008795.jpg,0,1,1,1,2,0,0
/Users/shravach/Documents/IISc/4th sem/Intelligent ui/datasets/VOC/images/test2007/008797.jpg,2,0,5,4,1,3,1
/Users/shravach/Documents/IISc/4th sem/Intelligent ui/datasets/VOC/images/test2007/008798.jpg,2,0,0,2,1,0,-1
/Users/shravach/Documents/IISc/4th sem/Intelligent ui/datasets/VOC/images/test2007/008800.jpg,2,0,0,2,0,0,0
/Users/shravach/Documents/IISc/4th sem/Intelligent ui/datasets/VOC/images/test2007/008802.jpg,2,0,0,2,0,0,0
/Users/shravach/Documents/IISc/4th sem/Intelligent ui/datasets/VOC/images/test2007/008803.jpg,2,1,1,3,0,0,2
/Users/shravach/Documents/IISc/4th sem/Intelligent ui/datasets/VOC/images/test2007/008804.jpg,2,0,0,2,0,0,0
/Users/shravach/Documents/IISc/4th sem/Intelligent ui/datasets/VOC/images/test2007/008807.jpg,1,0,1,2,0,0,1
/Users/shravach/Documents/IISc/4th sem/Intelligent ui/datasets/VOC/images/test2007/008808.jpg,3,0,0,3,0,0,0
/Users/shravach/Documents/IISc/4th sem/Intelligent ui/datasets/VOC/images/test2007/008812.jpg,2,0,0,2,0,0,0
/Users/shravach/Documents/IISc/4th sem/Intelligent ui/datasets/VOC/images/test2007/008816.jpg,1,1,0,1,0,0,1
/Users/shravach/Documents/IISc/4th sem/Intelligent ui/datasets/VOC/images/test2007/008818.jpg,2,1,0,2,0,0,1
/Users/shravach/Documents/IISc/4th sem/Intelligent ui/datasets/VOC/images/test2007/008820.jpg,2,1,0,2,0,0,1
/Users/shravach/Documents/IISc/4th sem/Intelligent ui/datasets/VOC/images/test2007/008821.jpg,1,3,1,1,2,1,1
/Users/shravach/Documents/IISc/4th sem/Intelligent ui/datasets/VOC/images/test2007/008824.jpg,7,2,1,8,2,0,1
/Users/shravach/Documents/IISc/4th sem/Intelligent ui/datasets/VOC/images/test2007/008825.jpg,1,0,0,1,0,0,0
/Users/shravach/Documents/IISc/4th sem/Intelligent ui/datasets/VOC/images/test2007/008827.jpg,1,1,1,2,0,0,2
/Users/shravach/Documents/IISc/4th sem/Intelligent ui/datasets/VOC/images/test2007/008828.jpg,7,1,1,7,1,1,0
/Users/shravach/Documents/IISc/4th sem/Intelligent ui/datasets/VOC/images/test2007/008829.jpg,4,7,1,4,3,1,4
/Users/shravach/Documents/IISc/4th sem/Intelligent ui/datasets/VOC/images/test2007/008830.jpg,1,0,0,1,1,0,-1
/Users/shravach/Documents/IISc/4th sem/Intelligent ui/datasets/VOC/images/test2007/008832.jpg,1,0,0,1,0,0,0
/Users/shravach/Documents/IISc/4th sem/Intelligent ui/datasets/VOC/images/test2007/008834.jpg,1,0,0,1,0,0,0
/Users/shravach/Documents/IISc/4th sem/Intelligent ui/datasets/VOC/images/test2007/008839.jpg,3,3,1,4,4,0,0
/Users/shravach/Documents/IISc/4th sem/Intelligent ui/datasets/VOC/images/test2007/008842.jpg,1,0,0,1,0,0,0
/Users/shravach/Documents/IISc/4th sem/Intelligent ui/datasets/VOC/images/test2007/008844.jpg,2,1,0,2,0,0,1
/Users/shravach/Documents/IISc/4th sem/Intelligent ui/datasets/VOC/images/test2007/008845.jpg,2,1,0,2,0,0,1
/Users/shravach/Documents/IISc/4th sem/Intelligent ui/datasets/VOC/images/test2007/008846.jpg,2,0,0,2,0,0,0
/Users/shravach/Documents/IISc/4th sem/Intelligent ui/datasets/VOC/images/test2007/008850.jpg,3,0,1,4,1,0,0
/Users/shravach/Documents/IISc/4th sem/Intelligent ui/datasets/VOC/images/test2007/008851.jpg,1,0,0,1,0,0,0
/Users/shravach/Documents/IISc/4th sem/Intelligent ui/datasets/VOC/images/test2007/008852.jpg,1,1,0,1,1,0,0
/Users/shravach/Documents/IISc/4th sem/Intelligent ui/datasets/VOC/images/test2007/008853.jpg,1,0,0,1,0,0,0
/Users/shravach/Documents/IISc/4th sem/Intelligent ui/datasets/VOC/images/test2007/008855.jpg,1,0,0,1,0,0,0
/Users/shravach/Documents/IISc/4th sem/Intelligent ui/datasets/VOC/images/test2007/008857.jpg,3,1,0,3,0,0,1
/Users/shravach/Documents/IISc/4th sem/Intelligent ui/datasets/VOC/images/test2007/008860.jpg,0,1,1,1,0,0,2
/Users/shravach/Documents/IISc/4th sem/Intelligent ui/datasets/VOC/images/test2007/008861.jpg,1,0,0,1,0,0,0
/Users/shravach/Documents/IISc/4th sem/Intelligent ui/datasets/VOC/images/test2007/008863.jpg,7,3,0,7,2,0,1
/Users/shravach/Documents/IISc/4th sem/Intelligent ui/datasets/VOC/images/test2007/008864.jpg,6,1,2,7,4,1,-2
/Users/shravach/Documents/IISc/4th sem/Intelligent ui/datasets/VOC/images/test2007/008866.jpg,1,0,0,1,0,0,0
/Users/shravach/Documents/IISc/4th sem/Intelligent ui/datasets/VOC/images/test2007/008868.jpg,3,1,1,3,1,1,0
/Users/shravach/Documents/IISc/4th sem/Intelligent ui/datasets/VOC/images/test2007/008869.jpg,1,1,2,2,2,1,0
/Users/shravach/Documents/IISc/4th sem/Intelligent ui/datasets/VOC/images/test2007/008870.jpg,1,0,0,1,0,0,0
/Users/shravach/Documents/IISc/4th sem/Intelligent ui/datasets/VOC/images/test2007/008875.jpg,2,0,0,2,0,0,0
/Users/shravach/Documents/IISc/4th sem/Intelligent ui/datasets/VOC/images/test2007/008877.jpg,1,0,0,1,0,0,0
/Users/shravach/Documents/IISc/4th sem/Intelligent ui/datasets/VOC/images/test2007/008881.jpg,1,0,0,1,0,0,0
/Users/shravach/Documents/IISc/4th sem/Intelligent ui/datasets/VOC/images/test2007/008882.jpg,2,0,0,2,0,0,0
/Users/shravach/Documents/IISc/4th sem/Intelligent ui/datasets/VOC/images/test2007/008887.jpg,2,1,1,2,1,1,0
/Users/shravach/Documents/IISc/4th sem/Intelligent ui/datasets/VOC/images/test2007/008889.jpg,1,1,0,1,1,0,0
/Users/shravach/Documents/IISc/4th sem/Intelligent ui/datasets/VOC/images/test2007/008893.jpg,2,1,0,2,0,0,1
/Users/shravach/Documents/IISc/4th sem/Intelligent ui/datasets/VOC/images/test2007/008894.jpg,2,0,0,2,1,0,-1
/Users/shravach/Documents/IISc/4th sem/Intelligent ui/datasets/VOC/images/test2007/008895.jpg,5,2,1,5,2,1,0
/Users/shravach/Documents/IISc/4th sem/Intelligent ui/datasets/VOC/images/test2007/008896.jpg,1,0,0,1,0,0,0
/Users/shravach/Documents/IISc/4th sem/Intelligent ui/datasets/VOC/images/test2007/008897.jpg,2,0,1,2,1,1,-1
/Users/shravach/Documents/IISc/4th sem/Intelligent ui/datasets/VOC/images/test2007/008898.jpg,1,0,0,1,0,0,0
/Users/shravach/Documents/IISc/4th sem/Intelligent ui/datasets/VOC/images/test2007/008899.jpg,2,0,0,2,0,0,0
/Users/shravach/Documents/IISc/4th sem/Intelligent ui/datasets/VOC/images/test2007/008901.jpg,4,1,0,4,1,0,0
/Users/shravach/Documents/IISc/4th sem/Intelligent ui/datasets/VOC/images/test2007/008902.jpg,2,0,0,2,0,0,0
/Users/shravach/Documents/IISc/4th sem/Intelligent ui/datasets/VOC/images/test2007/008903.jpg,1,1,1,2,0,0,2
/Users/shravach/Documents/IISc/4th sem/Intelligent ui/datasets/VOC/images/test2007/008904.jpg,1,1,0,1,0,0,1
/Users/shravach/Documents/IISc/4th sem/Intelligent ui/datasets/VOC/images/test2007/008906.jpg,1,0,0,1,0,0,0
/Users/shravach/Documents/IISc/4th sem/Intelligent ui/datasets/VOC/images/test2007/008907.jpg,1,2,1,2,0,0,3
/Users/shravach/Documents/IISc/4th sem/Intelligent ui/datasets/VOC/images/test2007/008908.jpg,1,0,0,1,0,0,0
/Users/shravach/Documents/IISc/4th sem/Intelligent ui/datasets/VOC/images/test2007/008910.jpg,12,4,1,12,3,1,1
/Users/shravach/Documents/IISc/4th sem/Intelligent ui/datasets/VOC/images/test2007/008912.jpg,4,1,0,3,3,1,-3
/Users/shravach/Documents/IISc/4th sem/Intelligent ui/datasets/VOC/images/test2007/008915.jpg,3,2,0,3,0,0,2
/Users/shravach/Documents/IISc/4th sem/Intelligent ui/datasets/VOC/images/test2007/008916.jpg,3,2,0,3,0,0,2
/Users/shravach/Documents/IISc/4th sem/Intelligent ui/datasets/VOC/images/test2007/008918.jpg,3,3,0,3,4,0,-1
/Users/shravach/Documents/IISc/4th sem/Intelligent ui/datasets/VOC/images/test2007/008922.jpg,3,4,2,3,3,2,1
/Users/shravach/Documents/IISc/4th sem/Intelligent ui/datasets/VOC/images/test2007/008924.jpg,1,0,0,1,0,0,0
/Users/shravach/Documents/IISc/4th sem/Intelligent ui/datasets/VOC/images/test2007/008925.jpg,10,4,2,10,2,2,2
/Users/shravach/Documents/IISc/4th sem/Intelligent ui/datasets/VOC/images/test2007/008928.jpg,8,2,0,8,5,0,-3
/Users/shravach/Documents/IISc/4th sem/Intelligent ui/datasets/VOC/images/test2007/008934.jpg,1,1,0,1,0,0,1
/Users/shravach/Documents/IISc/4th sem/Intelligent ui/datasets/VOC/images/test2007/008935.jpg,1,0,0,1,0,0,0
/Users/shravach/Documents/IISc/4th sem/Intelligent ui/datasets/VOC/images/test2007/008937.jpg,3,1,1,3,0,1,1
/Users/shravach/Documents/IISc/4th sem/Intelligent ui/datasets/VOC/images/test2007/008938.jpg,1,0,0,1,0,0,0
/Users/shravach/Documents/IISc/4th sem/Intelligent ui/datasets/VOC/images/test2007/008941.jpg,3,1,0,3,1,0,0
/Users/shravach/Documents/IISc/4th sem/Intelligent ui/datasets/VOC/images/test2007/008945.jpg,2,0,0,2,2,0,-2
/Users/shravach/Documents/IISc/4th sem/Intelligent ui/datasets/VOC/images/test2007/008946.jpg,1,0,0,1,1,0,-1
/Users/shravach/Documents/IISc/4th sem/Intelligent ui/datasets/VOC/images/test2007/008947.jpg,3,2,1,2,1,2,0
/Users/shravach/Documents/IISc/4th sem/Intelligent ui/datasets/VOC/images/test2007/008949.jpg,1,0,0,1,0,0,0
/Users/shravach/Documents/IISc/4th sem/Intelligent ui/datasets/VOC/images/test2007/008950.jpg,1,0,0,1,0,0,0
/Users/shravach/Documents/IISc/4th sem/Intelligent ui/datasets/VOC/images/test2007/008952.jpg,2,1,0,1,2,1,-2
/Users/shravach/Documents/IISc/4th sem/Intelligent ui/datasets/VOC/images/test2007/008954.jpg,2,1,4,6,0,0,5
/Users/shravach/Documents/IISc/4th sem/Intelligent ui/datasets/VOC/images/test2007/008956.jpg,1,0,0,1,0,0,0
/Users/shravach/Documents/IISc/4th sem/Intelligent ui/datasets/VOC/images/test2007/008957.jpg,5,2,0,5,1,0,1
/Users/shravach/Documents/IISc/4th sem/Intelligent ui/datasets/VOC/images/test2007/008959.jpg,1,0,0,1,0,0,0
/Users/shravach/Documents/IISc/4th sem/Intelligent ui/datasets/VOC/images/test2007/008963.jpg,2,1,1,3,4,0,-2
/Users/shravach/Documents/IISc/4th sem/Intelligent ui/datasets/VOC/images/test2007/008964.jpg,2,1,0,2,3,0,-2
/Users/shravach/Documents/IISc/4th sem/Intelligent ui/datasets/VOC/images/test2007/008972.jpg,1,0,0,1,0,0,0
/Users/shravach/Documents/IISc/4th sem/Intelligent ui/datasets/VOC/images/test2007/008974.jpg,2,1,0,2,1,0,0
/Users/shravach/Documents/IISc/4th sem/Intelligent ui/datasets/VOC/images/test2007/008977.jpg,1,0,0,1,0,0,0
/Users/shravach/Documents/IISc/4th sem/Intelligent ui/datasets/VOC/images/test2007/008981.jpg,1,0,0,1,0,0,0
/Users/shravach/Documents/IISc/4th sem/Intelligent ui/datasets/VOC/images/test2007/008984.jpg,2,0,0,2,0,0,0
/Users/shravach/Documents/IISc/4th sem/Intelligent ui/datasets/VOC/images/test2007/008986.jpg,1,0,1,2,0,0,1
/Users/shravach/Documents/IISc/4th sem/Intelligent ui/datasets/VOC/images/test2007/008990.jpg,2,0,0,2,1,0,-1
/Users/shravach/Documents/IISc/4th sem/Intelligent ui/datasets/VOC/images/test2007/008991.jpg,3,1,0,3,1,0,0
/Users/shravach/Documents/IISc/4th sem/Intelligent ui/datasets/VOC/images/test2007/008992.jpg,1,0,0,1,0,0,0
/Users/shravach/Documents/IISc/4th sem/Intelligent ui/datasets/VOC/images/test2007/008993.jpg,2,0,0,2,0,0,0
/Users/shravach/Documents/IISc/4th sem/Intelligent ui/datasets/VOC/images/test2007/008994.jpg,2,0,0,2,0,0,0
/Users/shravach/Documents/IISc/4th sem/Intelligent ui/datasets/VOC/images/test2007/008996.jpg,1,0,1,2,1,0,0
/Users/shravach/Documents/IISc/4th sem/Intelligent ui/datasets/VOC/images/test2007/008998.jpg,4,1,1,5,2,0,0
/Users/shravach/Documents/IISc/4th sem/Intelligent ui/datasets/VOC/images/test2007/009001.jpg,1,0,0,1,1,0,-1
/Users/shravach/Documents/IISc/4th sem/Intelligent ui/datasets/VOC/images/test2007/009003.jpg,1,1,0,1,1,0,0
/Users/shravach/Documents/IISc/4th sem/Intelligent ui/datasets/VOC/images/test2007/009008.jpg,2,0,0,2,0,0,0
/Users/shravach/Documents/IISc/4th sem/Intelligent ui/datasets/VOC/images/test2007/009009.jpg,1,0,0,1,0,0,0
/Users/shravach/Documents/IISc/4th sem/Intelligent ui/datasets/VOC/images/test2007/009010.jpg,2,2,0,2,1,0,1
/Users/shravach/Documents/IISc/4th sem/Intelligent ui/datasets/VOC/images/test2007/009011.jpg,1,1,0,1,1,0,0
/Users/shravach/Documents/IISc/4th sem/Intelligent ui/datasets/VOC/images/test2007/009012.jpg,2,1,1,3,0,0,2
/Users/shravach/Documents/IISc/4th sem/Intelligent ui/datasets/VOC/images/test2007/009013.jpg,1,0,2,1,0,2,0
/Users/shravach/Documents/IISc/4th sem/Intelligent ui/datasets/VOC/images/test2007/009014.jpg,4,0,0,3,0,1,-1
/Users/shravach/Documents/IISc/4th sem/Intelligent ui/datasets/VOC/images/test2007/009017.jpg,3,0,0,3,1,0,-1
/Users/shravach/Documents/IISc/4th sem/Intelligent ui/datasets/VOC/images/test2007/009021.jpg,1,0,0,1,0,0,0
/Users/shravach/Documents/IISc/4th sem/Intelligent ui/datasets/VOC/images/test2007/009023.jpg,4,3,1,3,4,2,-2
/Users/shravach/Documents/IISc/4th sem/Intelligent ui/datasets/VOC/images/test2007/009025.jpg,1,2,0,1,0,0,2
/Users/shravach/Documents/IISc/4th sem/Intelligent ui/datasets/VOC/images/test2007/009026.jpg,1,0,0,1,1,0,-1
/Users/shravach/Documents/IISc/4th sem/Intelligent ui/datasets/VOC/images/test2007/009028.jpg,2,0,0,2,0,0,0
/Users/shravach/Documents/IISc/4th sem/Intelligent ui/datasets/VOC/images/test2007/009030.jpg,1,1,0,1,1,0,0
/Users/shravach/Documents/IISc/4th sem/Intelligent ui/datasets/VOC/images/test2007/009031.jpg,2,0,0,2,1,0,-1
/Users/shravach/Documents/IISc/4th sem/Intelligent ui/datasets/VOC/images/test2007/009033.jpg,7,2,1,7,4,1,-2
/Users/shravach/Documents/IISc/4th sem/Intelligent ui/datasets/VOC/images/test2007/009038.jpg,1,0,0,1,0,0,0
/Users/shravach/Documents/IISc/4th sem/Intelligent ui/datasets/VOC/images/test2007/009040.jpg,1,3,0,1,1,0,2
/Users/shravach/Documents/IISc/4th sem/Intelligent ui/datasets/VOC/images/test2007/009041.jpg,2,0,0,2,0,0,0
/Users/shravach/Documents/IISc/4th sem/Intelligent ui/datasets/VOC/images/test2007/009043.jpg,0,2,1,0,0,1,2
/Users/shravach/Documents/IISc/4th sem/Intelligent ui/datasets/VOC/images/test2007/009044.jpg,5,1,1,5,5,1,-4
/Users/shravach/Documents/IISc/4th sem/Intelligent ui/datasets/VOC/images/test2007/009046.jpg,2,0,1,3,0,0,1
/Users/shravach/Documents/IISc/4th sem/Intelligent ui/datasets/VOC/images/test2007/009047.jpg,6,1,2,6,4,2,-3
/Users/shravach/Documents/IISc/4th sem/Intelligent ui/datasets/VOC/images/test2007/009050.jpg,2,3,0,2,7,0,-4
/Users/shravach/Documents/IISc/4th sem/Intelligent ui/datasets/VOC/images/test2007/009052.jpg,2,1,0,2,0,0,1
/Users/shravach/Documents/IISc/4th sem/Intelligent ui/datasets/VOC/images/test2007/009054.jpg,1,0,0,1,0,0,0
/Users/shravach/Documents/IISc/4th sem/Intelligent ui/datasets/VOC/images/test2007/009055.jpg,1,0,0,1,0,0,0
/Users/shravach/Documents/IISc/4th sem/Intelligent ui/datasets/VOC/images/test2007/009056.jpg,3,2,3,4,0,2,3
/Users/shravach/Documents/IISc/4th sem/Intelligent ui/datasets/VOC/images/test2007/009057.jpg,1,0,0,1,0,0,0
/Users/shravach/Documents/IISc/4th sem/Intelligent ui/datasets/VOC/images/test2007/009061.jpg,0,0,1,1,0,0,1
/Users/shravach/Documents/IISc/4th sem/Intelligent ui/datasets/VOC/images/test2007/009062.jpg,1,0,0,1,0,0,0
/Users/shravach/Documents/IISc/4th sem/Intelligent ui/datasets/VOC/images/test2007/009065.jpg,1,0,0,1,0,0,0
/Users/shravach/Documents/IISc/4th sem/Intelligent ui/datasets/VOC/images/test2007/009067.jpg,2,1,0,2,0,0,1
/Users/shravach/Documents/IISc/4th sem/Intelligent ui/datasets/VOC/images/test2007/009069.jpg,2,2,1,2,3,1,-1
/Users/shravach/Documents/IISc/4th sem/Intelligent ui/datasets/VOC/images/test2007/009070.jpg,1,0,0,1,0,0,0
/Users/shravach/Documents/IISc/4th sem/Intelligent ui/datasets/VOC/images/test2007/009071.jpg,1,1,0,1,1,0,0
/Users/shravach/Documents/IISc/4th sem/Intelligent ui/datasets/VOC/images/test2007/009074.jpg,1,1,1,1,1,1,0
/Users/shravach/Documents/IISc/4th sem/Intelligent ui/datasets/VOC/images/test2007/009075.jpg,8,1,0,8,3,0,-2
/Users/shravach/Documents/IISc/4th sem/Intelligent ui/datasets/VOC/images/test2007/009076.jpg,1,0,0,1,0,0,0
/Users/shravach/Documents/IISc/4th sem/Intelligent ui/datasets/VOC/images/test2007/009077.jpg,6,1,3,6,2,3,-1
/Users/shravach/Documents/IISc/4th sem/Intelligent ui/datasets/VOC/images/test2007/009081.jpg,1,0,0,1,0,0,0
/Users/shravach/Documents/IISc/4th sem/Intelligent ui/datasets/VOC/images/test2007/009082.jpg,1,1,0,1,0,0,1
/Users/shravach/Documents/IISc/4th sem/Intelligent ui/datasets/VOC/images/test2007/009083.jpg,1,0,0,1,0,0,0
/Users/shravach/Documents/IISc/4th sem/Intelligent ui/datasets/VOC/images/test2007/009084.jpg,3,4,3,3,3,3,1
/Users/shravach/Documents/IISc/4th sem/Intelligent ui/datasets/VOC/images/test2007/009088.jpg,0,1,1,1,0,0,2
/Users/shravach/Documents/IISc/4th sem/Intelligent ui/datasets/VOC/images/test2007/009090.jpg,1,1,0,1,1,0,0
/Users/shravach/Documents/IISc/4th sem/Intelligent ui/datasets/VOC/images/test2007/009092.jpg,4,1,0,4,1,0,0
/Users/shravach/Documents/IISc/4th sem/Intelligent ui/datasets/VOC/images/test2007/009093.jpg,0,1,1,1,0,0,2
/Users/shravach/Documents/IISc/4th sem/Intelligent ui/datasets/VOC/images/test2007/009095.jpg,1,1,1,1,2,1,-1
/Users/shravach/Documents/IISc/4th sem/Intelligent ui/datasets/VOC/images/test2007/009096.jpg,1,0,0,1,0,0,0
/Users/shravach/Documents/IISc/4th sem/Intelligent ui/datasets/VOC/images/test2007/009097.jpg,1,0,0,1,0,0,0
/Users/shravach/Documents/IISc/4th sem/Intelligent ui/datasets/VOC/images/test2007/009101.jpg,6,1,0,4,1,2,-2
/Users/shravach/Documents/IISc/4th sem/Intelligent ui/datasets/VOC/images/test2007/009102.jpg,2,0,1,3,0,0,1
/Users/shravach/Documents/IISc/4th sem/Intelligent ui/datasets/VOC/images/test2007/009103.jpg,2,2,0,2,1,0,1
/Users/shravach/Documents/IISc/4th sem/Intelligent ui/datasets/VOC/images/test2007/009104.jpg,1,0,0,1,0,0,0
/Users/shravach/Documents/IISc/4th sem/Intelligent ui/datasets/VOC/images/test2007/009107.jpg,1,0,0,1,0,0,0
/Users/shravach/Documents/IISc/4th sem/Intelligent ui/datasets/VOC/images/test2007/009109.jpg,0,1,1,1,4,0,-2
/Users/shravach/Documents/IISc/4th sem/Intelligent ui/datasets/VOC/images/test2007/009110.jpg,1,0,0,1,0,0,0
/Users/shravach/Documents/IISc/4th sem/Intelligent ui/datasets/VOC/images/test2007/009111.jpg,2,2,0,2,1,0,1
/Users/shravach/Documents/IISc/4th sem/Intelligent ui/datasets/VOC/images/test2007/009115.jpg,1,1,1,1,2,1,-1
/Users/shravach/Documents/IISc/4th sem/Intelligent ui/datasets/VOC/images/test2007/009118.jpg,1,2,0,1,0,0,2
/Users/shravach/Documents/IISc/4th sem/Intelligent ui/datasets/VOC/images/test2007/009119.jpg,3,3,0,2,1,1,1
/Users/shravach/Documents/IISc/4th sem/Intelligent ui/datasets/VOC/images/test2007/009120.jpg,0,1,1,1,0,0,2
/Users/shravach/Documents/IISc/4th sem/Intelligent ui/datasets/VOC/images/test2007/009122.jpg,3,2,1,3,5,1,-3
/Users/shravach/Documents/IISc/4th sem/Intelligent ui/datasets/VOC/images/test2007/009124.jpg,2,0,0,2,0,0,0
/Users/shravach/Documents/IISc/4th sem/Intelligent ui/datasets/VOC/images/test2007/009125.jpg,4,2,1,4,1,1,1
/Users/shravach/Documents/IISc/4th sem/Intelligent ui/datasets/VOC/images/test2007/009127.jpg,4,3,1,5,3,0,1
/Users/shravach/Documents/IISc/4th sem/Intelligent ui/datasets/VOC/images/test2007/009130.jpg,2,0,0,2,0,0,0
/Users/shravach/Documents/IISc/4th sem/Intelligent ui/datasets/VOC/images/test2007/009132.jpg,1,0,0,1,0,0,0
/Users/shravach/Documents/IISc/4th sem/Intelligent ui/datasets/VOC/images/test2007/009134.jpg,1,0,1,1,0,1,0
/Users/shravach/Documents/IISc/4th sem/Intelligent ui/datasets/VOC/images/test2007/009135.jpg,1,0,0,1,0,0,0
/Users/shravach/Documents/IISc/4th sem/Intelligent ui/datasets/VOC/images/test2007/009137.jpg,1,5,0,1,4,0,1
/Users/shravach/Documents/IISc/4th sem/Intelligent ui/datasets/VOC/images/test2007/009139.jpg,6,2,0,6,3,0,-1
/Users/shravach/Documents/IISc/4th sem/Intelligent ui/datasets/VOC/images/test2007/009140.jpg,0,0,1,0,0,1,0
/Users/shravach/Documents/IISc/4th sem/Intelligent ui/datasets/VOC/images/test2007/009142.jpg,1,0,0,1,0,0,0
/Users/shravach/Documents/IISc/4th sem/Intelligent ui/datasets/VOC/images/test2007/009143.jpg,2,3,0,1,1,1,1
/Users/shravach/Documents/IISc/4th sem/Intelligent ui/datasets/VOC/images/test2007/009145.jpg,3,0,0,3,3,0,-3
/Users/shravach/Documents/IISc/4th sem/Intelligent ui/datasets/VOC/images/test2007/009146.jpg,1,0,0,1,0,0,0
/Users/shravach/Documents/IISc/4th sem/Intelligent ui/datasets/VOC/images/test2007/009149.jpg,1,0,2,1,0,2,0
/Users/shravach/Documents/IISc/4th sem/Intelligent ui/datasets/VOC/images/test2007/009152.jpg,2,0,0,2,0,0,0
/Users/shravach/Documents/IISc/4th sem/Intelligent ui/datasets/VOC/images/test2007/009154.jpg,1,2,0,1,4,0,-2
/Users/shravach/Documents/IISc/4th sem/Intelligent ui/datasets/VOC/images/test2007/009156.jpg,5,1,1,5,0,1,1
/Users/shravach/Documents/IISc/4th sem/Intelligent ui/datasets/VOC/images/test2007/009158.jpg,1,2,0,1,0,0,2
/Users/shravach/Documents/IISc/4th sem/Intelligent ui/datasets/VOC/images/test2007/009164.jpg,5,0,0,5,1,0,-1
/Users/shravach/Documents/IISc/4th sem/Intelligent ui/datasets/VOC/images/test2007/009165.jpg,2,0,4,3,2,3,-1
/Users/shravach/Documents/IISc/4th sem/Intelligent ui/datasets/VOC/images/test2007/009167.jpg,1,0,0,1,0,0,0
/Users/shravach/Documents/IISc/4th sem/Intelligent ui/datasets/VOC/images/test2007/009169.jpg,9,0,3,9,2,3,-2
/Users/shravach/Documents/IISc/4th sem/Intelligent ui/datasets/VOC/images/test2007/009170.jpg,3,6,0,3,5,0,1
/Users/shravach/Documents/IISc/4th sem/Intelligent ui/datasets/VOC/images/test2007/009171.jpg,10,1,0,10,3,0,-2
/Users/shravach/Documents/IISc/4th sem/Intelligent ui/datasets/VOC/images/test2007/009172.jpg,6,4,2,5,4,3,-1
/Users/shravach/Documents/IISc/4th sem/Intelligent ui/datasets/VOC/images/test2007/009176.jpg,1,1,0,1,0,0,1
/Users/shravach/Documents/IISc/4th sem/Intelligent ui/datasets/VOC/images/test2007/009182.jpg,2,0,0,2,0,0,0
/Users/shravach/Documents/IISc/4th sem/Intelligent ui/datasets/VOC/images/test2007/009183.jpg,1,0,0,1,0,0,0
/Users/shravach/Documents/IISc/4th sem/Intelligent ui/datasets/VOC/images/test2007/009188.jpg,1,0,0,1,0,0,0
/Users/shravach/Documents/IISc/4th sem/Intelligent ui/datasets/VOC/images/test2007/009190.jpg,1,0,0,1,0,0,0
/Users/shravach/Documents/IISc/4th sem/Intelligent ui/datasets/VOC/images/test2007/009198.jpg,1,0,0,1,0,0,0
/Users/shravach/Documents/IISc/4th sem/Intelligent ui/datasets/VOC/images/test2007/009199.jpg,1,1,0,1,0,0,1
/Users/shravach/Documents/IISc/4th sem/Intelligent ui/datasets/VOC/images/test2007/009201.jpg,2,1,0,2,0,0,1
/Users/shravach/Documents/IISc/4th sem/Intelligent ui/datasets/VOC/images/test2007/009203.jpg,1,0,0,1,0,0,0
/Users/shravach/Documents/IISc/4th sem/Intelligent ui/datasets/VOC/images/test2007/009204.jpg,1,0,0,1,0,0,0
/Users/shravach/Documents/IISc/4th sem/Intelligent ui/datasets/VOC/images/test2007/009206.jpg,1,0,0,1,0,0,0
/Users/shravach/Documents/IISc/4th sem/Intelligent ui/datasets/VOC/images/test2007/009207.jpg,1,0,0,1,0,0,0
/Users/shravach/Documents/IISc/4th sem/Intelligent ui/datasets/VOC/images/test2007/009210.jpg,1,0,0,1,0,0,0
/Users/shravach/Documents/IISc/4th sem/Intelligent ui/datasets/VOC/images/test2007/009211.jpg,1,0,0,1,0,0,0
/Users/shravach/Documents/IISc/4th sem/Intelligent ui/datasets/VOC/images/test2007/009216.jpg,2,0,0,2,0,0,0
/Users/shravach/Documents/IISc/4th sem/Intelligent ui/datasets/VOC/images/test2007/009217.jpg,1,1,0,1,0,0,1
/Users/shravach/Documents/IISc/4th sem/Intelligent ui/datasets/VOC/images/test2007/009219.jpg,4,2,1,5,2,0,1
/Users/shravach/Documents/IISc/4th sem/Intelligent ui/datasets/VOC/images/test2007/009220.jpg,1,0,0,1,0,0,0
/Users/shravach/Documents/IISc/4th sem/Intelligent ui/datasets/VOC/images/test2007/009222.jpg,2,2,0,2,0,0,2
/Users/shravach/Documents/IISc/4th sem/Intelligent ui/datasets/VOC/images/test2007/009223.jpg,2,0,1,3,0,0,1
/Users/shravach/Documents/IISc/4th sem/Intelligent ui/datasets/VOC/images/test2007/009225.jpg,2,2,0,2,2,0,0
/Users/shravach/Documents/IISc/4th sem/Intelligent ui/datasets/VOC/images/test2007/009226.jpg,1,0,0,1,0,0,0
/Users/shravach/Documents/IISc/4th sem/Intelligent ui/datasets/VOC/images/test2007/009228.jpg,1,0,1,2,0,0,1
/Users/shravach/Documents/IISc/4th sem/Intelligent ui/datasets/VOC/images/test2007/009229.jpg,4,0,0,4,1,0,-1
/Users/shravach/Documents/IISc/4th sem/Intelligent ui/datasets/VOC/images/test2007/009231.jpg,5,2,1,5,0,1,2
/Users/shravach/Documents/IISc/4th sem/Intelligent ui/datasets/VOC/images/test2007/009232.jpg,1,0,0,1,0,0,0
/Users/shravach/Documents/IISc/4th sem/Intelligent ui/datasets/VOC/images/test2007/009233.jpg,1,0,0,1,0,0,0
/Users/shravach/Documents/IISc/4th sem/Intelligent ui/datasets/VOC/images/test2007/009234.jpg,1,0,0,1,0,0,0
/Users/shravach/Documents/IISc/4th sem/Intelligent ui/datasets/VOC/images/test2007/009235.jpg,0,1,1,0,1,1,0
/Users/shravach/Documents/IISc/4th sem/Intelligent ui/datasets/VOC/images/test2007/009237.jpg,5,1,2,7,1,0,2
/Users/shravach/Documents/IISc/4th sem/Intelligent ui/datasets/VOC/images/test2007/009240.jpg,2,1,2,3,2,1,0
/Users/shravach/Documents/IISc/4th sem/Intelligent ui/datasets/VOC/images/test2007/009241.jpg,1,0,0,1,1,0,-1
/Users/shravach/Documents/IISc/4th sem/Intelligent ui/datasets/VOC/images/test2007/009243.jpg,1,0,0,1,0,0,0
/Users/shravach/Documents/IISc/4th sem/Intelligent ui/datasets/VOC/images/test2007/009248.jpg,1,0,0,1,1,0,-1
/Users/shravach/Documents/IISc/4th sem/Intelligent ui/datasets/VOC/images/test2007/009253.jpg,2,0,0,2,0,0,0
/Users/shravach/Documents/IISc/4th sem/Intelligent ui/datasets/VOC/images/test2007/009256.jpg,1,0,0,1,0,0,0
/Users/shravach/Documents/IISc/4th sem/Intelligent ui/datasets/VOC/images/test2007/009257.jpg,1,1,0,1,2,0,-1
/Users/shravach/Documents/IISc/4th sem/Intelligent ui/datasets/VOC/images/test2007/009258.jpg,2,0,0,2,0,0,0
/Users/shravach/Documents/IISc/4th sem/Intelligent ui/datasets/VOC/images/test2007/009260.jpg,1,0,0,1,0,0,0
/Users/shravach/Documents/IISc/4th sem/Intelligent ui/datasets/VOC/images/test2007/009261.jpg,0,2,1,1,2,0,1
/Users/shravach/Documents/IISc/4th sem/Intelligent ui/datasets/VOC/images/test2007/009262.jpg,1,0,0,1,0,0,0
/Users/shravach/Documents/IISc/4th sem/Intelligent ui/datasets/VOC/images/test2007/009263.jpg,1,1,1,2,2,0,0
/Users/shravach/Documents/IISc/4th sem/Intelligent ui/datasets/VOC/images/test2007/009264.jpg,1,1,0,1,1,0,0
/Users/shravach/Documents/IISc/4th sem/Intelligent ui/datasets/VOC/images/test2007/009265.jpg,1,0,0,1,0,0,0
/Users/shravach/Documents/IISc/4th sem/Intelligent ui/datasets/VOC/images/test2007/009266.jpg,1,0,0,1,0,0,0
/Users/shravach/Documents/IISc/4th sem/Intelligent ui/datasets/VOC/images/test2007/009267.jpg,2,1,1,3,2,0,0
/Users/shravach/Documents/IISc/4th sem/Intelligent ui/datasets/VOC/images/test2007/009274.jpg,2,0,1,3,0,0,1
/Users/shravach/Documents/IISc/4th sem/Intelligent ui/datasets/VOC/images/test2007/009275.jpg,1,0,0,1,1,0,-1
/Users/shravach/Documents/IISc/4th sem/Intelligent ui/datasets/VOC/images/test2007/009276.jpg,1,0,0,1,0,0,0
/Users/shravach/Documents/IISc/4th sem/Intelligent ui/datasets/VOC/images/test2007/009277.jpg,2,0,0,2,0,0,0
/Users/shravach/Documents/IISc/4th sem/Intelligent ui/datasets/VOC/images/test2007/009280.jpg,1,0,0,1,0,0,0
/Users/shravach/Documents/IISc/4th sem/Intelligent ui/datasets/VOC/images/test2007/009284.jpg,9,3,6,9,5,6,-2
/Users/shravach/Documents/IISc/4th sem/Intelligent ui/datasets/VOC/images/test2007/009292.jpg,2,1,0,2,1,0,0
/Users/shravach/Documents/IISc/4th sem/Intelligent ui/datasets/VOC/images/test2007/009293.jpg,1,0,0,1,0,0,0
/Users/shravach/Documents/IISc/4th sem/Intelligent ui/datasets/VOC/images/test2007/009294.jpg,1,0,1,2,0,0,1
/Users/shravach/Documents/IISc/4th sem/Intelligent ui/datasets/VOC/images/test2007/009297.jpg,7,2,3,7,3,3,-1
/Users/shravach/Documents/IISc/4th sem/Intelligent ui/datasets/VOC/images/test2007/009298.jpg,1,0,0,1,0,0,0
/Users/shravach/Documents/IISc/4th sem/Intelligent ui/datasets/VOC/images/test2007/009300.jpg,1,0,1,2,0,0,1
/Users/shravach/Documents/IISc/4th sem/Intelligent ui/datasets/VOC/images/test2007/009301.jpg,1,0,0,1,0,0,0
/Users/shravach/Documents/IISc/4th sem/Intelligent ui/datasets/VOC/images/test2007/009302.jpg,2,0,0,2,0,0,0
/Users/shravach/Documents/IISc/4th sem/Intelligent ui/datasets/VOC/images/test2007/009304.jpg,2,0,0,2,0,0,0
/Users/shravach/Documents/IISc/4th sem/Intelligent ui/datasets/VOC/images/test2007/009305.jpg,1,0,0,1,0,0,0
/Users/shravach/Documents/IISc/4th sem/Intelligent ui/datasets/VOC/images/test2007/009310.jpg,1,3,2,2,2,1,2
/Users/shravach/Documents/IISc/4th sem/Intelligent ui/datasets/VOC/images/test2007/009311.jpg,3,1,0,3,1,0,0
/Users/shravach/Documents/IISc/4th sem/Intelligent ui/datasets/VOC/images/test2007/009313.jpg,2,1,0,2,1,0,0
/Users/shravach/Documents/IISc/4th sem/Intelligent ui/datasets/VOC/images/test2007/009314.jpg,4,1,1,5,1,0,1
/Users/shravach/Documents/IISc/4th sem/Intelligent ui/datasets/VOC/images/test2007/009317.jpg,2,1,0,2,1,0,0
/Users/shravach/Documents/IISc/4th sem/Intelligent ui/datasets/VOC/images/test2007/009319.jpg,1,0,0,1,0,0,0
/Users/shravach/Documents/IISc/4th sem/Intelligent ui/datasets/VOC/images/test2007/009320.jpg,4,1,1,3,3,2,-3
/Users/shravach/Documents/IISc/4th sem/Intelligent ui/datasets/VOC/images/test2007/009321.jpg,1,0,0,1,0,0,0
/Users/shravach/Documents/IISc/4th sem/Intelligent ui/datasets/VOC/images/test2007/009322.jpg,9,2,0,9,2,0,0
/Users/shravach/Documents/IISc/4th sem/Intelligent ui/datasets/VOC/images/test2007/009328.jpg,3,1,1,3,2,1,-1
/Users/shravach/Documents/IISc/4th sem/Intelligent ui/datasets/VOC/images/test2007/009329.jpg,1,0,0,1,0,0,0
/Users/shravach/Documents/IISc/4th sem/Intelligent ui/datasets/VOC/images/test2007/009332.jpg,2,2,0,2,0,0,2
/Users/shravach/Documents/IISc/4th sem/Intelligent ui/datasets/VOC/images/test2007/009335.jpg,1,0,0,1,0,0,0
/Users/shravach/Documents/IISc/4th sem/Intelligent ui/datasets/VOC/images/test2007/009338.jpg,1,0,0,1,0,0,0
/Users/shravach/Documents/IISc/4th sem/Intelligent ui/datasets/VOC/images/test2007/009340.jpg,1,0,0,1,0,0,0
/Users/shravach/Documents/IISc/4th sem/Intelligent ui/datasets/VOC/images/test2007/009341.jpg,1,0,0,1,0,0,0
/Users/shravach/Documents/IISc/4th sem/Intelligent ui/datasets/VOC/images/test2007/009344.jpg,1,0,2,2,0,1,1
/Users/shravach/Documents/IISc/4th sem/Intelligent ui/datasets/VOC/images/test2007/009345.jpg,4,2,0,3,2,1,-1
/Users/shravach/Documents/IISc/4th sem/Intelligent ui/datasets/VOC/images/test2007/009346.jpg,2,0,0,2,0,0,0
/Users/shravach/Documents/IISc/4th sem/Intelligent ui/datasets/VOC/images/test2007/009352.jpg,1,1,1,1,0,1,1
/Users/shravach/Documents/IISc/4th sem/Intelligent ui/datasets/VOC/images/test2007/009353.jpg,1,2,0,1,4,0,-2
/Users/shravach/Documents/IISc/4th sem/Intelligent ui/datasets/VOC/images/test2007/009355.jpg,1,0,0,1,0,0,0
/Users/shravach/Documents/IISc/4th sem/Intelligent ui/datasets/VOC/images/test2007/009356.jpg,9,4,0,8,4,1,-1
/Users/shravach/Documents/IISc/4th sem/Intelligent ui/datasets/VOC/images/test2007/009357.jpg,2,0,0,2,0,0,0
/Users/shravach/Documents/IISc/4th sem/Intelligent ui/datasets/VOC/images/test2007/009360.jpg,1,0,0,1,0,0,0
/Users/shravach/Documents/IISc/4th sem/Intelligent ui/datasets/VOC/images/test2007/009361.jpg,3,0,1,4,0,0,1
/Users/shravach/Documents/IISc/4th sem/Intelligent ui/datasets/VOC/images/test2007/009363.jpg,2,0,0,2,0,0,0
/Users/shravach/Documents/IISc/4th sem/Intelligent ui/datasets/VOC/images/test2007/009364.jpg,2,0,2,2,0,2,0
/Users/shravach/Documents/IISc/4th sem/Intelligent ui/datasets/VOC/images/test2007/009366.jpg,1,1,0,1,1,0,0
/Users/shravach/Documents/IISc/4th sem/Intelligent ui/datasets/VOC/images/test2007/009367.jpg,3,2,0,3,1,0,1
/Users/shravach/Documents/IISc/4th sem/Intelligent ui/datasets/VOC/images/test2007/009369.jpg,2,0,0,2,0,0,0
/Users/shravach/Documents/IISc/4th sem/Intelligent ui/datasets/VOC/images/test2007/009370.jpg,2,0,0,2,0,0,0
/Users/shravach/Documents/IISc/4th sem/Intelligent ui/datasets/VOC/images/test2007/009372.jpg,1,1,0,1,0,0,1
/Users/shravach/Documents/IISc/4th sem/Intelligent ui/datasets/VOC/images/test2007/009376.jpg,11,5,3,11,11,3,-6
/Users/shravach/Documents/IISc/4th sem/Intelligent ui/datasets/VOC/images/test2007/009379.jpg,2,1,1,3,4,0,-2
/Users/shravach/Documents/IISc/4th sem/Intelligent ui/datasets/VOC/images/test2007/009380.jpg,2,0,0,2,0,0,0
/Users/shravach/Documents/IISc/4th sem/Intelligent ui/datasets/VOC/images/test2007/009381.jpg,2,0,0,2,0,0,0
/Users/shravach/Documents/IISc/4th sem/Intelligent ui/datasets/VOC/images/test2007/009383.jpg,1,0,0,1,0,0,0
/Users/shravach/Documents/IISc/4th sem/Intelligent ui/datasets/VOC/images/test2007/009384.jpg,4,3,1,5,3,0,1
/Users/shravach/Documents/IISc/4th sem/Intelligent ui/datasets/VOC/images/test2007/009385.jpg,1,1,0,1,1,0,0
/Users/shravach/Documents/IISc/4th sem/Intelligent ui/datasets/VOC/images/test2007/009387.jpg,0,1,2,1,1,1,1
/Users/shravach/Documents/IISc/4th sem/Intelligent ui/datasets/VOC/images/test2007/009390.jpg,1,0,0,1,0,0,0
/Users/shravach/Documents/IISc/4th sem/Intelligent ui/datasets/VOC/images/test2007/009391.jpg,1,4,0,1,2,0,2
/Users/shravach/Documents/IISc/4th sem/Intelligent ui/datasets/VOC/images/test2007/009395.jpg,1,0,0,1,0,0,0
/Users/shravach/Documents/IISc/4th sem/Intelligent ui/datasets/VOC/images/test2007/009396.jpg,2,3,0,2,1,0,2
/Users/shravach/Documents/IISc/4th sem/Intelligent ui/datasets/VOC/images/test2007/009397.jpg,2,2,0,2,1,0,1
/Users/shravach/Documents/IISc/4th sem/Intelligent ui/datasets/VOC/images/test2007/009399.jpg,1,0,0,1,0,0,0
/Users/shravach/Documents/IISc/4th sem/Intelligent ui/datasets/VOC/images/test2007/009400.jpg,1,0,0,1,0,0,0
/Users/shravach/Documents/IISc/4th sem/Intelligent ui/datasets/VOC/images/test2007/009402.jpg,1,1,0,1,1,0,0
/Users/shravach/Documents/IISc/4th sem/Intelligent ui/datasets/VOC/images/test2007/009403.jpg,1,0,0,1,0,0,0
/Users/shravach/Documents/IISc/4th sem/Intelligent ui/datasets/VOC/images/test2007/009404.jpg,2,0,0,2,0,0,0
/Users/shravach/Documents/IISc/4th sem/Intelligent ui/datasets/VOC/images/test2007/009415.jpg,3,0,1,4,2,0,-1
/Users/shravach/Documents/IISc/4th sem/Intelligent ui/datasets/VOC/images/test2007/009416.jpg,1,1,1,2,1,0,1
/Users/shravach/Documents/IISc/4th sem/Intelligent ui/datasets/VOC/images/test2007/009423.jpg,2,3,1,2,2,1,1
/Users/shravach/Documents/IISc/4th sem/Intelligent ui/datasets/VOC/images/test2007/009425.jpg,1,2,0,1,1,0,1
/Users/shravach/Documents/IISc/4th sem/Intelligent ui/datasets/VOC/images/test2007/009426.jpg,1,0,0,1,0,0,0
/Users/shravach/Documents/IISc/4th sem/Intelligent ui/datasets/VOC/images/test2007/009427.jpg,1,0,0,1,0,0,0
/Users/shravach/Documents/IISc/4th sem/Intelligent ui/datasets/VOC/images/test2007/009428.jpg,1,0,0,1,0,0,0
/Users/shravach/Documents/IISc/4th sem/Intelligent ui/datasets/VOC/images/test2007/009430.jpg,12,0,3,13,6,2,-5
/Users/shravach/Documents/IISc/4th sem/Intelligent ui/datasets/VOC/images/test2007/009431.jpg,2,0,0,2,0,0,0
/Users/shravach/Documents/IISc/4th sem/Intelligent ui/datasets/VOC/images/test2007/009435.jpg,2,0,0,2,0,0,0
/Users/shravach/Documents/IISc/4th sem/Intelligent ui/datasets/VOC/images/test2007/009436.jpg,1,2,1,2,1,0,2
/Users/shravach/Documents/IISc/4th sem/Intelligent ui/datasets/VOC/images/test2007/009441.jpg,1,1,1,1,0,1,1
/Users/shravach/Documents/IISc/4th sem/Intelligent ui/datasets/VOC/images/test2007/009442.jpg,1,0,0,1,0,0,0
/Users/shravach/Documents/IISc/4th sem/Intelligent ui/datasets/VOC/images/test2007/009444.jpg,1,1,1,1,8,1,-7
/Users/shravach/Documents/IISc/4th sem/Intelligent ui/datasets/VOC/images/test2007/009447.jpg,1,0,0,1,0,0,0
/Users/shravach/Documents/IISc/4th sem/Intelligent ui/datasets/VOC/images/test2007/009449.jpg,1,0,0,1,0,0,0
/Users/shravach/Documents/IISc/4th sem/Intelligent ui/datasets/VOC/images/test2007/009450.jpg,5,1,0,5,3,0,-2
/Users/shravach/Documents/IISc/4th sem/Intelligent ui/datasets/VOC/images/test2007/009451.jpg,4,11,0,4,6,0,5
/Users/shravach/Documents/IISc/4th sem/Intelligent ui/datasets/VOC/images/test2007/009452.jpg,4,6,0,4,3,0,3
/Users/shravach/Documents/IISc/4th sem/Intelligent ui/datasets/VOC/images/test2007/009453.jpg,1,0,0,1,0,0,0
/Users/shravach/Documents/IISc/4th sem/Intelligent ui/datasets/VOC/images/test2007/009462.jpg,1,0,0,1,1,0,-1
/Users/shravach/Documents/IISc/4th sem/Intelligent ui/datasets/VOC/images/test2007/009467.jpg,3,1,0,3,1,0,0
/Users/shravach/Documents/IISc/4th sem/Intelligent ui/datasets/VOC/images/test2007/009471.jpg,1,0,0,1,1,0,-1
/Users/shravach/Documents/IISc/4th sem/Intelligent ui/datasets/VOC/images/test2007/009473.jpg,3,0,0,3,0,0,0
/Users/shravach/Documents/IISc/4th sem/Intelligent ui/datasets/VOC/images/test2007/009474.jpg,1,0,0,1,1,0,-1
/Users/shravach/Documents/IISc/4th sem/Intelligent ui/datasets/VOC/images/test2007/009475.jpg,2,0,0,2,3,0,-3
/Users/shravach/Documents/IISc/4th sem/Intelligent ui/datasets/VOC/images/test2007/009478.jpg,1,0,1,1,1,1,-1
/Users/shravach/Documents/IISc/4th sem/Intelligent ui/datasets/VOC/images/test2007/009482.jpg,7,9,6,7,8,6,1
/Users/shravach/Documents/IISc/4th sem/Intelligent ui/datasets/VOC/images/test2007/009483.jpg,1,2,0,1,0,0,2
/Users/shravach/Documents/IISc/4th sem/Intelligent ui/datasets/VOC/images/test2007/009485.jpg,1,1,0,1,3,0,-2
/Users/shravach/Documents/IISc/4th sem/Intelligent ui/datasets/VOC/images/test2007/009486.jpg,1,5,1,1,5,1,0
/Users/shravach/Documents/IISc/4th sem/Intelligent ui/datasets/VOC/images/test2007/009487.jpg,1,1,2,3,1,0,2
/Users/shravach/Documents/IISc/4th sem/Intelligent ui/datasets/VOC/images/test2007/009489.jpg,1,0,0,1,0,0,0
/Users/shravach/Documents/IISc/4th sem/Intelligent ui/datasets/VOC/images/test2007/009492.jpg,1,0,0,1,0,0,0
/Users/shravach/Documents/IISc/4th sem/Intelligent ui/datasets/VOC/images/test2007/009493.jpg,1,0,1,2,0,0,1
/Users/shravach/Documents/IISc/4th sem/Intelligent ui/datasets/VOC/images/test2007/009495.jpg,3,2,0,3,1,0,1
/Users/shravach/Documents/IISc/4th sem/Intelligent ui/datasets/VOC/images/test2007/009498.jpg,1,0,0,1,0,0,0
/Users/shravach/Documents/IISc/4th sem/Intelligent ui/datasets/VOC/images/test2007/009501.jpg,1,0,0,1,0,0,0
/Users/shravach/Documents/IISc/4th sem/Intelligent ui/datasets/VOC/images/test2007/009503.jpg,1,0,0,1,0,0,0
/Users/shravach/Documents/IISc/4th sem/Intelligent ui/datasets/VOC/images/test2007/009505.jpg,2,0,0,2,0,0,0
/Users/shravach/Documents/IISc/4th sem/Intelligent ui/datasets/VOC/images/test2007/009506.jpg,1,0,0,1,1,0,-1
/Users/shravach/Documents/IISc/4th sem/Intelligent ui/datasets/VOC/images/test2007/009509.jpg,1,2,0,1,0,0,2
/Users/shravach/Documents/IISc/4th sem/Intelligent ui/datasets/VOC/images/test2007/009510.jpg,1,0,0,1,0,0,0
/Users/shravach/Documents/IISc/4th sem/Intelligent ui/datasets/VOC/images/test2007/009511.jpg,1,0,2,2,1,1,0
/Users/shravach/Documents/IISc/4th sem/Intelligent ui/datasets/VOC/images/test2007/009513.jpg,1,0,0,1,0,0,0
/Users/shravach/Documents/IISc/4th sem/Intelligent ui/datasets/VOC/images/test2007/009514.jpg,13,7,0,13,5,0,2
/Users/shravach/Documents/IISc/4th sem/Intelligent ui/datasets/VOC/images/test2007/009521.jpg,1,2,0,1,4,0,-2
/Users/shravach/Documents/IISc/4th sem/Intelligent ui/datasets/VOC/images/test2007/009522.jpg,0,1,1,1,0,0,2
/Users/shravach/Documents/IISc/4th sem/Intelligent ui/datasets/VOC/images/test2007/009525.jpg,2,0,0,2,0,0,0
/Users/shravach/Documents/IISc/4th sem/Intelligent ui/datasets/VOC/images/test2007/009529.jpg,5,5,1,5,3,1,2
/Users/shravach/Documents/IISc/4th sem/Intelligent ui/datasets/VOC/images/test2007/009530.jpg,4,0,0,3,1,1,-2
/Users/shravach/Documents/IISc/4th sem/Intelligent ui/datasets/VOC/images/test2007/009534.jpg,4,2,0,4,1,0,1
/Users/shravach/Documents/IISc/4th sem/Intelligent ui/datasets/VOC/images/test2007/009535.jpg,2,0,0,2,0,0,0
/Users/shravach/Documents/IISc/4th sem/Intelligent ui/datasets/VOC/images/test2007/009536.jpg,2,1,0,2,0,0,1
/Users/shravach/Documents/IISc/4th sem/Intelligent ui/datasets/VOC/images/test2007/009538.jpg,0,2,1,1,3,0,0
/Users/shravach/Documents/IISc/4th sem/Intelligent ui/datasets/VOC/images/test2007/009539.jpg,7,1,1,8,1,0,1
/Users/shravach/Documents/IISc/4th sem/Intelligent ui/datasets/VOC/images/test2007/009544.jpg,1,2,0,1,2,0,0
/Users/shravach/Documents/IISc/4th sem/Intelligent ui/datasets/VOC/images/test2007/009547.jpg,4,1,0,4,1,0,0
/Users/shravach/Documents/IISc/4th sem/Intelligent ui/datasets/VOC/images/test2007/009548.jpg,2,3,0,2,2,0,1
/Users/shravach/Documents/IISc/4th sem/Intelligent ui/datasets/VOC/images/test2007/009552.jpg,0,0,1,1,0,0,1
/Users/shravach/Documents/IISc/4th sem/Intelligent ui/datasets/VOC/images/test2007/009553.jpg,8,4,1,9,14,0,-9
/Users/shravach/Documents/IISc/4th sem/Intelligent ui/datasets/VOC/images/test2007/009554.jpg,1,0,1,1,0,1,0
/Users/shravach/Documents/IISc/4th sem/Intelligent ui/datasets/VOC/images/test2007/009555.jpg,1,1,0,1,1,0,0
/Users/shravach/Documents/IISc/4th sem/Intelligent ui/datasets/VOC/images/test2007/009556.jpg,2,2,1,3,0,0,3
/Users/shravach/Documents/IISc/4th sem/Intelligent ui/datasets/VOC/images/test2007/009559.jpg,4,1,0,4,0,0,1
/Users/shravach/Documents/IISc/4th sem/Intelligent ui/datasets/VOC/images/test2007/009561.jpg,2,1,1,3,1,0,1
/Users/shravach/Documents/IISc/4th sem/Intelligent ui/datasets/VOC/images/test2007/009563.jpg,3,0,1,3,0,1,0
/Users/shravach/Documents/IISc/4th sem/Intelligent ui/datasets/VOC/images/test2007/009564.jpg,5,0,0,5,1,0,-1
/Users/shravach/Documents/IISc/4th sem/Intelligent ui/datasets/VOC/images/test2007/009569.jpg,1,1,1,1,0,1,1
/Users/shravach/Documents/IISc/4th sem/Intelligent ui/datasets/VOC/images/test2007/009570.jpg,3,3,0,0,3,3,-3
/Users/shravach/Documents/IISc/4th sem/Intelligent ui/datasets/VOC/images/test2007/009572.jpg,1,1,0,1,1,0,0
/Users/shravach/Documents/IISc/4th sem/Intelligent ui/datasets/VOC/images/test2007/009574.jpg,4,1,0,4,1,0,0
/Users/shravach/Documents/IISc/4th sem/Intelligent ui/datasets/VOC/images/test2007/009575.jpg,1,0,0,1,0,0,0
/Users/shravach/Documents/IISc/4th sem/Intelligent ui/datasets/VOC/images/test2007/009578.jpg,0,0,1,1,0,0,1
/Users/shravach/Documents/IISc/4th sem/Intelligent ui/datasets/VOC/images/test2007/009581.jpg,3,0,0,3,2,0,-2
/Users/shravach/Documents/IISc/4th sem/Intelligent ui/datasets/VOC/images/test2007/009582.jpg,1,4,0,1,1,0,3
/Users/shravach/Documents/IISc/4th sem/Intelligent ui/datasets/VOC/images/test2007/009583.jpg,3,0,0,3,1,0,-1
/Users/shravach/Documents/IISc/4th sem/Intelligent ui/datasets/VOC/images/test2007/009589.jpg,1,0,0,1,0,0,0
/Users/shravach/Documents/IISc/4th sem/Intelligent ui/datasets/VOC/images/test2007/009590.jpg,4,2,0,4,2,0,0
/Users/shravach/Documents/IISc/4th sem/Intelligent ui/datasets/VOC/images/test2007/009592.jpg,1,2,0,1,0,0,2
/Users/shravach/Documents/IISc/4th sem/Intelligent ui/datasets/VOC/images/test2007/009593.jpg,2,0,0,2,0,0,0
/Users/shravach/Documents/IISc/4th sem/Intelligent ui/datasets/VOC/images/test2007/009594.jpg,1,0,0,1,0,0,0
/Users/shravach/Documents/IISc/4th sem/Intelligent ui/datasets/VOC/images/test2007/009595.jpg,0,2,1,0,2,1,0
/Users/shravach/Documents/IISc/4th sem/Intelligent ui/datasets/VOC/images/test2007/009599.jpg,2,1,0,2,1,0,0
/Users/shravach/Documents/IISc/4th sem/Intelligent ui/datasets/VOC/images/test2007/009601.jpg,14,5,2,13,6,3,-2
/Users/shravach/Documents/IISc/4th sem/Intelligent ui/datasets/VOC/images/test2007/009602.jpg,5,1,3,8,0,0,4
/Users/shravach/Documents/IISc/4th sem/Intelligent ui/datasets/VOC/images/test2007/009604.jpg,1,0,0,1,0,0,0
/Users/shravach/Documents/IISc/4th sem/Intelligent ui/datasets/VOC/images/test2007/009606.jpg,4,1,1,4,1,1,0
/Users/shravach/Documents/IISc/4th sem/Intelligent ui/datasets/VOC/images/test2007/009607.jpg,2,0,0,2,0,0,0
/Users/shravach/Documents/IISc/4th sem/Intelligent ui/datasets/VOC/images/test2007/009608.jpg,1,0,0,1,0,0,0
/Users/shravach/Documents/IISc/4th sem/Intelligent ui/datasets/VOC/images/test2007/009610.jpg,1,0,0,1,0,0,0
/Users/shravach/Documents/IISc/4th sem/Intelligent ui/datasets/VOC/images/test2007/009612.jpg,1,0,0,1,0,0,0
/Users/shravach/Documents/IISc/4th sem/Intelligent ui/datasets/VOC/images/test2007/009616.jpg,1,1,0,1,0,0,1
/Users/shravach/Documents/IISc/4th sem/Intelligent ui/datasets/VOC/images/test2007/009622.jpg,2,0,0,2,1,0,-1
/Users/shravach/Documents/IISc/4th sem/Intelligent ui/datasets/VOC/images/test2007/009624.jpg,1,0,0,1,0,0,0
/Users/shravach/Documents/IISc/4th sem/Intelligent ui/datasets/VOC/images/test2007/009625.jpg,1,0,0,1,0,0,0
/Users/shravach/Documents/IISc/4th sem/Intelligent ui/datasets/VOC/images/test2007/009626.jpg,3,1,0,3,0,0,1
/Users/shravach/Documents/IISc/4th sem/Intelligent ui/datasets/VOC/images/test2007/009628.jpg,2,1,0,2,1,0,0
/Users/shravach/Documents/IISc/4th sem/Intelligent ui/datasets/VOC/images/test2007/009630.jpg,5,1,1,5,0,1,1
/Users/shravach/Documents/IISc/4th sem/Intelligent ui/datasets/VOC/images/test2007/009631.jpg,3,2,0,3,2,0,0
/Users/shravach/Documents/IISc/4th sem/Intelligent ui/datasets/VOC/images/test2007/009632.jpg,0,1,1,0,1,1,0
/Users/shravach/Documents/IISc/4th sem/Intelligent ui/datasets/VOC/images/test2007/009633.jpg,6,3,0,6,4,0,-1
/Users/shravach/Documents/IISc/4th sem/Intelligent ui/datasets/VOC/images/test2007/009635.jpg,1,1,0,1,0,0,1
/Users/shravach/Documents/IISc/4th sem/Intelligent ui/datasets/VOC/images/test2007/009639.jpg,1,0,0,1,0,0,0
/Users/shravach/Documents/IISc/4th sem/Intelligent ui/datasets/VOC/images/test2007/009640.jpg,1,0,0,1,0,0,0
/Users/shravach/Documents/IISc/4th sem/Intelligent ui/datasets/VOC/images/test2007/009642.jpg,0,0,1,0,1,1,-1
/Users/shravach/Documents/IISc/4th sem/Intelligent ui/datasets/VOC/images/test2007/009643.jpg,2,0,0,2,2,0,-2
/Users/shravach/Documents/IISc/4th sem/Intelligent ui/datasets/VOC/images/test2007/009645.jpg,2,2,1,3,4,0,-1
/Users/shravach/Documents/IISc/4th sem/Intelligent ui/datasets/VOC/images/test2007/009646.jpg,2,0,0,2,1,0,-1
/Users/shravach/Documents/IISc/4th sem/Intelligent ui/datasets/VOC/images/test2007/009648.jpg,0,0,1,1,0,0,1
/Users/shravach/Documents/IISc/4th sem/Intelligent ui/datasets/VOC/images/test2007/009651.jpg,1,1,0,1,1,0,0
/Users/shravach/Documents/IISc/4th sem/Intelligent ui/datasets/VOC/images/test2007/009652.jpg,1,0,0,1,0,0,0
/Users/shravach/Documents/IISc/4th sem/Intelligent ui/datasets/VOC/images/test2007/009653.jpg,3,3,0,3,1,0,2
/Users/shravach/Documents/IISc/4th sem/Intelligent ui/datasets/VOC/images/test2007/009657.jpg,2,0,0,2,0,0,0
/Users/shravach/Documents/IISc/4th sem/Intelligent ui/datasets/VOC/images/test2007/009660.jpg,1,3,2,2,1,1,3
/Users/shravach/Documents/IISc/4th sem/Intelligent ui/datasets/VOC/images/test2007/009661.jpg,3,2,0,3,1,0,1
/Users/shravach/Documents/IISc/4th sem/Intelligent ui/datasets/VOC/images/test2007/009662.jpg,1,5,0,1,5,0,0
/Users/shravach/Documents/IISc/4th sem/Intelligent ui/datasets/VOC/images/test2007/009663.jpg,3,4,0,3,2,0,2
/Users/shravach/Documents/IISc/4th sem/Intelligent ui/datasets/VOC/images/test2007/009665.jpg,2,0,3,3,0,2,1
/Users/shravach/Documents/IISc/4th sem/Intelligent ui/datasets/VOC/images/test2007/009669.jpg,1,0,0,1,0,0,0
/Users/shravach/Documents/IISc/4th sem/Intelligent ui/datasets/VOC/images/test2007/009672.jpg,2,1,0,2,0,0,1
/Users/shravach/Documents/IISc/4th sem/Intelligent ui/datasets/VOC/images/test2007/009673.jpg,2,0,0,2,0,0,0
/Users/shravach/Documents/IISc/4th sem/Intelligent ui/datasets/VOC/images/test2007/009674.jpg,3,0,1,3,0,1,0
/Users/shravach/Documents/IISc/4th sem/Intelligent ui/datasets/VOC/images/test2007/009675.jpg,1,0,0,1,0,0,0
/Users/shravach/Documents/IISc/4th sem/Intelligent ui/datasets/VOC/images/test2007/009677.jpg,2,1,0,2,1,0,0
/Users/shravach/Documents/IISc/4th sem/Intelligent ui/datasets/VOC/images/test2007/009680.jpg,2,0,1,2,1,1,-1
/Users/shravach/Documents/IISc/4th sem/Intelligent ui/datasets/VOC/images/test2007/009682.jpg,2,0,0,2,0,0,0
/Users/shravach/Documents/IISc/4th sem/Intelligent ui/datasets/VOC/images/test2007/009683.jpg,1,2,0,1,2,0,0
/Users/shravach/Documents/IISc/4th sem/Intelligent ui/datasets/VOC/images/test2007/009688.jpg,2,0,0,2,0,0,0
/Users/shravach/Documents/IISc/4th sem/Intelligent ui/datasets/VOC/images/test2007/009689.jpg,2,0,0,2,1,0,-1
/Users/shravach/Documents/IISc/4th sem/Intelligent ui/datasets/VOC/images/test2007/009690.jpg,4,0,0,4,0,0,0
/Users/shravach/Documents/IISc/4th sem/Intelligent ui/datasets/VOC/images/test2007/009694.jpg,3,1,0,3,0,0,1
/Users/shravach/Documents/IISc/4th sem/Intelligent ui/datasets/VOC/images/test2007/009696.jpg,1,1,1,2,1,0,1
/Users/shravach/Documents/IISc/4th sem/Intelligent ui/datasets/VOC/images/test2007/009697.jpg,1,1,0,1,3,0,-2
/Users/shravach/Documents/IISc/4th sem/Intelligent ui/datasets/VOC/images/test2007/009701.jpg,1,0,0,1,0,0,0
/Users/shravach/Documents/IISc/4th sem/Intelligent ui/datasets/VOC/images/test2007/009704.jpg,11,2,1,10,2,2,-1
/Users/shravach/Documents/IISc/4th sem/Intelligent ui/datasets/VOC/images/test2007/009705.jpg,5,2,0,4,3,1,-2
/Users/shravach/Documents/IISc/4th sem/Intelligent ui/datasets/VOC/images/test2007/009708.jpg,4,0,0,4,1,0,-1
/Users/shravach/Documents/IISc/4th sem/Intelligent ui/datasets/VOC/images/test2007/009714.jpg,0,0,1,0,0,1,0
/Users/shravach/Documents/IISc/4th sem/Intelligent ui/datasets/VOC/images/test2007/009715.jpg,3,5,0,3,2,0,3
/Users/shravach/Documents/IISc/4th sem/Intelligent ui/datasets/VOC/images/test2007/009716.jpg,1,0,0,1,0,0,0
/Users/shravach/Documents/IISc/4th sem/Intelligent ui/datasets/VOC/images/test2007/009720.jpg,1,0,0,1,0,0,0
/Users/shravach/Documents/IISc/4th sem/Intelligent ui/datasets/VOC/images/test2007/009722.jpg,1,2,1,1,0,1,2
/Users/shravach/Documents/IISc/4th sem/Intelligent ui/datasets/VOC/images/test2007/009723.jpg,4,1,0,4,2,0,-1
/Users/shravach/Documents/IISc/4th sem/Intelligent ui/datasets/VOC/images/test2007/009725.jpg,1,0,0,1,0,0,0
/Users/shravach/Documents/IISc/4th sem/Intelligent ui/datasets/VOC/images/test2007/009727.jpg,0,2,1,0,3,1,-1
/Users/shravach/Documents/IISc/4th sem/Intelligent ui/datasets/VOC/images/test2007/009728.jpg,2,1,0,2,1,0,0
/Users/shravach/Documents/IISc/4th sem/Intelligent ui/datasets/VOC/images/test2007/009730.jpg,1,3,1,2,1,0,3
/Users/shravach/Documents/IISc/4th sem/Intelligent ui/datasets/VOC/images/test2007/009731.jpg,1,0,0,1,0,0,0
/Users/shravach/Documents/IISc/4th sem/Intelligent ui/datasets/VOC/images/test2007/009736.jpg,1,0,0,1,0,0,0
/Users/shravach/Documents/IISc/4th sem/Intelligent ui/datasets/VOC/images/test2007/009739.jpg,1,1,1,1,1,1,0
/Users/shravach/Documents/IISc/4th sem/Intelligent ui/datasets/VOC/images/test2007/009740.jpg,1,0,0,1,0,0,0
/Users/shravach/Documents/IISc/4th sem/Intelligent ui/datasets/VOC/images/test2007/009741.jpg,6,1,0,6,3,0,-2
/Users/shravach/Documents/IISc/4th sem/Intelligent ui/datasets/VOC/images/test2007/009742.jpg,1,2,0,1,0,0,2
/Users/shravach/Documents/IISc/4th sem/Intelligent ui/datasets/VOC/images/test2007/009744.jpg,2,4,0,2,2,0,2
/Users/shravach/Documents/IISc/4th sem/Intelligent ui/datasets/VOC/images/test2007/009750.jpg,4,3,1,4,3,1,0
/Users/shravach/Documents/IISc/4th sem/Intelligent ui/datasets/VOC/images/test2007/009751.jpg,1,0,0,1,0,0,0
/Users/shravach/Documents/IISc/4th sem/Intelligent ui/datasets/VOC/images/test2007/009752.jpg,0,1,1,1,0,0,2
/Users/shravach/Documents/IISc/4th sem/Intelligent ui/datasets/VOC/images/test2007/009753.jpg,1,2,0,1,0,0,2
/Users/shravach/Documents/IISc/4th sem/Intelligent ui/datasets/VOC/images/test2007/009757.jpg,1,0,0,1,0,0,0
/Users/shravach/Documents/IISc/4th sem/Intelligent ui/datasets/VOC/images/test2007/009759.jpg,1,0,0,1,0,0,0
/Users/shravach/Documents/IISc/4th sem/Intelligent ui/datasets/VOC/images/test2007/009760.jpg,1,0,0,1,0,0,0
/Users/shravach/Documents/IISc/4th sem/Intelligent ui/datasets/VOC/images/test2007/009765.jpg,1,0,0,1,0,0,0
/Users/shravach/Documents/IISc/4th sem/Intelligent ui/datasets/VOC/images/test2007/009766.jpg,2,1,0,2,3,0,-2
/Users/shravach/Documents/IISc/4th sem/Intelligent ui/datasets/VOC/images/test2007/009768.jpg,4,3,0,4,7,0,-4
/Users/shravach/Documents/IISc/4th sem/Intelligent ui/datasets/VOC/images/test2007/009769.jpg,1,0,0,1,0,0,0
/Users/shravach/Documents/IISc/4th sem/Intelligent ui/datasets/VOC/images/test2007/009770.jpg,1,1,0,1,1,0,0
/Users/shravach/Documents/IISc/4th sem/Intelligent ui/datasets/VOC/images/test2007/009771.jpg,2,1,0,2,0,0,1
/Users/shravach/Documents/IISc/4th sem/Intelligent ui/datasets/VOC/images/test2007/009775.jpg,1,0,0,1,0,0,0
/Users/shravach/Documents/IISc/4th sem/Intelligent ui/datasets/VOC/images/test2007/009777.jpg,4,3,0,4,1,0,2
/Users/shravach/Documents/IISc/4th sem/Intelligent ui/datasets/VOC/images/test2007/009779.jpg,5,0,0,5,0,0,0
/Users/shravach/Documents/IISc/4th sem/Intelligent ui/datasets/VOC/images/test2007/009782.jpg,11,3,0,11,4,0,-1
/Users/shravach/Documents/IISc/4th sem/Intelligent ui/datasets/VOC/images/test2007/009783.jpg,1,0,0,1,0,0,0
/Users/shravach/Documents/IISc/4th sem/Intelligent ui/datasets/VOC/images/test2007/009784.jpg,1,0,0,1,0,0,0
/Users/shravach/Documents/IISc/4th sem/Intelligent ui/datasets/VOC/images/test2007/009786.jpg,2,0,0,2,0,0,0
/Users/shravach/Documents/IISc/4th sem/Intelligent ui/datasets/VOC/images/test2007/009787.jpg,1,1,4,2,1,3,1
/Users/shravach/Documents/IISc/4th sem/Intelligent ui/datasets/VOC/images/test2007/009788.jpg,1,3,0,1,1,0,2
/Users/shravach/Documents/IISc/4th sem/Intelligent ui/datasets/VOC/images/test2007/009791.jpg,1,0,0,1,0,0,0
/Users/shravach/Documents/IISc/4th sem/Intelligent ui/datasets/VOC/images/test2007/009793.jpg,1,0,0,1,0,0,0
/Users/shravach/Documents/IISc/4th sem/Intelligent ui/datasets/VOC/images/test2007/009795.jpg,1,0,0,1,0,0,0
/Users/shravach/Documents/IISc/4th sem/Intelligent ui/datasets/VOC/images/test2007/009798.jpg,8,4,0,8,7,0,-3
/Users/shravach/Documents/IISc/4th sem/Intelligent ui/datasets/VOC/images/test2007/009799.jpg,1,0,1,2,0,0,1
/Users/shravach/Documents/IISc/4th sem/Intelligent ui/datasets/VOC/images/test2007/009802.jpg,2,2,2,4,1,0,3
/Users/shravach/Documents/IISc/4th sem/Intelligent ui/datasets/VOC/images/test2007/009803.jpg,2,0,0,2,0,0,0
/Users/shravach/Documents/IISc/4th sem/Intelligent ui/datasets/VOC/images/test2007/009804.jpg,2,1,7,3,3,6,-1
/Users/shravach/Documents/IISc/4th sem/Intelligent ui/datasets/VOC/images/test2007/009806.jpg,3,2,1,3,1,1,1
/Users/shravach/Documents/IISc/4th sem/Intelligent ui/datasets/VOC/images/test2007/009811.jpg,3,0,0,3,0,0,0
/Users/shravach/Documents/IISc/4th sem/Intelligent ui/datasets/VOC/images/test2007/009812.jpg,2,0,0,2,0,0,0
/Users/shravach/Documents/IISc/4th sem/Intelligent ui/datasets/VOC/images/test2007/009814.jpg,1,1,0,1,1,0,0
/Users/shravach/Documents/IISc/4th sem/Intelligent ui/datasets/VOC/images/test2007/009815.jpg,4,4,0,4,4,0,0
/Users/shravach/Documents/IISc/4th sem/Intelligent ui/datasets/VOC/images/test2007/009817.jpg,1,1,0,1,0,0,1
/Users/shravach/Documents/IISc/4th sem/Intelligent ui/datasets/VOC/images/test2007/009818.jpg,3,2,1,2,1,2,0
/Users/shravach/Documents/IISc/4th sem/Intelligent ui/datasets/VOC/images/test2007/009820.jpg,1,0,0,1,0,0,0
/Users/shravach/Documents/IISc/4th sem/Intelligent ui/datasets/VOC/images/test2007/009821.jpg,1,0,0,1,0,0,0
/Users/shravach/Documents/IISc/4th sem/Intelligent ui/datasets/VOC/images/test2007/009824.jpg,1,1,0,1,0,0,1
/Users/shravach/Documents/IISc/4th sem/Intelligent ui/datasets/VOC/images/test2007/009826.jpg,1,0,0,0,1,1,-2
/Users/shravach/Documents/IISc/4th sem/Intelligent ui/datasets/VOC/images/test2007/009827.jpg,3,0,0,3,1,0,-1
/Users/shravach/Documents/IISc/4th sem/Intelligent ui/datasets/VOC/images/test2007/009829.jpg,3,5,2,3,4,2,1
/Users/shravach/Documents/IISc/4th sem/Intelligent ui/datasets/VOC/images/test2007/009835.jpg,1,1,0,1,0,0,1
/Users/shravach/Documents/IISc/4th sem/Intelligent ui/datasets/VOC/images/test2007/009837.jpg,1,0,0,1,1,0,-1
/Users/shravach/Documents/IISc/4th sem/Intelligent ui/datasets/VOC/images/test2007/009838.jpg,1,1,0,1,0,0,1
/Users/shravach/Documents/IISc/4th sem/Intelligent ui/datasets/VOC/images/test2007/009840.jpg,4,1,0,4,1,0,0
/Users/shravach/Documents/IISc/4th sem/Intelligent ui/datasets/VOC/images/test2007/009843.jpg,1,1,0,1,0,0,1
/Users/shravach/Documents/IISc/4th sem/Intelligent ui/datasets/VOC/images/test2007/009844.jpg,3,1,1,3,1,1,0
/Users/shravach/Documents/IISc/4th sem/Intelligent ui/datasets/VOC/images/test2007/009846.jpg,2,0,0,2,3,0,-3
/Users/shravach/Documents/IISc/4th sem/Intelligent ui/datasets/VOC/images/test2007/009847.jpg,3,2,0,3,1,0,1
/Users/shravach/Documents/IISc/4th sem/Intelligent ui/datasets/VOC/images/test2007/009849.jpg,1,0,0,1,0,0,0
/Users/shravach/Documents/IISc/4th sem/Intelligent ui/datasets/VOC/images/test2007/009850.jpg,3,1,1,4,0,0,2
/Users/shravach/Documents/IISc/4th sem/Intelligent ui/datasets/VOC/images/test2007/009853.jpg,2,2,0,2,3,0,-1
/Users/shravach/Documents/IISc/4th sem/Intelligent ui/datasets/VOC/images/test2007/009854.jpg,20,6,4,23,10,1,-1
/Users/shravach/Documents/IISc/4th sem/Intelligent ui/datasets/VOC/images/test2007/009856.jpg,3,0,0,3,0,0,0
/Users/shravach/Documents/IISc/4th sem/Intelligent ui/datasets/VOC/images/test2007/009857.jpg,1,0,1,1,1,1,-1
/Users/shravach/Documents/IISc/4th sem/Intelligent ui/datasets/VOC/images/test2007/009861.jpg,5,0,0,5,1,0,-1
/Users/shravach/Documents/IISc/4th sem/Intelligent ui/datasets/VOC/images/test2007/009864.jpg,1,0,0,1,0,0,0
/Users/shravach/Documents/IISc/4th sem/Intelligent ui/datasets/VOC/images/test2007/009866.jpg,1,0,0,1,0,0,0
/Users/shravach/Documents/IISc/4th sem/Intelligent ui/datasets/VOC/images/test2007/009871.jpg,4,2,0,4,2,0,0
/Users/shravach/Documents/IISc/4th sem/Intelligent ui/datasets/VOC/images/test2007/009873.jpg,1,0,0,1,0,0,0
/Users/shravach/Documents/IISc/4th sem/Intelligent ui/datasets/VOC/images/test2007/009875.jpg,1,0,1,2,1,0,0
/Users/shravach/Documents/IISc/4th sem/Intelligent ui/datasets/VOC/images/test2007/009876.jpg,1,0,0,1,1,0,-1
/Users/shravach/Documents/IISc/4th sem/Intelligent ui/datasets/VOC/images/test2007/009883.jpg,1,0,0,1,0,0,0
/Users/shravach/Documents/IISc/4th sem/Intelligent ui/datasets/VOC/images/test2007/009885.jpg,4,2,0,4,2,0,0
/Users/shravach/Documents/IISc/4th sem/Intelligent ui/datasets/VOC/images/test2007/009888.jpg,1,0,0,1,0,0,0
/Users/shravach/Documents/IISc/4th sem/Intelligent ui/datasets/VOC/images/test2007/009889.jpg,0,1,1,1,0,0,2
/Users/shravach/Documents/IISc/4th sem/Intelligent ui/datasets/VOC/images/test2007/009890.jpg,2,0,0,2,0,0,0
/Users/shravach/Documents/IISc/4th sem/Intelligent ui/datasets/VOC/images/test2007/009891.jpg,0,0,1,1,0,0,1
/Users/shravach/Documents/IISc/4th sem/Intelligent ui/datasets/VOC/images/test2007/009892.jpg,1,0,0,1,0,0,0
/Users/shravach/Documents/IISc/4th sem/Intelligent ui/datasets/VOC/images/test2007/009893.jpg,2,0,0,2,0,0,0
/Users/shravach/Documents/IISc/4th sem/Intelligent ui/datasets/VOC/images/test2007/009895.jpg,3,4,2,4,3,1,2
/Users/shravach/Documents/IISc/4th sem/Intelligent ui/datasets/VOC/images/test2007/009899.jpg,1,0,0,1,0,0,0
/Users/shravach/Documents/IISc/4th sem/Intelligent ui/datasets/VOC/images/test2007/009901.jpg,3,2,1,3,1,1,1
/Users/shravach/Documents/IISc/4th sem/Intelligent ui/datasets/VOC/images/test2007/009903.jpg,4,0,1,5,1,0,0
/Users/shravach/Documents/IISc/4th sem/Intelligent ui/datasets/VOC/images/test2007/009906.jpg,1,1,3,4,0,0,4
/Users/shravach/Documents/IISc/4th sem/Intelligent ui/datasets/VOC/images/test2007/009907.jpg,1,0,0,1,0,0,0
/Users/shravach/Documents/IISc/4th sem/Intelligent ui/datasets/VOC/images/test2007/009909.jpg,2,0,0,2,0,0,0
/Users/shravach/Documents/IISc/4th sem/Intelligent ui/datasets/VOC/images/test2007/009910.jpg,2,1,0,2,0,0,1
/Users/shravach/Documents/IISc/4th sem/Intelligent ui/datasets/VOC/images/test2007/009912.jpg,1,1,0,1,1,0,0
/Users/shravach/Documents/IISc/4th sem/Intelligent ui/datasets/VOC/images/test2007/009914.jpg,0,3,1,0,2,1,1
/Users/shravach/Documents/IISc/4th sem/Intelligent ui/datasets/VOC/images/test2007/009915.jpg,3,7,1,3,2,1,5
/Users/shravach/Documents/IISc/4th sem/Intelligent ui/datasets/VOC/images/test2007/009916.jpg,1,2,2,2,2,1,1
/Users/shravach/Documents/IISc/4th sem/Intelligent ui/datasets/VOC/images/test2007/009919.jpg,1,0,0,1,0,0,0
/Users/shravach/Documents/IISc/4th sem/Intelligent ui/datasets/VOC/images/test2007/009921.jpg,0,3,1,0,3,1,0
/Users/shravach/Documents/IISc/4th sem/Intelligent ui/datasets/VOC/images/test2007/009922.jpg,1,0,0,1,0,0,0
/Users/shravach/Documents/IISc/4th sem/Intelligent ui/datasets/VOC/images/test2007/009924.jpg,1,1,0,1,0,0,1
/Users/shravach/Documents/IISc/4th sem/Intelligent ui/datasets/VOC/images/test2007/009925.jpg,0,3,1,1,4,0,0
/Users/shravach/Documents/IISc/4th sem/Intelligent ui/datasets/VOC/images/test2007/009927.jpg,1,0,0,1,0,0,0
/Users/shravach/Documents/IISc/4th sem/Intelligent ui/datasets/VOC/images/test2007/009928.jpg,2,0,3,4,0,1,2
/Users/shravach/Documents/IISc/4th sem/Intelligent ui/datasets/VOC/images/test2007/009929.jpg,0,0,1,1,0,0,1
/Users/shravach/Documents/IISc/4th sem/Intelligent ui/datasets/VOC/images/test2007/009930.jpg,1,0,0,1,0,0,0
/Users/shravach/Documents/IISc/4th sem/Intelligent ui/datasets/VOC/images/test2007/009931.jpg,2,0,3,2,0,3,0
/Users/shravach/Documents/IISc/4th sem/Intelligent ui/datasets/VOC/images/test2007/009933.jpg,1,0,0,1,1,0,-1
/Users/shravach/Documents/IISc/4th sem/Intelligent ui/datasets/VOC/images/test2007/009934.jpg,1,0,0,1,0,0,0
/Users/shravach/Documents/IISc/4th sem/Intelligent ui/datasets/VOC/images/test2007/009936.jpg,1,0,0,1,0,0,0
/Users/shravach/Documents/IISc/4th sem/Intelligent ui/datasets/VOC/images/test2007/009937.jpg,0,2,2,1,0,1,3
/Users/shravach/Documents/IISc/4th sem/Intelligent ui/datasets/VOC/images/test2007/009941.jpg,6,1,3,7,0,2,2
/Users/shravach/Documents/IISc/4th sem/Intelligent ui/datasets/VOC/images/test2007/009943.jpg,1,0,0,1,1,0,-1
/Users/shravach/Documents/IISc/4th sem/Intelligent ui/datasets/VOC/images/test2007/009948.jpg,2,0,0,2,0,0,0
/Users/shravach/Documents/IISc/4th sem/Intelligent ui/datasets/VOC/images/test2007/009951.jpg,2,2,1,2,3,1,-1
/Users/shravach/Documents/IISc/4th sem/Intelligent ui/datasets/VOC/images/test2007/009952.jpg,1,0,0,1,0,0,0
/Users/shravach/Documents/IISc/4th sem/Intelligent ui/datasets/VOC/images/test2007/009953.jpg,1,0,0,1,0,0,0
/Users/shravach/Documents/IISc/4th sem/Intelligent ui/datasets/VOC/images/test2007/009956.jpg,1,0,0,1,0,0,0
/Users/shravach/Documents/IISc/4th sem/Intelligent ui/datasets/VOC/images/test2007/009957.jpg,2,0,0,2,0,0,0
/Users/shravach/Documents/IISc/4th sem/Intelligent ui/datasets/VOC/images/test2007/009960.jpg,2,0,0,2,2,0,-2
/Users/shravach/Documents/IISc/4th sem/Intelligent ui/datasets/VOC/images/test2007/009962.jpg,3,0,1,4,1,0,0
/Users/shravach/Documents/IISc/4th sem/Intelligent ui/datasets/VOC/images/test2007/009963.jpg,1,1,0,1,0,0,1
